occurrence_id,dataset_id,last_interpreted,accepted_scientific_name,species_id,species,kingdom,class,order,family,genus,taxon_rank,taxonomic_status,event_date,year,month,day,latitude,longitude,location_uncertainty_m,country_code,record_type,occurrence_status,issues,media_url
1344132279,4fa7b334-ce0d-4e88-aaae-2e0c138d049e,2026-07-18T18:04:54.819+00:00,"Sturnus vulgaris Linnaeus, 1758",9809229,Sturnus vulgaris,Animalia,Aves,Passeriformes,Sturnidae,Sturnus,SPECIES,ACCEPTED,2015-01-01,2015,1,1,47.135387,8.195087,,CH,HUMAN_OBSERVATION,PRESENT,"['CONTINENT_DERIVED_FROM_COORDINATES', 'TAXON_CONCEPT_ID_NOT_FOUND']",
1344135010,4fa7b334-ce0d-4e88-aaae-2e0c138d049e,2026-07-18T18:03:50.853+00:00,"Bucephala clangula (Linnaeus, 1758)",2498326,Bucephala clangula,Animalia,Aves,Anseriformes,Anatidae,Bucephala,SPECIES,ACCEPTED,2015-01-01,2015,1,1,47.120045,8.184954,,CH,HUMAN_OBSERVATION,PRESENT,"['CONTINENT_DERIVED_FROM_COORDINATES', 'TAXON_CONCEPT_ID_NOT_FOUND']",
1344135011,4fa7b334-ce0d-4e88-aaae-2e0c138d049e,2026-07-18T17:59:03.221+00:00,"Fringilla coelebs Linnaeus, 1758",2494422,Fringilla coelebs,Animalia,Aves,Passeriformes,Fringillidae,Fringilla,SPECIES,ACCEPTED,2015-01-01,2015,1,1,47.120045,8.184954,,CH,HUMAN_OBSERVATION,PRESENT,"['CONTINENT_DERIVED_FROM_COORDINATES', 'TAXON_CONCEPT_ID_NOT_FOUND']",
1344135012,4fa7b334-ce0d-4e88-aaae-2e0c138d049e,2026-07-18T18:05:48.439+00:00,"Aythya ferina (Linnaeus, 1758)",2498255,Aythya ferina,Animalia,Aves,Anseriformes,Anatidae,Aythya,SPECIES,ACCEPTED,2015-01-01,2015,1,1,47.120045,8.184954,,CH,HUMAN_OBSERVATION,PRESENT,"['CONTINENT_DERIVED_FROM_COORDINATES', 'TAXON_CONCEPT_ID_NOT_FOUND']",
1344135014,4fa7b334-ce0d-4e88-aaae-2e0c138d049e,2026-07-18T18:04:59.054+00:00,"Turdus merula Linnaeus, 1758",2490719,Turdus merula,Animalia,Aves,Passeriformes,Turdidae,Turdus,SPECIES,ACCEPTED,2015-01-01,2015,1,1,47.120045,8.184954,,CH,HUMAN_OBSERVATION,PRESENT,"['CONTINENT_DERIVED_FROM_COORDINATES', 'TAXON_CONCEPT_ID_NOT_FOUND']",
1344135015,4fa7b334-ce0d-4e88-aaae-2e0c138d049e,2026-07-18T18:02:29.769+00:00,"Cyanistes caeruleus (Linnaeus, 1758)",2487879,Cyanistes caeruleus,Animalia,Aves,Passeriformes,Paridae,Cyanistes,SPECIES,ACCEPTED,2015-01-01,2015,1,1,47.120045,8.184954,,CH,HUMAN_OBSERVATION,PRESENT,"['CONTINENT_DERIVED_FROM_COORDINATES', 'TAXON_CONCEPT_ID_NOT_FOUND']",
1344135020,4fa7b334-ce0d-4e88-aaae-2e0c138d049e,2026-07-18T18:00:11.753+00:00,"Chroicocephalus ridibundus (Linnaeus, 1766)",6065824,Chroicocephalus ridibundus,Animalia,Aves,Charadriiformes,Laridae,Chroicocephalus,SPECIES,ACCEPTED,2015-01-01,2015,1,1,47.120045,8.184954,,CH,HUMAN_OBSERVATION,PRESENT,"['CONTINENT_DERIVED_FROM_COORDINATES', 'TAXON_CONCEPT_ID_NOT_FOUND']",
1344135021,4fa7b334-ce0d-4e88-aaae-2e0c138d049e,2026-07-18T18:02:33.705+00:00,"Corvus corone Linnaeus, 1758",9409796,Corvus corone,Animalia,Aves,Passeriformes,Corvidae,Corvus,SPECIES,ACCEPTED,2015-01-01,2015,1,1,47.120045,8.184954,,CH,HUMAN_OBSERVATION,PRESENT,"['CONTINENT_DERIVED_FROM_COORDINATES', 'TAXON_CONCEPT_ID_NOT_FOUND']",
1344135024,4fa7b334-ce0d-4e88-aaae-2e0c138d049e,2026-07-18T17:58:52.979+00:00,"Fringilla montifringilla Linnaeus, 1758",2494441,Fringilla montifringilla,Animalia,Aves,Passeriformes,Fringillidae,Fringilla,SPECIES,ACCEPTED,2015-01-01,2015,1,1,47.120045,8.184954,,CH,HUMAN_OBSERVATION,PRESENT,"['CONTINENT_DERIVED_FROM_COORDINATES', 'TAXON_CONCEPT_ID_NOT_FOUND']",
1344135025,4fa7b334-ce0d-4e88-aaae-2e0c138d049e,2026-07-18T18:04:15.178+00:00,"Chloris chloris (Linnaeus, 1758)",5845582,Chloris chloris,Animalia,Aves,Passeriformes,Fringillidae,Chloris,SPECIES,ACCEPTED,2015-01-01,2015,1,1,47.120045,8.184954,,CH,HUMAN_OBSERVATION,PRESENT,"['CONTINENT_DERIVED_FROM_COORDINATES', 'TAXON_CONCEPT_ID_NOT_FOUND']",
1344135027,4fa7b334-ce0d-4e88-aaae-2e0c138d049e,2026-07-18T18:04:48.667+00:00,"Carduelis carduelis (Linnaeus, 1758)",2494686,Carduelis carduelis,Animalia,Aves,Passeriformes,Fringillidae,Carduelis,SPECIES,ACCEPTED,2015-01-01,2015,1,1,47.120045,8.184954,,CH,HUMAN_OBSERVATION,PRESENT,"['CONTINENT_DERIVED_FROM_COORDINATES', 'TAXON_CONCEPT_ID_NOT_FOUND']",
1344135028,4fa7b334-ce0d-4e88-aaae-2e0c138d049e,2026-07-18T18:00:59.617+00:00,"Fulica atra Linnaeus, 1758",2474377,Fulica atra,Animalia,Aves,Gruiformes,Rallidae,Fulica,SPECIES,ACCEPTED,2015-01-01,2015,1,1,47.120045,8.184954,,CH,HUMAN_OBSERVATION,PRESENT,"['CONTINENT_DERIVED_FROM_COORDINATES', 'TAXON_CONCEPT_ID_NOT_FOUND']",
1344135029,4fa7b334-ce0d-4e88-aaae-2e0c138d049e,2026-07-18T18:02:52.848+00:00,"Pica pica (Linnaeus, 1758)",5229490,Pica pica,Animalia,Aves,Passeriformes,Corvidae,Pica,SPECIES,ACCEPTED,2015-01-01,2015,1,1,47.120045,8.184954,,CH,HUMAN_OBSERVATION,PRESENT,"['CONTINENT_DERIVED_FROM_COORDINATES', 'TAXON_CONCEPT_ID_NOT_FOUND']",
1344135718,4fa7b334-ce0d-4e88-aaae-2e0c138d049e,2026-07-18T18:04:36.565+00:00,"Passer montanus (Linnaeus, 1758)",5231198,Passer montanus,Animalia,Aves,Passeriformes,Passeridae,Passer,SPECIES,ACCEPTED,2015-01-01,2015,1,1,47.120045,8.184954,,CH,HUMAN_OBSERVATION,PRESENT,"['CONTINENT_DERIVED_FROM_COORDINATES', 'TAXON_CONCEPT_ID_NOT_FOUND']",
1344135723,4fa7b334-ce0d-4e88-aaae-2e0c138d049e,2026-07-18T18:02:35.758+00:00,"Turdus pilaris Linnaeus, 1758",2490737,Turdus pilaris,Animalia,Aves,Passeriformes,Turdidae,Turdus,SPECIES,ACCEPTED,2015-01-01,2015,1,1,47.120045,8.184954,,CH,HUMAN_OBSERVATION,PRESENT,"['CONTINENT_DERIVED_FROM_COORDINATES', 'TAXON_CONCEPT_ID_NOT_FOUND']",
1344135726,4fa7b334-ce0d-4e88-aaae-2e0c138d049e,2026-07-18T18:05:22.060+00:00,"Erithacus rubecula (Linnaeus, 1758)",2492462,Erithacus rubecula,Animalia,Aves,Passeriformes,Muscicapidae,Erithacus,SPECIES,ACCEPTED,2015-01-01,2015,1,1,47.120045,8.184954,,CH,HUMAN_OBSERVATION,PRESENT,"['CONTINENT_DERIVED_FROM_COORDINATES', 'TAXON_CONCEPT_ID_NOT_FOUND']",
1344135732,4fa7b334-ce0d-4e88-aaae-2e0c138d049e,2026-07-18T18:05:50.837+00:00,"Sturnus vulgaris Linnaeus, 1758",9809229,Sturnus vulgaris,Animalia,Aves,Passeriformes,Sturnidae,Sturnus,SPECIES,ACCEPTED,2015-01-01,2015,1,1,47.120045,8.184954,,CH,HUMAN_OBSERVATION,PRESENT,"['CONTINENT_DERIVED_FROM_COORDINATES', 'TAXON_CONCEPT_ID_NOT_FOUND']",
1344135736,4fa7b334-ce0d-4e88-aaae-2e0c138d049e,2026-07-18T18:01:24.285+00:00,"Anas platyrhynchos Linnaeus, 1758",9761484,Anas platyrhynchos,Animalia,Aves,Anseriformes,Anatidae,Anas,SPECIES,ACCEPTED,2015-01-01,2015,1,1,47.120045,8.184954,,CH,HUMAN_OBSERVATION,PRESENT,"['CONTINENT_DERIVED_FROM_COORDINATES', 'TAXON_CONCEPT_ID_NOT_FOUND']",
1344135737,4fa7b334-ce0d-4e88-aaae-2e0c138d049e,2026-07-18T17:59:10.201+00:00,"Podiceps cristatus (Linnaeus, 1758)",2482054,Podiceps cristatus,Animalia,Aves,Podicipediformes,Podicipedidae,Podiceps,SPECIES,ACCEPTED,2015-01-01,2015,1,1,47.120045,8.184954,,CH,HUMAN_OBSERVATION,PRESENT,"['CONTINENT_DERIVED_FROM_COORDINATES', 'TAXON_CONCEPT_ID_NOT_FOUND']",
1344135738,4fa7b334-ce0d-4e88-aaae-2e0c138d049e,2026-07-18T17:59:32.130+00:00,"Tachybaptus ruficollis (Pallas, 1764)",2482048,Tachybaptus ruficollis,Animalia,Aves,Podicipediformes,Podicipedidae,Tachybaptus,SPECIES,ACCEPTED,2015-01-01,2015,1,1,47.120045,8.184954,,CH,HUMAN_OBSERVATION,PRESENT,"['CONTINENT_DERIVED_FROM_COORDINATES', 'TAXON_CONCEPT_ID_NOT_FOUND']",
1344135739,4fa7b334-ce0d-4e88-aaae-2e0c138d049e,2026-07-18T18:01:07.487+00:00,"Parus major Linnaeus, 1758",9705453,Parus major,Animalia,Aves,Passeriformes,Paridae,Parus,SPECIES,ACCEPTED,2015-01-01,2015,1,1,47.120045,8.184954,,CH,HUMAN_OBSERVATION,PRESENT,"['CONTINENT_DERIVED_FROM_COORDINATES', 'TAXON_CONCEPT_ID_NOT_FOUND']",
1344135740,4fa7b334-ce0d-4e88-aaae-2e0c138d049e,2026-07-18T18:05:08.007+00:00,"Mareca strepera (Linnaeus, 1758)",9362027,Mareca strepera,Animalia,Aves,Anseriformes,Anatidae,Mareca,SPECIES,ACCEPTED,2015-01-01,2015,1,1,47.120045,8.184954,,CH,HUMAN_OBSERVATION,PRESENT,"['CONTINENT_DERIVED_FROM_COORDINATES', 'TAXON_CONCEPT_ID_NOT_FOUND']",
1344135741,4fa7b334-ce0d-4e88-aaae-2e0c138d049e,2026-07-18T18:00:52.111+00:00,"Phalacrocorax carbo (Linnaeus, 1758)",2481890,Phalacrocorax carbo,Animalia,Aves,Suliformes,Phalacrocoracidae,Phalacrocorax,SPECIES,ACCEPTED,2015-01-01,2015,1,1,47.120045,8.184954,,CH,HUMAN_OBSERVATION,PRESENT,"['CONTINENT_DERIVED_FROM_COORDINATES', 'TAXON_CONCEPT_ID_NOT_FOUND']",
1344135742,4fa7b334-ce0d-4e88-aaae-2e0c138d049e,2026-07-18T18:02:31.100+00:00,"Motacilla cinerea Tunstall, 1771",2490310,Motacilla cinerea,Animalia,Aves,Passeriformes,Motacillidae,Motacilla,SPECIES,ACCEPTED,2015-01-01,2015,1,1,47.120045,8.184954,,CH,HUMAN_OBSERVATION,PRESENT,"['CONTINENT_DERIVED_FROM_COORDINATES', 'TAXON_CONCEPT_ID_NOT_FOUND']",
1344135744,4fa7b334-ce0d-4e88-aaae-2e0c138d049e,2026-07-18T18:02:33.409+00:00,"Ardea cinerea Linnaeus, 1758",9797180,Ardea cinerea,Animalia,Aves,Pelecaniformes,Ardeidae,Ardea,SPECIES,ACCEPTED,2015-01-01,2015,1,1,47.120045,8.184954,,CH,HUMAN_OBSERVATION,PRESENT,"['CONTINENT_DERIVED_FROM_COORDINATES', 'TAXON_CONCEPT_ID_NOT_FOUND']",
1344135745,4fa7b334-ce0d-4e88-aaae-2e0c138d049e,2026-07-18T18:00:30.911+00:00,"Larus michahellis J.F.Naumann, 1840",9413670,Larus michahellis,Animalia,Aves,Charadriiformes,Laridae,Larus,SPECIES,ACCEPTED,2015-01-01,2015,1,1,47.120045,8.184954,,CH,HUMAN_OBSERVATION,PRESENT,"['CONTINENT_DERIVED_FROM_COORDINATES', 'TAXON_CONCEPT_ID_NOT_FOUND']",
1344135747,4fa7b334-ce0d-4e88-aaae-2e0c138d049e,2026-07-18T18:00:07.391+00:00,"Poecile palustris (Linnaeus, 1758)",2487843,Poecile palustris,Animalia,Aves,Passeriformes,Paridae,Poecile,SPECIES,ACCEPTED,2015-01-01,2015,1,1,47.120045,8.184954,,CH,HUMAN_OBSERVATION,PRESENT,"['CONTINENT_DERIVED_FROM_COORDINATES', 'TAXON_CONCEPT_ID_NOT_FOUND']",
1344135748,4fa7b334-ce0d-4e88-aaae-2e0c138d049e,2026-07-18T18:04:42.267+00:00,"Cygnus olor (J.F.Gmelin, 1789)",2498343,Cygnus olor,Animalia,Aves,Anseriformes,Anatidae,Cygnus,SPECIES,ACCEPTED,2015-01-01,2015,1,1,47.120045,8.184954,,CH,HUMAN_OBSERVATION,PRESENT,"['CONTINENT_DERIVED_FROM_COORDINATES', 'TAXON_CONCEPT_ID_NOT_FOUND']",
1344135749,4fa7b334-ce0d-4e88-aaae-2e0c138d049e,2026-07-18T18:01:14.133+00:00,"Troglodytes troglodytes (Linnaeus, 1758)",5231438,Troglodytes troglodytes,Animalia,Aves,Passeriformes,Troglodytidae,Troglodytes,SPECIES,ACCEPTED,2015-01-01,2015,1,1,47.120045,8.184954,,CH,HUMAN_OBSERVATION,PRESENT,"['CONTINENT_DERIVED_FROM_COORDINATES', 'TAXON_CONCEPT_ID_NOT_FOUND']",
1344135750,4fa7b334-ce0d-4e88-aaae-2e0c138d049e,2026-07-18T17:59:42.300+00:00,"Larus canus Linnaeus, 1758",7982160,Larus canus,Animalia,Aves,Charadriiformes,Laridae,Larus,SPECIES,ACCEPTED,2015-01-01,2015,1,1,47.120045,8.184954,,CH,HUMAN_OBSERVATION,PRESENT,"['CONTINENT_DERIVED_FROM_COORDINATES', 'TAXON_CONCEPT_ID_NOT_FOUND']",
1344135752,4fa7b334-ce0d-4e88-aaae-2e0c138d049e,2026-07-18T18:00:51.500+00:00,"Rallus aquaticus Linnaeus, 1758",2474831,Rallus aquaticus,Animalia,Aves,Gruiformes,Rallidae,Rallus,SPECIES,ACCEPTED,2015-01-01,2015,1,1,47.120045,8.184954,,CH,HUMAN_OBSERVATION,PRESENT,"['CONTINENT_DERIVED_FROM_COORDINATES', 'TAXON_CONCEPT_ID_NOT_FOUND']",
1344135784,4fa7b334-ce0d-4e88-aaae-2e0c138d049e,2026-07-18T17:59:16.190+00:00,"Dryocopus martius (Linnaeus, 1758)",2477872,Dryocopus martius,Animalia,Aves,Piciformes,Picidae,Dryocopus,SPECIES,ACCEPTED,2015-01-01,2015,1,1,46.760902,7.426272,,CH,HUMAN_OBSERVATION,PRESENT,"['COORDINATE_ROUNDED', 'CONTINENT_DERIVED_FROM_COORDINATES', 'TAXON_CONCEPT_ID_NOT_FOUND']",
1344135785,4fa7b334-ce0d-4e88-aaae-2e0c138d049e,2026-07-18T17:59:36.141+00:00,"Fringilla coelebs Linnaeus, 1758",2494422,Fringilla coelebs,Animalia,Aves,Passeriformes,Fringillidae,Fringilla,SPECIES,ACCEPTED,2015-01-01,2015,1,1,46.760902,7.426272,,CH,HUMAN_OBSERVATION,PRESENT,"['COORDINATE_ROUNDED', 'CONTINENT_DERIVED_FROM_COORDINATES', 'TAXON_CONCEPT_ID_NOT_FOUND']",
1344135788,4fa7b334-ce0d-4e88-aaae-2e0c138d049e,2026-07-18T18:01:40.647+00:00,"Cyanistes caeruleus (Linnaeus, 1758)",2487879,Cyanistes caeruleus,Animalia,Aves,Passeriformes,Paridae,Cyanistes,SPECIES,ACCEPTED,2015-01-01,2015,1,1,46.760902,7.426272,,CH,HUMAN_OBSERVATION,PRESENT,"['COORDINATE_ROUNDED', 'CONTINENT_DERIVED_FROM_COORDINATES', 'TAXON_CONCEPT_ID_NOT_FOUND']",
1344135789,4fa7b334-ce0d-4e88-aaae-2e0c138d049e,2026-07-18T18:00:30.200+00:00,"Fringilla montifringilla Linnaeus, 1758",2494441,Fringilla montifringilla,Animalia,Aves,Passeriformes,Fringillidae,Fringilla,SPECIES,ACCEPTED,2015-01-01,2015,1,1,46.760902,7.426272,,CH,HUMAN_OBSERVATION,PRESENT,"['COORDINATE_ROUNDED', 'CONTINENT_DERIVED_FROM_COORDINATES', 'TAXON_CONCEPT_ID_NOT_FOUND']",
1344135790,4fa7b334-ce0d-4e88-aaae-2e0c138d049e,2026-07-18T18:04:17.602+00:00,"Turdus merula Linnaeus, 1758",2490719,Turdus merula,Animalia,Aves,Passeriformes,Turdidae,Turdus,SPECIES,ACCEPTED,2015-01-01,2015,1,1,46.760902,7.426272,,CH,HUMAN_OBSERVATION,PRESENT,"['COORDINATE_ROUNDED', 'CONTINENT_DERIVED_FROM_COORDINATES', 'TAXON_CONCEPT_ID_NOT_FOUND']",
1344135799,4fa7b334-ce0d-4e88-aaae-2e0c138d049e,2026-07-18T18:04:58.696+00:00,"Pyrrhula pyrrhula (Linnaeus, 1758)",2494543,Pyrrhula pyrrhula,Animalia,Aves,Passeriformes,Fringillidae,Pyrrhula,SPECIES,ACCEPTED,2015-01-01,2015,1,1,46.760902,7.426272,,CH,HUMAN_OBSERVATION,PRESENT,"['COORDINATE_ROUNDED', 'CONTINENT_DERIVED_FROM_COORDINATES', 'TAXON_CONCEPT_ID_NOT_FOUND']",
1344135800,4fa7b334-ce0d-4e88-aaae-2e0c138d049e,2026-07-18T18:03:16.587+00:00,"Spinus spinus (Linnaeus, 1758)",6092830,Spinus spinus,Animalia,Aves,Passeriformes,Fringillidae,Spinus,SPECIES,ACCEPTED,2015-01-01,2015,1,1,46.760902,7.426272,,CH,HUMAN_OBSERVATION,PRESENT,"['COORDINATE_ROUNDED', 'CONTINENT_DERIVED_FROM_COORDINATES', 'TAXON_CONCEPT_ID_NOT_FOUND']",
1344135805,4fa7b334-ce0d-4e88-aaae-2e0c138d049e,2026-07-18T18:05:57.911+00:00,"Regulus regulus (Linnaeus, 1758)",2484596,Regulus regulus,Animalia,Aves,Passeriformes,Regulidae,Regulus,SPECIES,ACCEPTED,2015-01-01,2015,1,1,46.760902,7.426272,,CH,HUMAN_OBSERVATION,PRESENT,"['COORDINATE_ROUNDED', 'CONTINENT_DERIVED_FROM_COORDINATES', 'TAXON_CONCEPT_ID_NOT_FOUND']",
1344135810,4fa7b334-ce0d-4e88-aaae-2e0c138d049e,2026-07-18T17:59:46.955+00:00,"Parus major Linnaeus, 1758",9705453,Parus major,Animalia,Aves,Passeriformes,Paridae,Parus,SPECIES,ACCEPTED,2015-01-01,2015,1,1,46.760902,7.426272,,CH,HUMAN_OBSERVATION,PRESENT,"['COORDINATE_ROUNDED', 'CONTINENT_DERIVED_FROM_COORDINATES', 'TAXON_CONCEPT_ID_NOT_FOUND']",
1344135811,4fa7b334-ce0d-4e88-aaae-2e0c138d049e,2026-07-18T18:03:12.783+00:00,"Loxia curvirostra Linnaeus, 1758",9629160,Loxia curvirostra,Animalia,Aves,Passeriformes,Fringillidae,Loxia,SPECIES,ACCEPTED,2015-01-01,2015,1,1,46.760902,7.426272,,CH,HUMAN_OBSERVATION,PRESENT,"['COORDINATE_ROUNDED', 'CONTINENT_DERIVED_FROM_COORDINATES', 'TAXON_CONCEPT_ID_NOT_FOUND']",
1344203926,4fa7b334-ce0d-4e88-aaae-2e0c138d049e,2026-07-18T18:00:36.505+00:00,"Corvus corone Linnaeus, 1758",9409796,Corvus corone,Animalia,Aves,Passeriformes,Corvidae,Corvus,SPECIES,ACCEPTED,2015-01-01,2015,1,1,47.67452,9.103804,,CH,HUMAN_OBSERVATION,PRESENT,"['CONTINENT_DERIVED_FROM_COORDINATES', 'TAXON_CONCEPT_ID_NOT_FOUND']",
1344203930,4fa7b334-ce0d-4e88-aaae-2e0c138d049e,2026-07-18T18:03:31.896+00:00,"Cyanistes caeruleus (Linnaeus, 1758)",2487879,Cyanistes caeruleus,Animalia,Aves,Passeriformes,Paridae,Cyanistes,SPECIES,ACCEPTED,2015-01-01,2015,1,1,47.67452,9.103804,,CH,HUMAN_OBSERVATION,PRESENT,"['CONTINENT_DERIVED_FROM_COORDINATES', 'TAXON_CONCEPT_ID_NOT_FOUND']",
1344203932,4fa7b334-ce0d-4e88-aaae-2e0c138d049e,2026-07-18T18:04:18.106+00:00,"Larus cachinnans Pallas, 1811",2481181,Larus cachinnans,Animalia,Aves,Charadriiformes,Laridae,Larus,SPECIES,ACCEPTED,2015-01-01,2015,1,1,47.67452,9.103804,,CH,HUMAN_OBSERVATION,PRESENT,"['CONTINENT_DERIVED_FROM_COORDINATES', 'TAXON_CONCEPT_ID_NOT_FOUND']",
1344203938,4fa7b334-ce0d-4e88-aaae-2e0c138d049e,2026-07-18T18:00:29.793+00:00,"Sturnus vulgaris Linnaeus, 1758",9809229,Sturnus vulgaris,Animalia,Aves,Passeriformes,Sturnidae,Sturnus,SPECIES,ACCEPTED,2015-01-01,2015,1,1,47.67452,9.103804,,CH,HUMAN_OBSERVATION,PRESENT,"['CONTINENT_DERIVED_FROM_COORDINATES', 'TAXON_CONCEPT_ID_NOT_FOUND']",
1344203939,4fa7b334-ce0d-4e88-aaae-2e0c138d049e,2026-07-18T18:01:23.331+00:00,"Erithacus rubecula (Linnaeus, 1758)",2492462,Erithacus rubecula,Animalia,Aves,Passeriformes,Muscicapidae,Erithacus,SPECIES,ACCEPTED,2015-01-01,2015,1,1,47.67452,9.103804,,CH,HUMAN_OBSERVATION,PRESENT,"['CONTINENT_DERIVED_FROM_COORDINATES', 'TAXON_CONCEPT_ID_NOT_FOUND']",
1344203940,4fa7b334-ce0d-4e88-aaae-2e0c138d049e,2026-07-18T18:05:56.546+00:00,"Streptopelia decaocto (Frivaldszky, 1838)",2495696,Streptopelia decaocto,Animalia,Aves,Columbiformes,Columbidae,Streptopelia,SPECIES,ACCEPTED,2015-01-01,2015,1,1,47.67452,9.103804,,CH,HUMAN_OBSERVATION,PRESENT,"['CONTINENT_DERIVED_FROM_COORDINATES', 'TAXON_CONCEPT_ID_NOT_FOUND']",
1344203941,4fa7b334-ce0d-4e88-aaae-2e0c138d049e,2026-07-18T17:59:35.894+00:00,"Fulica atra Linnaeus, 1758",2474377,Fulica atra,Animalia,Aves,Gruiformes,Rallidae,Fulica,SPECIES,ACCEPTED,2015-01-01,2015,1,1,47.67452,9.103804,,CH,HUMAN_OBSERVATION,PRESENT,"['CONTINENT_DERIVED_FROM_COORDINATES', 'TAXON_CONCEPT_ID_NOT_FOUND']",
1344203942,4fa7b334-ce0d-4e88-aaae-2e0c138d049e,2026-07-18T18:01:58.678+00:00,"Fringilla coelebs Linnaeus, 1758",2494422,Fringilla coelebs,Animalia,Aves,Passeriformes,Fringillidae,Fringilla,SPECIES,ACCEPTED,2015-01-01,2015,1,1,47.67452,9.103804,,CH,HUMAN_OBSERVATION,PRESENT,"['CONTINENT_DERIVED_FROM_COORDINATES', 'TAXON_CONCEPT_ID_NOT_FOUND']",
1344203943,4fa7b334-ce0d-4e88-aaae-2e0c138d049e,2026-07-18T18:02:12.161+00:00,"Podiceps nigricollis C.L.Brehm, 1831",2482065,Podiceps nigricollis,Animalia,Aves,Podicipediformes,Podicipedidae,Podiceps,SPECIES,ACCEPTED,2015-01-01,2015,1,1,47.67452,9.103804,,CH,HUMAN_OBSERVATION,PRESENT,"['CONTINENT_DERIVED_FROM_COORDINATES', 'TAXON_CONCEPT_ID_NOT_FOUND']",
1344203945,4fa7b334-ce0d-4e88-aaae-2e0c138d049e,2026-07-18T18:00:10.722+00:00,"Chroicocephalus ridibundus (Linnaeus, 1766)",6065824,Chroicocephalus ridibundus,Animalia,Aves,Charadriiformes,Laridae,Chroicocephalus,SPECIES,ACCEPTED,2015-01-01,2015,1,1,47.67452,9.103804,,CH,HUMAN_OBSERVATION,PRESENT,"['CONTINENT_DERIVED_FROM_COORDINATES', 'TAXON_CONCEPT_ID_NOT_FOUND']",
1344203948,4fa7b334-ce0d-4e88-aaae-2e0c138d049e,2026-07-18T18:00:07.528+00:00,"Buteo buteo (Linnaeus, 1758)",2480537,Buteo buteo,Animalia,Aves,Accipitriformes,Accipitridae,Buteo,SPECIES,ACCEPTED,2015-01-01,2015,1,1,47.67452,9.103804,,CH,HUMAN_OBSERVATION,PRESENT,"['CONTINENT_DERIVED_FROM_COORDINATES', 'TAXON_CONCEPT_ID_NOT_FOUND']",
1344203951,4fa7b334-ce0d-4e88-aaae-2e0c138d049e,2026-07-18T18:01:03.855+00:00,"Mergus merganser Linnaeus, 1758",9537647,Mergus merganser,Animalia,Aves,Anseriformes,Anatidae,Mergus,SPECIES,ACCEPTED,2015-01-01,2015,1,1,47.67452,9.103804,,CH,HUMAN_OBSERVATION,PRESENT,"['CONTINENT_DERIVED_FROM_COORDINATES', 'TAXON_CONCEPT_ID_NOT_FOUND']",
1344203952,4fa7b334-ce0d-4e88-aaae-2e0c138d049e,2026-07-18T18:03:19.877+00:00,"Turdus merula Linnaeus, 1758",2490719,Turdus merula,Animalia,Aves,Passeriformes,Turdidae,Turdus,SPECIES,ACCEPTED,2015-01-01,2015,1,1,47.67452,9.103804,,CH,HUMAN_OBSERVATION,PRESENT,"['CONTINENT_DERIVED_FROM_COORDINATES', 'TAXON_CONCEPT_ID_NOT_FOUND']",
1344203954,4fa7b334-ce0d-4e88-aaae-2e0c138d049e,2026-07-18T18:03:34.146+00:00,"Alcedo atthis (Linnaeus, 1758)",2475532,Alcedo atthis,Animalia,Aves,Coraciiformes,Alcedinidae,Alcedo,SPECIES,ACCEPTED,2015-01-01,2015,1,1,47.67452,9.103804,,CH,HUMAN_OBSERVATION,PRESENT,"['CONTINENT_DERIVED_FROM_COORDINATES', 'TAXON_CONCEPT_ID_NOT_FOUND']",
1344203955,4fa7b334-ce0d-4e88-aaae-2e0c138d049e,2026-07-18T18:00:11.736+00:00,"Aythya ferina (Linnaeus, 1758)",2498255,Aythya ferina,Animalia,Aves,Anseriformes,Anatidae,Aythya,SPECIES,ACCEPTED,2015-01-01,2015,1,1,47.67452,9.103804,,CH,HUMAN_OBSERVATION,PRESENT,"['CONTINENT_DERIVED_FROM_COORDINATES', 'TAXON_CONCEPT_ID_NOT_FOUND']",
1344204945,4fa7b334-ce0d-4e88-aaae-2e0c138d049e,2026-07-18T18:05:19.777+00:00,"Mareca strepera (Linnaeus, 1758)",9362027,Mareca strepera,Animalia,Aves,Anseriformes,Anatidae,Mareca,SPECIES,ACCEPTED,2015-01-01,2015,1,1,47.67452,9.103804,,CH,HUMAN_OBSERVATION,PRESENT,"['CONTINENT_DERIVED_FROM_COORDINATES', 'TAXON_CONCEPT_ID_NOT_FOUND']",
1344204946,4fa7b334-ce0d-4e88-aaae-2e0c138d049e,2026-07-18T18:03:36.707+00:00,"Anas platyrhynchos Linnaeus, 1758",9761484,Anas platyrhynchos,Animalia,Aves,Anseriformes,Anatidae,Anas,SPECIES,ACCEPTED,2015-01-01,2015,1,1,47.67452,9.103804,,CH,HUMAN_OBSERVATION,PRESENT,"['CONTINENT_DERIVED_FROM_COORDINATES', 'TAXON_CONCEPT_ID_NOT_FOUND']",
1344204947,4fa7b334-ce0d-4e88-aaae-2e0c138d049e,2026-07-18T18:00:35.096+00:00,"Motacilla cinerea Tunstall, 1771",2490310,Motacilla cinerea,Animalia,Aves,Passeriformes,Motacillidae,Motacilla,SPECIES,ACCEPTED,2015-01-01,2015,1,1,47.67452,9.103804,,CH,HUMAN_OBSERVATION,PRESENT,"['CONTINENT_DERIVED_FROM_COORDINATES', 'TAXON_CONCEPT_ID_NOT_FOUND']",
1344204948,4fa7b334-ce0d-4e88-aaae-2e0c138d049e,2026-07-18T18:05:20.953+00:00,"Aythya marila (Linnaeus, 1761)",2498265,Aythya marila,Animalia,Aves,Anseriformes,Anatidae,Aythya,SPECIES,ACCEPTED,2015-01-01,2015,1,1,47.67452,9.103804,,CH,HUMAN_OBSERVATION,PRESENT,"['CONTINENT_DERIVED_FROM_COORDINATES', 'TAXON_CONCEPT_ID_NOT_FOUND']",
1344204949,4fa7b334-ce0d-4e88-aaae-2e0c138d049e,2026-07-18T18:03:35.252+00:00,"Tachybaptus ruficollis (Pallas, 1764)",2482048,Tachybaptus ruficollis,Animalia,Aves,Podicipediformes,Podicipedidae,Tachybaptus,SPECIES,ACCEPTED,2015-01-01,2015,1,1,47.67452,9.103804,,CH,HUMAN_OBSERVATION,PRESENT,"['CONTINENT_DERIVED_FROM_COORDINATES', 'TAXON_CONCEPT_ID_NOT_FOUND']",
1344204950,4fa7b334-ce0d-4e88-aaae-2e0c138d049e,2026-07-18T17:59:14.066+00:00,"Anthus pratensis (Linnaeus, 1758)",2490266,Anthus pratensis,Animalia,Aves,Passeriformes,Motacillidae,Anthus,SPECIES,ACCEPTED,2015-01-01,2015,1,1,47.67452,9.103804,,CH,HUMAN_OBSERVATION,PRESENT,"['CONTINENT_DERIVED_FROM_COORDINATES', 'TAXON_CONCEPT_ID_NOT_FOUND']",
1344204951,4fa7b334-ce0d-4e88-aaae-2e0c138d049e,2026-07-18T18:01:13.412+00:00,"Cygnus olor (J.F.Gmelin, 1789)",2498343,Cygnus olor,Animalia,Aves,Anseriformes,Anatidae,Cygnus,SPECIES,ACCEPTED,2015-01-01,2015,1,1,47.67452,9.103804,,CH,HUMAN_OBSERVATION,PRESENT,"['CONTINENT_DERIVED_FROM_COORDINATES', 'TAXON_CONCEPT_ID_NOT_FOUND']",
1344204952,4fa7b334-ce0d-4e88-aaae-2e0c138d049e,2026-07-18T18:04:38.815+00:00,"Passer domesticus (Linnaeus, 1758)",5231190,Passer domesticus,Animalia,Aves,Passeriformes,Passeridae,Passer,SPECIES,ACCEPTED,2015-01-01,2015,1,1,47.67452,9.103804,,CH,HUMAN_OBSERVATION,PRESENT,"['CONTINENT_DERIVED_FROM_COORDINATES', 'TAXON_CONCEPT_ID_NOT_FOUND']",
1344204953,4fa7b334-ce0d-4e88-aaae-2e0c138d049e,2026-07-18T18:02:23.229+00:00,"Podiceps cristatus (Linnaeus, 1758)",2482054,Podiceps cristatus,Animalia,Aves,Podicipediformes,Podicipedidae,Podiceps,SPECIES,ACCEPTED,2015-01-01,2015,1,1,47.67452,9.103804,,CH,HUMAN_OBSERVATION,PRESENT,"['CONTINENT_DERIVED_FROM_COORDINATES', 'TAXON_CONCEPT_ID_NOT_FOUND']",
1344204954,4fa7b334-ce0d-4e88-aaae-2e0c138d049e,2026-07-18T18:05:11.076+00:00,"Larus canus Linnaeus, 1758",7982160,Larus canus,Animalia,Aves,Charadriiformes,Laridae,Larus,SPECIES,ACCEPTED,2015-01-01,2015,1,1,47.67452,9.103804,,CH,HUMAN_OBSERVATION,PRESENT,"['CONTINENT_DERIVED_FROM_COORDINATES', 'TAXON_CONCEPT_ID_NOT_FOUND']",
1344204955,4fa7b334-ce0d-4e88-aaae-2e0c138d049e,2026-07-18T18:00:12.426+00:00,"Parus major Linnaeus, 1758",9705453,Parus major,Animalia,Aves,Passeriformes,Paridae,Parus,SPECIES,ACCEPTED,2015-01-01,2015,1,1,47.67452,9.103804,,CH,HUMAN_OBSERVATION,PRESENT,"['CONTINENT_DERIVED_FROM_COORDINATES', 'TAXON_CONCEPT_ID_NOT_FOUND']",
1344204956,4fa7b334-ce0d-4e88-aaae-2e0c138d049e,2026-07-18T18:06:10.698+00:00,"Phalacrocorax carbo (Linnaeus, 1758)",2481890,Phalacrocorax carbo,Animalia,Aves,Suliformes,Phalacrocoracidae,Phalacrocorax,SPECIES,ACCEPTED,2015-01-01,2015,1,1,47.67452,9.103804,,CH,HUMAN_OBSERVATION,PRESENT,"['CONTINENT_DERIVED_FROM_COORDINATES', 'TAXON_CONCEPT_ID_NOT_FOUND']",
1344204957,4fa7b334-ce0d-4e88-aaae-2e0c138d049e,2026-07-18T18:01:05.822+00:00,"Circus cyaneus (Linnaeus, 1766)",2480487,Circus cyaneus,Animalia,Aves,Accipitriformes,Accipitridae,Circus,SPECIES,ACCEPTED,2015-01-01,2015,1,1,47.67452,9.103804,,CH,HUMAN_OBSERVATION,PRESENT,"['CONTINENT_DERIVED_FROM_COORDINATES', 'TAXON_CONCEPT_ID_NOT_FOUND']",
1344204958,4fa7b334-ce0d-4e88-aaae-2e0c138d049e,2026-07-18T18:03:53.525+00:00,"Aythya fuligula (Linnaeus, 1758)",2498261,Aythya fuligula,Animalia,Aves,Anseriformes,Anatidae,Aythya,SPECIES,ACCEPTED,2015-01-01,2015,1,1,47.67452,9.103804,,CH,HUMAN_OBSERVATION,PRESENT,"['CONTINENT_DERIVED_FROM_COORDINATES', 'TAXON_CONCEPT_ID_NOT_FOUND']",
1344204959,4fa7b334-ce0d-4e88-aaae-2e0c138d049e,2026-07-18T18:03:06.881+00:00,"Tadorna ferruginea (Pallas, 1764)",2498015,Tadorna ferruginea,Animalia,Aves,Anseriformes,Anatidae,Tadorna,SPECIES,ACCEPTED,2015-01-01,2015,1,1,47.67452,9.103804,,CH,HUMAN_OBSERVATION,PRESENT,"['CONTINENT_DERIVED_FROM_COORDINATES', 'TAXON_CONCEPT_ID_NOT_FOUND']",
1344204960,4fa7b334-ce0d-4e88-aaae-2e0c138d049e,2026-07-18T17:58:55.331+00:00,"Motacilla alba Linnaeus, 1758",9687165,Motacilla alba,Animalia,Aves,Passeriformes,Motacillidae,Motacilla,SPECIES,ACCEPTED,2015-01-01,2015,1,1,47.67452,9.103804,,CH,HUMAN_OBSERVATION,PRESENT,"['CONTINENT_DERIVED_FROM_COORDINATES', 'TAXON_CONCEPT_ID_NOT_FOUND']",
1344204961,4fa7b334-ce0d-4e88-aaae-2e0c138d049e,2026-07-18T18:01:34.790+00:00,"Mergus serrator Linnaeus, 1758",2498375,Mergus serrator,Animalia,Aves,Anseriformes,Anatidae,Mergus,SPECIES,ACCEPTED,2015-01-01,2015,1,1,47.67452,9.103804,,CH,HUMAN_OBSERVATION,PRESENT,"['CONTINENT_DERIVED_FROM_COORDINATES', 'TAXON_CONCEPT_ID_NOT_FOUND']",
1344204964,4fa7b334-ce0d-4e88-aaae-2e0c138d049e,2026-07-18T18:00:46.169+00:00,"Cygnus cygnus (Linnaeus, 1758)",2498347,Cygnus cygnus,Animalia,Aves,Anseriformes,Anatidae,Cygnus,SPECIES,ACCEPTED,2015-01-01,2015,1,1,47.67452,9.103804,,CH,HUMAN_OBSERVATION,PRESENT,"['CONTINENT_DERIVED_FROM_COORDINATES', 'TAXON_CONCEPT_ID_NOT_FOUND']",
1344204965,4fa7b334-ce0d-4e88-aaae-2e0c138d049e,2026-07-18T18:04:59.303+00:00,"Milvus milvus (Linnaeus, 1758)",5229168,Milvus milvus,Animalia,Aves,Accipitriformes,Accipitridae,Milvus,SPECIES,ACCEPTED,2015-01-01,2015,1,1,47.67452,9.103804,,CH,HUMAN_OBSERVATION,PRESENT,"['CONTINENT_DERIVED_FROM_COORDINATES', 'TAXON_CONCEPT_ID_NOT_FOUND']",
1344204966,4fa7b334-ce0d-4e88-aaae-2e0c138d049e,2026-07-18T18:04:10.305+00:00,"Netta rufina (Pallas, 1773)",2498180,Netta rufina,Animalia,Aves,Anseriformes,Anatidae,Netta,SPECIES,ACCEPTED,2015-01-01,2015,1,1,47.67452,9.103804,,CH,HUMAN_OBSERVATION,PRESENT,"['CONTINENT_DERIVED_FROM_COORDINATES', 'TAXON_CONCEPT_ID_NOT_FOUND']",
1344204968,4fa7b334-ce0d-4e88-aaae-2e0c138d049e,2026-07-18T18:00:17.518+00:00,"Larus michahellis J.F.Naumann, 1840",9413670,Larus michahellis,Animalia,Aves,Charadriiformes,Laridae,Larus,SPECIES,ACCEPTED,2015-01-01,2015,1,1,47.67452,9.103804,,CH,HUMAN_OBSERVATION,PRESENT,"['CONTINENT_DERIVED_FROM_COORDINATES', 'TAXON_CONCEPT_ID_NOT_FOUND']",
1344669066,4fa7b334-ce0d-4e88-aaae-2e0c138d049e,2026-07-18T18:04:24.669+00:00,"Anas platyrhynchos Linnaeus, 1758",9761484,Anas platyrhynchos,Animalia,Aves,Anseriformes,Anatidae,Anas,SPECIES,ACCEPTED,2015-01-04,2015,1,4,46.507374,6.535472,,CH,HUMAN_OBSERVATION,PRESENT,"['CONTINENT_DERIVED_FROM_COORDINATES', 'TAXON_CONCEPT_ID_NOT_FOUND']",
1344669071,4fa7b334-ce0d-4e88-aaae-2e0c138d049e,2026-07-18T17:59:02.803+00:00,"Bucephala clangula (Linnaeus, 1758)",2498326,Bucephala clangula,Animalia,Aves,Anseriformes,Anatidae,Bucephala,SPECIES,ACCEPTED,2015-01-04,2015,1,4,46.507374,6.535472,,CH,HUMAN_OBSERVATION,PRESENT,"['CONTINENT_DERIVED_FROM_COORDINATES', 'TAXON_CONCEPT_ID_NOT_FOUND']",
1344669091,4fa7b334-ce0d-4e88-aaae-2e0c138d049e,2026-07-18T18:04:03.974+00:00,"Ardea cinerea Linnaeus, 1758",9797180,Ardea cinerea,Animalia,Aves,Pelecaniformes,Ardeidae,Ardea,SPECIES,ACCEPTED,2015-01-04,2015,1,4,46.507374,6.535472,,CH,HUMAN_OBSERVATION,PRESENT,"['CONTINENT_DERIVED_FROM_COORDINATES', 'TAXON_CONCEPT_ID_NOT_FOUND']",
1344669097,4fa7b334-ce0d-4e88-aaae-2e0c138d049e,2026-07-18T17:59:19.225+00:00,"Chroicocephalus ridibundus (Linnaeus, 1766)",6065824,Chroicocephalus ridibundus,Animalia,Aves,Charadriiformes,Laridae,Chroicocephalus,SPECIES,ACCEPTED,2015-01-04,2015,1,4,46.507374,6.535472,,CH,HUMAN_OBSERVATION,PRESENT,"['CONTINENT_DERIVED_FROM_COORDINATES', 'TAXON_CONCEPT_ID_NOT_FOUND']",
1344669101,4fa7b334-ce0d-4e88-aaae-2e0c138d049e,2026-07-18T18:02:33.198+00:00,"Gallinula chloropus (Linnaeus, 1758)",5228199,Gallinula chloropus,Animalia,Aves,Gruiformes,Rallidae,Gallinula,SPECIES,ACCEPTED,2015-01-04,2015,1,4,46.507374,6.535472,,CH,HUMAN_OBSERVATION,PRESENT,"['CONTINENT_DERIVED_FROM_COORDINATES', 'TAXON_CONCEPT_ID_NOT_FOUND']",
1344669118,4fa7b334-ce0d-4e88-aaae-2e0c138d049e,2026-07-18T17:59:51.462+00:00,"Mergus merganser Linnaeus, 1758",9537647,Mergus merganser,Animalia,Aves,Anseriformes,Anatidae,Mergus,SPECIES,ACCEPTED,2015-01-04,2015,1,4,46.507374,6.535472,,CH,HUMAN_OBSERVATION,PRESENT,"['CONTINENT_DERIVED_FROM_COORDINATES', 'TAXON_CONCEPT_ID_NOT_FOUND']",
1344669143,4fa7b334-ce0d-4e88-aaae-2e0c138d049e,2026-07-18T18:04:24.910+00:00,"Parus major Linnaeus, 1758",9705453,Parus major,Animalia,Aves,Passeriformes,Paridae,Parus,SPECIES,ACCEPTED,2015-01-04,2015,1,4,46.507374,6.535472,,CH,HUMAN_OBSERVATION,PRESENT,"['CONTINENT_DERIVED_FROM_COORDINATES', 'TAXON_CONCEPT_ID_NOT_FOUND']",
1344669147,4fa7b334-ce0d-4e88-aaae-2e0c138d049e,2026-07-18T18:05:26.687+00:00,"Columba palumbus Linnaeus, 1758",2495455,Columba palumbus,Animalia,Aves,Columbiformes,Columbidae,Columba,SPECIES,ACCEPTED,2015-01-04,2015,1,4,46.507374,6.535472,,CH,HUMAN_OBSERVATION,PRESENT,"['CONTINENT_DERIVED_FROM_COORDINATES', 'TAXON_CONCEPT_ID_NOT_FOUND']",
1344669149,4fa7b334-ce0d-4e88-aaae-2e0c138d049e,2026-07-18T18:02:09.968+00:00,"Emberiza schoeniclus (Linnaeus, 1758)",2491557,Emberiza schoeniclus,Animalia,Aves,Passeriformes,Emberizidae,Emberiza,SPECIES,ACCEPTED,2015-01-04,2015,1,4,46.507374,6.535472,,CH,HUMAN_OBSERVATION,PRESENT,"['CONTINENT_DERIVED_FROM_COORDINATES', 'TAXON_CONCEPT_ID_NOT_FOUND']",
1344669162,4fa7b334-ce0d-4e88-aaae-2e0c138d049e,2026-07-18T18:06:03.052+00:00,"Larus michahellis J.F.Naumann, 1840",9413670,Larus michahellis,Animalia,Aves,Charadriiformes,Laridae,Larus,SPECIES,ACCEPTED,2015-01-04,2015,1,4,46.507374,6.535472,,CH,HUMAN_OBSERVATION,PRESENT,"['CONTINENT_DERIVED_FROM_COORDINATES', 'TAXON_CONCEPT_ID_NOT_FOUND']",
1344669177,4fa7b334-ce0d-4e88-aaae-2e0c138d049e,2026-07-18T18:06:30.043+00:00,"Turdus merula Linnaeus, 1758",2490719,Turdus merula,Animalia,Aves,Passeriformes,Turdidae,Turdus,SPECIES,ACCEPTED,2015-01-04,2015,1,4,46.507374,6.535472,,CH,HUMAN_OBSERVATION,PRESENT,"['CONTINENT_DERIVED_FROM_COORDINATES', 'TAXON_CONCEPT_ID_NOT_FOUND']",
1344669185,4fa7b334-ce0d-4e88-aaae-2e0c138d049e,2026-07-18T18:05:08.679+00:00,"Mareca penelope (Linnaeus, 1758)",8000602,Mareca penelope,Animalia,Aves,Anseriformes,Anatidae,Mareca,SPECIES,ACCEPTED,2015-01-04,2015,1,4,46.507374,6.535472,,CH,HUMAN_OBSERVATION,PRESENT,"['CONTINENT_DERIVED_FROM_COORDINATES', 'TAXON_CONCEPT_ID_NOT_FOUND']",
1344669198,4fa7b334-ce0d-4e88-aaae-2e0c138d049e,2026-07-18T18:05:30.391+00:00,"Phalacrocorax carbo (Linnaeus, 1758)",2481890,Phalacrocorax carbo,Animalia,Aves,Suliformes,Phalacrocoracidae,Phalacrocorax,SPECIES,ACCEPTED,2015-01-04,2015,1,4,46.507374,6.535472,,CH,HUMAN_OBSERVATION,PRESENT,"['CONTINENT_DERIVED_FROM_COORDINATES', 'TAXON_CONCEPT_ID_NOT_FOUND']",
1344669203,4fa7b334-ce0d-4e88-aaae-2e0c138d049e,2026-07-18T18:03:57.265+00:00,"Cygnus olor (J.F.Gmelin, 1789)",2498343,Cygnus olor,Animalia,Aves,Anseriformes,Anatidae,Cygnus,SPECIES,ACCEPTED,2015-01-04,2015,1,4,46.507374,6.535472,,CH,HUMAN_OBSERVATION,PRESENT,"['CONTINENT_DERIVED_FROM_COORDINATES', 'TAXON_CONCEPT_ID_NOT_FOUND']",
1344669220,4fa7b334-ce0d-4e88-aaae-2e0c138d049e,2026-07-18T18:00:07.536+00:00,"Podiceps cristatus (Linnaeus, 1758)",2482054,Podiceps cristatus,Animalia,Aves,Podicipediformes,Podicipedidae,Podiceps,SPECIES,ACCEPTED,2015-01-04,2015,1,4,46.507374,6.535472,,CH,HUMAN_OBSERVATION,PRESENT,"['CONTINENT_DERIVED_FROM_COORDINATES', 'TAXON_CONCEPT_ID_NOT_FOUND']",
1344669226,4fa7b334-ce0d-4e88-aaae-2e0c138d049e,2026-07-18T18:01:17.976+00:00,"Corvus corone Linnaeus, 1758",9409796,Corvus corone,Animalia,Aves,Passeriformes,Corvidae,Corvus,SPECIES,ACCEPTED,2015-01-04,2015,1,4,46.507374,6.535472,,CH,HUMAN_OBSERVATION,PRESENT,"['CONTINENT_DERIVED_FROM_COORDINATES', 'TAXON_CONCEPT_ID_NOT_FOUND']",
1344669235,4fa7b334-ce0d-4e88-aaae-2e0c138d049e,2026-07-18T18:03:45.518+00:00,"Larus canus Linnaeus, 1758",7982160,Larus canus,Animalia,Aves,Charadriiformes,Laridae,Larus,SPECIES,ACCEPTED,2015-01-04,2015,1,4,46.507374,6.535472,,CH,HUMAN_OBSERVATION,PRESENT,"['CONTINENT_DERIVED_FROM_COORDINATES', 'TAXON_CONCEPT_ID_NOT_FOUND']",
1344669238,4fa7b334-ce0d-4e88-aaae-2e0c138d049e,2026-07-18T18:00:34.467+00:00,"Erithacus rubecula (Linnaeus, 1758)",2492462,Erithacus rubecula,Animalia,Aves,Passeriformes,Muscicapidae,Erithacus,SPECIES,ACCEPTED,2015-01-04,2015,1,4,46.507374,6.535472,,CH,HUMAN_OBSERVATION,PRESENT,"['CONTINENT_DERIVED_FROM_COORDINATES', 'TAXON_CONCEPT_ID_NOT_FOUND']",
1344675797,4fa7b334-ce0d-4e88-aaae-2e0c138d049e,2026-07-18T18:01:04.374+00:00,"Lophophanes cristatus (Linnaeus, 1758)",2487883,Lophophanes cristatus,Animalia,Aves,Passeriformes,Paridae,Lophophanes,SPECIES,ACCEPTED,2015-01-04,2015,1,4,46.76175,7.416018,,CH,HUMAN_OBSERVATION,PRESENT,"['CONTINENT_DERIVED_FROM_COORDINATES', 'TAXON_CONCEPT_ID_NOT_FOUND']",
1344675819,4fa7b334-ce0d-4e88-aaae-2e0c138d049e,2026-07-18T18:01:45.004+00:00,"Regulus regulus (Linnaeus, 1758)",2484596,Regulus regulus,Animalia,Aves,Passeriformes,Regulidae,Regulus,SPECIES,ACCEPTED,2015-01-04,2015,1,4,46.76175,7.416018,,CH,HUMAN_OBSERVATION,PRESENT,"['CONTINENT_DERIVED_FROM_COORDINATES', 'TAXON_CONCEPT_ID_NOT_FOUND']",
1344675829,4fa7b334-ce0d-4e88-aaae-2e0c138d049e,2026-07-18T18:04:54.827+00:00,"Cyanistes caeruleus (Linnaeus, 1758)",2487879,Cyanistes caeruleus,Animalia,Aves,Passeriformes,Paridae,Cyanistes,SPECIES,ACCEPTED,2015-01-04,2015,1,4,46.76175,7.416018,,CH,HUMAN_OBSERVATION,PRESENT,"['CONTINENT_DERIVED_FROM_COORDINATES', 'TAXON_CONCEPT_ID_NOT_FOUND']",
1344675839,4fa7b334-ce0d-4e88-aaae-2e0c138d049e,2026-07-18T18:05:05.541+00:00,"Fringilla coelebs Linnaeus, 1758",2494422,Fringilla coelebs,Animalia,Aves,Passeriformes,Fringillidae,Fringilla,SPECIES,ACCEPTED,2015-01-04,2015,1,4,46.76175,7.416018,,CH,HUMAN_OBSERVATION,PRESENT,"['CONTINENT_DERIVED_FROM_COORDINATES', 'TAXON_CONCEPT_ID_NOT_FOUND']",
1344675860,4fa7b334-ce0d-4e88-aaae-2e0c138d049e,2026-07-18T18:05:35.255+00:00,"Garrulus glandarius (Linnaeus, 1758)",5229493,Garrulus glandarius,Animalia,Aves,Passeriformes,Corvidae,Garrulus,SPECIES,ACCEPTED,2015-01-04,2015,1,4,46.76175,7.416018,,CH,HUMAN_OBSERVATION,PRESENT,"['CONTINENT_DERIVED_FROM_COORDINATES', 'TAXON_CONCEPT_ID_NOT_FOUND']",
1344675865,4fa7b334-ce0d-4e88-aaae-2e0c138d049e,2026-07-18T18:06:05.704+00:00,"Loxia curvirostra Linnaeus, 1758",9629160,Loxia curvirostra,Animalia,Aves,Passeriformes,Fringillidae,Loxia,SPECIES,ACCEPTED,2015-01-04,2015,1,4,46.76175,7.416018,,CH,HUMAN_OBSERVATION,PRESENT,"['CONTINENT_DERIVED_FROM_COORDINATES', 'TAXON_CONCEPT_ID_NOT_FOUND']",
1344675869,4fa7b334-ce0d-4e88-aaae-2e0c138d049e,2026-07-18T18:02:27.464+00:00,"Turdus merula Linnaeus, 1758",2490719,Turdus merula,Animalia,Aves,Passeriformes,Turdidae,Turdus,SPECIES,ACCEPTED,2015-01-04,2015,1,4,46.76175,7.416018,,CH,HUMAN_OBSERVATION,PRESENT,"['CONTINENT_DERIVED_FROM_COORDINATES', 'TAXON_CONCEPT_ID_NOT_FOUND']",
1344675892,4fa7b334-ce0d-4e88-aaae-2e0c138d049e,2026-07-18T18:05:48.020+00:00,"Parus major Linnaeus, 1758",9705453,Parus major,Animalia,Aves,Passeriformes,Paridae,Parus,SPECIES,ACCEPTED,2015-01-04,2015,1,4,46.76175,7.416018,,CH,HUMAN_OBSERVATION,PRESENT,"['CONTINENT_DERIVED_FROM_COORDINATES', 'TAXON_CONCEPT_ID_NOT_FOUND']",
1344675914,4fa7b334-ce0d-4e88-aaae-2e0c138d049e,2026-07-18T18:01:39.978+00:00,"Fringilla montifringilla Linnaeus, 1758",2494441,Fringilla montifringilla,Animalia,Aves,Passeriformes,Fringillidae,Fringilla,SPECIES,ACCEPTED,2015-01-04,2015,1,4,46.76175,7.416018,,CH,HUMAN_OBSERVATION,PRESENT,"['CONTINENT_DERIVED_FROM_COORDINATES', 'TAXON_CONCEPT_ID_NOT_FOUND']",
1344675925,4fa7b334-ce0d-4e88-aaae-2e0c138d049e,2026-07-18T18:02:19.808+00:00,"Chloris chloris (Linnaeus, 1758)",5845582,Chloris chloris,Animalia,Aves,Passeriformes,Fringillidae,Chloris,SPECIES,ACCEPTED,2015-01-04,2015,1,4,46.76175,7.416018,,CH,HUMAN_OBSERVATION,PRESENT,"['CONTINENT_DERIVED_FROM_COORDINATES', 'TAXON_CONCEPT_ID_NOT_FOUND']",
1344675939,4fa7b334-ce0d-4e88-aaae-2e0c138d049e,2026-07-18T18:06:05.953+00:00,"Spinus spinus (Linnaeus, 1758)",6092830,Spinus spinus,Animalia,Aves,Passeriformes,Fringillidae,Spinus,SPECIES,ACCEPTED,2015-01-04,2015,1,4,46.76175,7.416018,,CH,HUMAN_OBSERVATION,PRESENT,"['CONTINENT_DERIVED_FROM_COORDINATES', 'TAXON_CONCEPT_ID_NOT_FOUND']",
1344700417,4fa7b334-ce0d-4e88-aaae-2e0c138d049e,2026-07-18T18:04:36.586+00:00,"Cyanistes caeruleus (Linnaeus, 1758)",2487879,Cyanistes caeruleus,Animalia,Aves,Passeriformes,Paridae,Cyanistes,SPECIES,ACCEPTED,2015-01-04,2015,1,4,46.76175,7.416018,,CH,HUMAN_OBSERVATION,PRESENT,"['CONTINENT_DERIVED_FROM_COORDINATES', 'TAXON_CONCEPT_ID_NOT_FOUND']",
1344701213,4fa7b334-ce0d-4e88-aaae-2e0c138d049e,2026-07-18T18:03:20.614+00:00,"Parus major Linnaeus, 1758",9705453,Parus major,Animalia,Aves,Passeriformes,Paridae,Parus,SPECIES,ACCEPTED,2015-01-04,2015,1,4,46.76175,7.416018,,CH,HUMAN_OBSERVATION,PRESENT,"['CONTINENT_DERIVED_FROM_COORDINATES', 'TAXON_CONCEPT_ID_NOT_FOUND']",
1344701217,4fa7b334-ce0d-4e88-aaae-2e0c138d049e,2026-07-18T18:00:07.892+00:00,"Spinus spinus (Linnaeus, 1758)",6092830,Spinus spinus,Animalia,Aves,Passeriformes,Fringillidae,Spinus,SPECIES,ACCEPTED,2015-01-04,2015,1,4,46.76175,7.416018,,CH,HUMAN_OBSERVATION,PRESENT,"['CONTINENT_DERIVED_FROM_COORDINATES', 'TAXON_CONCEPT_ID_NOT_FOUND']",
1344701235,4fa7b334-ce0d-4e88-aaae-2e0c138d049e,2026-07-18T17:59:59.269+00:00,"Loxia curvirostra Linnaeus, 1758",9629160,Loxia curvirostra,Animalia,Aves,Passeriformes,Fringillidae,Loxia,SPECIES,ACCEPTED,2015-01-04,2015,1,4,46.76175,7.416018,,CH,HUMAN_OBSERVATION,PRESENT,"['CONTINENT_DERIVED_FROM_COORDINATES', 'TAXON_CONCEPT_ID_NOT_FOUND']",
1344701239,4fa7b334-ce0d-4e88-aaae-2e0c138d049e,2026-07-18T18:04:15.989+00:00,"Regulus regulus (Linnaeus, 1758)",2484596,Regulus regulus,Animalia,Aves,Passeriformes,Regulidae,Regulus,SPECIES,ACCEPTED,2015-01-04,2015,1,4,46.76175,7.416018,,CH,HUMAN_OBSERVATION,PRESENT,"['CONTINENT_DERIVED_FROM_COORDINATES', 'TAXON_CONCEPT_ID_NOT_FOUND']",
1344701267,4fa7b334-ce0d-4e88-aaae-2e0c138d049e,2026-07-18T17:58:54.300+00:00,"Fringilla coelebs Linnaeus, 1758",2494422,Fringilla coelebs,Animalia,Aves,Passeriformes,Fringillidae,Fringilla,SPECIES,ACCEPTED,2015-01-04,2015,1,4,46.76175,7.416018,,CH,HUMAN_OBSERVATION,PRESENT,"['CONTINENT_DERIVED_FROM_COORDINATES', 'TAXON_CONCEPT_ID_NOT_FOUND']",
1344701273,4fa7b334-ce0d-4e88-aaae-2e0c138d049e,2026-07-18T18:03:54.089+00:00,"Garrulus glandarius (Linnaeus, 1758)",5229493,Garrulus glandarius,Animalia,Aves,Passeriformes,Corvidae,Garrulus,SPECIES,ACCEPTED,2015-01-04,2015,1,4,46.76175,7.416018,,CH,HUMAN_OBSERVATION,PRESENT,"['CONTINENT_DERIVED_FROM_COORDINATES', 'TAXON_CONCEPT_ID_NOT_FOUND']",
1344701277,4fa7b334-ce0d-4e88-aaae-2e0c138d049e,2026-07-18T18:00:52.753+00:00,"Chloris chloris (Linnaeus, 1758)",5845582,Chloris chloris,Animalia,Aves,Passeriformes,Fringillidae,Chloris,SPECIES,ACCEPTED,2015-01-04,2015,1,4,46.76175,7.416018,,CH,HUMAN_OBSERVATION,PRESENT,"['CONTINENT_DERIVED_FROM_COORDINATES', 'TAXON_CONCEPT_ID_NOT_FOUND']",
1344701282,4fa7b334-ce0d-4e88-aaae-2e0c138d049e,2026-07-18T18:03:21.454+00:00,"Lophophanes cristatus (Linnaeus, 1758)",2487883,Lophophanes cristatus,Animalia,Aves,Passeriformes,Paridae,Lophophanes,SPECIES,ACCEPTED,2015-01-04,2015,1,4,46.76175,7.416018,,CH,HUMAN_OBSERVATION,PRESENT,"['CONTINENT_DERIVED_FROM_COORDINATES', 'TAXON_CONCEPT_ID_NOT_FOUND']",
1344701344,4fa7b334-ce0d-4e88-aaae-2e0c138d049e,2026-07-18T18:04:08.289+00:00,"Turdus merula Linnaeus, 1758",2490719,Turdus merula,Animalia,Aves,Passeriformes,Turdidae,Turdus,SPECIES,ACCEPTED,2015-01-04,2015,1,4,46.76175,7.416018,,CH,HUMAN_OBSERVATION,PRESENT,"['CONTINENT_DERIVED_FROM_COORDINATES', 'TAXON_CONCEPT_ID_NOT_FOUND']",
1344701376,4fa7b334-ce0d-4e88-aaae-2e0c138d049e,2026-07-18T17:59:44.174+00:00,"Fringilla montifringilla Linnaeus, 1758",2494441,Fringilla montifringilla,Animalia,Aves,Passeriformes,Fringillidae,Fringilla,SPECIES,ACCEPTED,2015-01-04,2015,1,4,46.76175,7.416018,,CH,HUMAN_OBSERVATION,PRESENT,"['CONTINENT_DERIVED_FROM_COORDINATES', 'TAXON_CONCEPT_ID_NOT_FOUND']",
1344708071,4fa7b334-ce0d-4e88-aaae-2e0c138d049e,2026-07-18T18:01:45.014+00:00,"Erithacus rubecula (Linnaeus, 1758)",2492462,Erithacus rubecula,Animalia,Aves,Passeriformes,Muscicapidae,Erithacus,SPECIES,ACCEPTED,2015-01-04,2015,1,4,46.507374,6.535472,,CH,HUMAN_OBSERVATION,PRESENT,"['CONTINENT_DERIVED_FROM_COORDINATES', 'TAXON_CONCEPT_ID_NOT_FOUND']",
1344708100,4fa7b334-ce0d-4e88-aaae-2e0c138d049e,2026-07-18T18:00:11.304+00:00,"Columba palumbus Linnaeus, 1758",2495455,Columba palumbus,Animalia,Aves,Columbiformes,Columbidae,Columba,SPECIES,ACCEPTED,2015-01-04,2015,1,4,46.507374,6.535472,,CH,HUMAN_OBSERVATION,PRESENT,"['CONTINENT_DERIVED_FROM_COORDINATES', 'TAXON_CONCEPT_ID_NOT_FOUND']",
1344708121,4fa7b334-ce0d-4e88-aaae-2e0c138d049e,2026-07-18T18:04:28.797+00:00,"Mareca penelope (Linnaeus, 1758)",8000602,Mareca penelope,Animalia,Aves,Anseriformes,Anatidae,Mareca,SPECIES,ACCEPTED,2015-01-04,2015,1,4,46.507374,6.535472,,CH,HUMAN_OBSERVATION,PRESENT,"['CONTINENT_DERIVED_FROM_COORDINATES', 'TAXON_CONCEPT_ID_NOT_FOUND']",
1344708122,4fa7b334-ce0d-4e88-aaae-2e0c138d049e,2026-07-18T18:02:22.073+00:00,"Passer domesticus (Linnaeus, 1758)",5231190,Passer domesticus,Animalia,Aves,Passeriformes,Passeridae,Passer,SPECIES,ACCEPTED,2015-01-04,2015,1,4,46.507374,6.535472,,CH,HUMAN_OBSERVATION,PRESENT,"['CONTINENT_DERIVED_FROM_COORDINATES', 'TAXON_CONCEPT_ID_NOT_FOUND']",
1344708128,4fa7b334-ce0d-4e88-aaae-2e0c138d049e,2026-07-18T18:03:02.886+00:00,"Chroicocephalus ridibundus (Linnaeus, 1766)",6065824,Chroicocephalus ridibundus,Animalia,Aves,Charadriiformes,Laridae,Chroicocephalus,SPECIES,ACCEPTED,2015-01-04,2015,1,4,46.507374,6.535472,,CH,HUMAN_OBSERVATION,PRESENT,"['CONTINENT_DERIVED_FROM_COORDINATES', 'TAXON_CONCEPT_ID_NOT_FOUND']",
1344708138,4fa7b334-ce0d-4e88-aaae-2e0c138d049e,2026-07-18T18:01:40.022+00:00,"Phalacrocorax carbo (Linnaeus, 1758)",2481890,Phalacrocorax carbo,Animalia,Aves,Suliformes,Phalacrocoracidae,Phalacrocorax,SPECIES,ACCEPTED,2015-01-04,2015,1,4,46.507374,6.535472,,CH,HUMAN_OBSERVATION,PRESENT,"['CONTINENT_DERIVED_FROM_COORDINATES', 'TAXON_CONCEPT_ID_NOT_FOUND']",
1344708161,4fa7b334-ce0d-4e88-aaae-2e0c138d049e,2026-07-18T18:01:08.950+00:00,"Anas platyrhynchos Linnaeus, 1758",9761484,Anas platyrhynchos,Animalia,Aves,Anseriformes,Anatidae,Anas,SPECIES,ACCEPTED,2015-01-04,2015,1,4,46.507374,6.535472,,CH,HUMAN_OBSERVATION,PRESENT,"['CONTINENT_DERIVED_FROM_COORDINATES', 'TAXON_CONCEPT_ID_NOT_FOUND']",
1344708175,4fa7b334-ce0d-4e88-aaae-2e0c138d049e,2026-07-18T18:01:21.198+00:00,"Corvus corone Linnaeus, 1758",9409796,Corvus corone,Animalia,Aves,Passeriformes,Corvidae,Corvus,SPECIES,ACCEPTED,2015-01-04,2015,1,4,46.507374,6.535472,,CH,HUMAN_OBSERVATION,PRESENT,"['CONTINENT_DERIVED_FROM_COORDINATES', 'TAXON_CONCEPT_ID_NOT_FOUND']",
1344708201,4fa7b334-ce0d-4e88-aaae-2e0c138d049e,2026-07-18T18:04:07.884+00:00,"Gallinula chloropus (Linnaeus, 1758)",5228199,Gallinula chloropus,Animalia,Aves,Gruiformes,Rallidae,Gallinula,SPECIES,ACCEPTED,2015-01-04,2015,1,4,46.507374,6.535472,,CH,HUMAN_OBSERVATION,PRESENT,"['CONTINENT_DERIVED_FROM_COORDINATES', 'TAXON_CONCEPT_ID_NOT_FOUND']",
1344708219,4fa7b334-ce0d-4e88-aaae-2e0c138d049e,2026-07-18T18:01:11.366+00:00,"Ardea cinerea Linnaeus, 1758",9797180,Ardea cinerea,Animalia,Aves,Pelecaniformes,Ardeidae,Ardea,SPECIES,ACCEPTED,2015-01-04,2015,1,4,46.507374,6.535472,,CH,HUMAN_OBSERVATION,PRESENT,"['CONTINENT_DERIVED_FROM_COORDINATES', 'TAXON_CONCEPT_ID_NOT_FOUND']",
1344708224,4fa7b334-ce0d-4e88-aaae-2e0c138d049e,2026-07-18T17:58:54.301+00:00,"Podiceps cristatus (Linnaeus, 1758)",2482054,Podiceps cristatus,Animalia,Aves,Podicipediformes,Podicipedidae,Podiceps,SPECIES,ACCEPTED,2015-01-04,2015,1,4,46.507374,6.535472,,CH,HUMAN_OBSERVATION,PRESENT,"['CONTINENT_DERIVED_FROM_COORDINATES', 'TAXON_CONCEPT_ID_NOT_FOUND']",
1344708232,4fa7b334-ce0d-4e88-aaae-2e0c138d049e,2026-07-18T18:02:54.051+00:00,"Bucephala clangula (Linnaeus, 1758)",2498326,Bucephala clangula,Animalia,Aves,Anseriformes,Anatidae,Bucephala,SPECIES,ACCEPTED,2015-01-04,2015,1,4,46.507374,6.535472,,CH,HUMAN_OBSERVATION,PRESENT,"['CONTINENT_DERIVED_FROM_COORDINATES', 'TAXON_CONCEPT_ID_NOT_FOUND']",
1344708246,4fa7b334-ce0d-4e88-aaae-2e0c138d049e,2026-07-18T18:00:04.600+00:00,"Turdus merula Linnaeus, 1758",2490719,Turdus merula,Animalia,Aves,Passeriformes,Turdidae,Turdus,SPECIES,ACCEPTED,2015-01-04,2015,1,4,46.507374,6.535472,,CH,HUMAN_OBSERVATION,PRESENT,"['CONTINENT_DERIVED_FROM_COORDINATES', 'TAXON_CONCEPT_ID_NOT_FOUND']",
1344708269,4fa7b334-ce0d-4e88-aaae-2e0c138d049e,2026-07-18T18:02:38.962+00:00,"Mergus merganser Linnaeus, 1758",9537647,Mergus merganser,Animalia,Aves,Anseriformes,Anatidae,Mergus,SPECIES,ACCEPTED,2015-01-04,2015,1,4,46.507374,6.535472,,CH,HUMAN_OBSERVATION,PRESENT,"['CONTINENT_DERIVED_FROM_COORDINATES', 'TAXON_CONCEPT_ID_NOT_FOUND']",
1344708293,4fa7b334-ce0d-4e88-aaae-2e0c138d049e,2026-07-18T18:05:49.208+00:00,"Parus major Linnaeus, 1758",9705453,Parus major,Animalia,Aves,Passeriformes,Paridae,Parus,SPECIES,ACCEPTED,2015-01-04,2015,1,4,46.507374,6.535472,,CH,HUMAN_OBSERVATION,PRESENT,"['CONTINENT_DERIVED_FROM_COORDINATES', 'TAXON_CONCEPT_ID_NOT_FOUND']",
1344709001,4fa7b334-ce0d-4e88-aaae-2e0c138d049e,2026-07-18T18:00:42.536+00:00,"Emberiza schoeniclus (Linnaeus, 1758)",2491557,Emberiza schoeniclus,Animalia,Aves,Passeriformes,Emberizidae,Emberiza,SPECIES,ACCEPTED,2015-01-04,2015,1,4,46.507374,6.535472,,CH,HUMAN_OBSERVATION,PRESENT,"['CONTINENT_DERIVED_FROM_COORDINATES', 'TAXON_CONCEPT_ID_NOT_FOUND']",
1344709053,4fa7b334-ce0d-4e88-aaae-2e0c138d049e,2026-07-18T18:03:47.531+00:00,"Cygnus olor (J.F.Gmelin, 1789)",2498343,Cygnus olor,Animalia,Aves,Anseriformes,Anatidae,Cygnus,SPECIES,ACCEPTED,2015-01-04,2015,1,4,46.507374,6.535472,,CH,HUMAN_OBSERVATION,PRESENT,"['CONTINENT_DERIVED_FROM_COORDINATES', 'TAXON_CONCEPT_ID_NOT_FOUND']",
1344709215,4fa7b334-ce0d-4e88-aaae-2e0c138d049e,2026-07-18T18:04:53.131+00:00,"Larus michahellis J.F.Naumann, 1840",9413670,Larus michahellis,Animalia,Aves,Charadriiformes,Laridae,Larus,SPECIES,ACCEPTED,2015-01-04,2015,1,4,46.507374,6.535472,,CH,HUMAN_OBSERVATION,PRESENT,"['CONTINENT_DERIVED_FROM_COORDINATES', 'TAXON_CONCEPT_ID_NOT_FOUND']",
1344760505,4fa7b334-ce0d-4e88-aaae-2e0c138d049e,2026-07-18T18:01:55.053+00:00,"Mergus merganser Linnaeus, 1758",9537647,Mergus merganser,Animalia,Aves,Anseriformes,Anatidae,Mergus,SPECIES,ACCEPTED,2015-01-04,2015,1,4,47.62977,9.295893,,CH,HUMAN_OBSERVATION,PRESENT,"['CONTINENT_DERIVED_FROM_COORDINATES', 'TAXON_CONCEPT_ID_NOT_FOUND']",
1344760525,4fa7b334-ce0d-4e88-aaae-2e0c138d049e,2026-07-18T18:04:53.381+00:00,"Corvus corone Linnaeus, 1758",9409796,Corvus corone,Animalia,Aves,Passeriformes,Corvidae,Corvus,SPECIES,ACCEPTED,2015-01-04,2015,1,4,47.62977,9.295893,,CH,HUMAN_OBSERVATION,PRESENT,"['CONTINENT_DERIVED_FROM_COORDINATES', 'TAXON_CONCEPT_ID_NOT_FOUND']",
1344760539,4fa7b334-ce0d-4e88-aaae-2e0c138d049e,2026-07-18T18:06:13.612+00:00,"Fringilla coelebs Linnaeus, 1758",2494422,Fringilla coelebs,Animalia,Aves,Passeriformes,Fringillidae,Fringilla,SPECIES,ACCEPTED,2015-01-04,2015,1,4,47.62977,9.295893,,CH,HUMAN_OBSERVATION,PRESENT,"['CONTINENT_DERIVED_FROM_COORDINATES', 'TAXON_CONCEPT_ID_NOT_FOUND']",
1344760557,4fa7b334-ce0d-4e88-aaae-2e0c138d049e,2026-07-18T18:02:29.797+00:00,"Chroicocephalus ridibundus (Linnaeus, 1766)",6065824,Chroicocephalus ridibundus,Animalia,Aves,Charadriiformes,Laridae,Chroicocephalus,SPECIES,ACCEPTED,2015-01-04,2015,1,4,47.62977,9.295893,,CH,HUMAN_OBSERVATION,PRESENT,"['CONTINENT_DERIVED_FROM_COORDINATES', 'TAXON_CONCEPT_ID_NOT_FOUND']",
1344760589,4fa7b334-ce0d-4e88-aaae-2e0c138d049e,2026-07-18T18:06:05.473+00:00,"Buteo buteo (Linnaeus, 1758)",2480537,Buteo buteo,Animalia,Aves,Accipitriformes,Accipitridae,Buteo,SPECIES,ACCEPTED,2015-01-04,2015,1,4,47.62977,9.295893,,CH,HUMAN_OBSERVATION,PRESENT,"['CONTINENT_DERIVED_FROM_COORDINATES', 'TAXON_CONCEPT_ID_NOT_FOUND']",
1344760601,4fa7b334-ce0d-4e88-aaae-2e0c138d049e,2026-07-18T17:59:43.813+00:00,"Aythya ferina (Linnaeus, 1758)",2498255,Aythya ferina,Animalia,Aves,Anseriformes,Anatidae,Aythya,SPECIES,ACCEPTED,2015-01-04,2015,1,4,47.62977,9.295893,,CH,HUMAN_OBSERVATION,PRESENT,"['CONTINENT_DERIVED_FROM_COORDINATES', 'TAXON_CONCEPT_ID_NOT_FOUND']",
1344760631,4fa7b334-ce0d-4e88-aaae-2e0c138d049e,2026-07-18T18:04:42.174+00:00,"Cyanistes caeruleus (Linnaeus, 1758)",2487879,Cyanistes caeruleus,Animalia,Aves,Passeriformes,Paridae,Cyanistes,SPECIES,ACCEPTED,2015-01-04,2015,1,4,47.62977,9.295893,,CH,HUMAN_OBSERVATION,PRESENT,"['CONTINENT_DERIVED_FROM_COORDINATES', 'TAXON_CONCEPT_ID_NOT_FOUND']",
1344760655,4fa7b334-ce0d-4e88-aaae-2e0c138d049e,2026-07-18T18:01:31.918+00:00,"Bucephala clangula (Linnaeus, 1758)",2498326,Bucephala clangula,Animalia,Aves,Anseriformes,Anatidae,Bucephala,SPECIES,ACCEPTED,2015-01-04,2015,1,4,47.62977,9.295893,,CH,HUMAN_OBSERVATION,PRESENT,"['CONTINENT_DERIVED_FROM_COORDINATES', 'TAXON_CONCEPT_ID_NOT_FOUND']",
1344761490,4fa7b334-ce0d-4e88-aaae-2e0c138d049e,2026-07-18T18:04:35.608+00:00,"Sturnus vulgaris Linnaeus, 1758",9809229,Sturnus vulgaris,Animalia,Aves,Passeriformes,Sturnidae,Sturnus,SPECIES,ACCEPTED,2015-01-04,2015,1,4,47.62977,9.295893,,CH,HUMAN_OBSERVATION,PRESENT,"['CONTINENT_DERIVED_FROM_COORDINATES', 'TAXON_CONCEPT_ID_NOT_FOUND']",
1344761495,4fa7b334-ce0d-4e88-aaae-2e0c138d049e,2026-07-18T17:59:34.471+00:00,"Mareca strepera (Linnaeus, 1758)",9362027,Mareca strepera,Animalia,Aves,Anseriformes,Anatidae,Mareca,SPECIES,ACCEPTED,2015-01-04,2015,1,4,47.62977,9.295893,,CH,HUMAN_OBSERVATION,PRESENT,"['CONTINENT_DERIVED_FROM_COORDINATES', 'TAXON_CONCEPT_ID_NOT_FOUND']",
1344761497,4fa7b334-ce0d-4e88-aaae-2e0c138d049e,2026-07-18T18:04:16.300+00:00,"Columba palumbus Linnaeus, 1758",2495455,Columba palumbus,Animalia,Aves,Columbiformes,Columbidae,Columba,SPECIES,ACCEPTED,2015-01-04,2015,1,4,47.62977,9.295893,,CH,HUMAN_OBSERVATION,PRESENT,"['CONTINENT_DERIVED_FROM_COORDINATES', 'TAXON_CONCEPT_ID_NOT_FOUND']",
1344761518,4fa7b334-ce0d-4e88-aaae-2e0c138d049e,2026-07-18T17:59:35.776+00:00,"Fulica atra Linnaeus, 1758",2474377,Fulica atra,Animalia,Aves,Gruiformes,Rallidae,Fulica,SPECIES,ACCEPTED,2015-01-04,2015,1,4,47.62977,9.295893,,CH,HUMAN_OBSERVATION,PRESENT,"['CONTINENT_DERIVED_FROM_COORDINATES', 'TAXON_CONCEPT_ID_NOT_FOUND']",
1344761519,4fa7b334-ce0d-4e88-aaae-2e0c138d049e,2026-07-18T18:01:17.106+00:00,"Tadorna ferruginea (Pallas, 1764)",2498015,Tadorna ferruginea,Animalia,Aves,Anseriformes,Anatidae,Tadorna,SPECIES,ACCEPTED,2015-01-04,2015,1,4,47.62977,9.295893,,CH,HUMAN_OBSERVATION,PRESENT,"['CONTINENT_DERIVED_FROM_COORDINATES', 'TAXON_CONCEPT_ID_NOT_FOUND']",
1344761525,4fa7b334-ce0d-4e88-aaae-2e0c138d049e,2026-07-18T18:00:00.400+00:00,"Tachybaptus ruficollis (Pallas, 1764)",2482048,Tachybaptus ruficollis,Animalia,Aves,Podicipediformes,Podicipedidae,Tachybaptus,SPECIES,ACCEPTED,2015-01-04,2015,1,4,47.62977,9.295893,,CH,HUMAN_OBSERVATION,PRESENT,"['CONTINENT_DERIVED_FROM_COORDINATES', 'TAXON_CONCEPT_ID_NOT_FOUND']",
1344761526,4fa7b334-ce0d-4e88-aaae-2e0c138d049e,2026-07-18T17:59:58.422+00:00,"Picus viridis Linnaeus, 1758",2478523,Picus viridis,Animalia,Aves,Piciformes,Picidae,Picus,SPECIES,ACCEPTED,2015-01-04,2015,1,4,47.62977,9.295893,,CH,HUMAN_OBSERVATION,PRESENT,"['CONTINENT_DERIVED_FROM_COORDINATES', 'TAXON_CONCEPT_ID_NOT_FOUND']",
1344761532,4fa7b334-ce0d-4e88-aaae-2e0c138d049e,2026-07-18T17:59:30.489+00:00,"Phalacrocorax carbo (Linnaeus, 1758)",2481890,Phalacrocorax carbo,Animalia,Aves,Suliformes,Phalacrocoracidae,Phalacrocorax,SPECIES,ACCEPTED,2015-01-04,2015,1,4,47.62977,9.295893,,CH,HUMAN_OBSERVATION,PRESENT,"['CONTINENT_DERIVED_FROM_COORDINATES', 'TAXON_CONCEPT_ID_NOT_FOUND']",
1344761536,4fa7b334-ce0d-4e88-aaae-2e0c138d049e,2026-07-18T17:59:27.789+00:00,"Turdus merula Linnaeus, 1758",2490719,Turdus merula,Animalia,Aves,Passeriformes,Turdidae,Turdus,SPECIES,ACCEPTED,2015-01-04,2015,1,4,47.62977,9.295893,,CH,HUMAN_OBSERVATION,PRESENT,"['CONTINENT_DERIVED_FROM_COORDINATES', 'TAXON_CONCEPT_ID_NOT_FOUND']",
1344761537,4fa7b334-ce0d-4e88-aaae-2e0c138d049e,2026-07-18T17:59:58.661+00:00,"Anas platyrhynchos Linnaeus, 1758",9761484,Anas platyrhynchos,Animalia,Aves,Anseriformes,Anatidae,Anas,SPECIES,ACCEPTED,2015-01-04,2015,1,4,47.62977,9.295893,,CH,HUMAN_OBSERVATION,PRESENT,"['CONTINENT_DERIVED_FROM_COORDINATES', 'TAXON_CONCEPT_ID_NOT_FOUND']",
1344761538,4fa7b334-ce0d-4e88-aaae-2e0c138d049e,2026-07-18T18:05:38.016+00:00,"Sitta europaea Linnaeus, 1758",2484916,Sitta europaea,Animalia,Aves,Passeriformes,Sittidae,Sitta,SPECIES,ACCEPTED,2015-01-04,2015,1,4,47.62977,9.295893,,CH,HUMAN_OBSERVATION,PRESENT,"['CONTINENT_DERIVED_FROM_COORDINATES', 'TAXON_CONCEPT_ID_NOT_FOUND']",
1344761554,4fa7b334-ce0d-4e88-aaae-2e0c138d049e,2026-07-18T18:03:51.143+00:00,"Passer domesticus (Linnaeus, 1758)",5231190,Passer domesticus,Animalia,Aves,Passeriformes,Passeridae,Passer,SPECIES,ACCEPTED,2015-01-04,2015,1,4,47.62977,9.295893,,CH,HUMAN_OBSERVATION,PRESENT,"['CONTINENT_DERIVED_FROM_COORDINATES', 'TAXON_CONCEPT_ID_NOT_FOUND']",
1344761555,4fa7b334-ce0d-4e88-aaae-2e0c138d049e,2026-07-18T18:03:56.415+00:00,"Spinus spinus (Linnaeus, 1758)",6092830,Spinus spinus,Animalia,Aves,Passeriformes,Fringillidae,Spinus,SPECIES,ACCEPTED,2015-01-04,2015,1,4,47.62977,9.295893,,CH,HUMAN_OBSERVATION,PRESENT,"['CONTINENT_DERIVED_FROM_COORDINATES', 'TAXON_CONCEPT_ID_NOT_FOUND']",
1344761563,4fa7b334-ce0d-4e88-aaae-2e0c138d049e,2026-07-18T18:00:38.702+00:00,"Podiceps cristatus (Linnaeus, 1758)",2482054,Podiceps cristatus,Animalia,Aves,Podicipediformes,Podicipedidae,Podiceps,SPECIES,ACCEPTED,2015-01-04,2015,1,4,47.62977,9.295893,,CH,HUMAN_OBSERVATION,PRESENT,"['CONTINENT_DERIVED_FROM_COORDINATES', 'TAXON_CONCEPT_ID_NOT_FOUND']",
1344761574,4fa7b334-ce0d-4e88-aaae-2e0c138d049e,2026-07-18T17:59:00.862+00:00,"Erithacus rubecula (Linnaeus, 1758)",2492462,Erithacus rubecula,Animalia,Aves,Passeriformes,Muscicapidae,Erithacus,SPECIES,ACCEPTED,2015-01-04,2015,1,4,47.62977,9.295893,,CH,HUMAN_OBSERVATION,PRESENT,"['CONTINENT_DERIVED_FROM_COORDINATES', 'TAXON_CONCEPT_ID_NOT_FOUND']",
1344761585,4fa7b334-ce0d-4e88-aaae-2e0c138d049e,2026-07-18T18:01:42.637+00:00,"Pica pica (Linnaeus, 1758)",5229490,Pica pica,Animalia,Aves,Passeriformes,Corvidae,Pica,SPECIES,ACCEPTED,2015-01-04,2015,1,4,47.62977,9.295893,,CH,HUMAN_OBSERVATION,PRESENT,"['CONTINENT_DERIVED_FROM_COORDINATES', 'TAXON_CONCEPT_ID_NOT_FOUND']",
1344761587,4fa7b334-ce0d-4e88-aaae-2e0c138d049e,2026-07-18T18:05:44.782+00:00,"Aythya fuligula (Linnaeus, 1758)",2498261,Aythya fuligula,Animalia,Aves,Anseriformes,Anatidae,Aythya,SPECIES,ACCEPTED,2015-01-04,2015,1,4,47.62977,9.295893,,CH,HUMAN_OBSERVATION,PRESENT,"['CONTINENT_DERIVED_FROM_COORDINATES', 'TAXON_CONCEPT_ID_NOT_FOUND']",
1344761597,4fa7b334-ce0d-4e88-aaae-2e0c138d049e,2026-07-18T18:01:46.869+00:00,"Cygnus olor (J.F.Gmelin, 1789)",2498343,Cygnus olor,Animalia,Aves,Anseriformes,Anatidae,Cygnus,SPECIES,ACCEPTED,2015-01-04,2015,1,4,47.62977,9.295893,,CH,HUMAN_OBSERVATION,PRESENT,"['CONTINENT_DERIVED_FROM_COORDINATES', 'TAXON_CONCEPT_ID_NOT_FOUND']",
1344761619,4fa7b334-ce0d-4e88-aaae-2e0c138d049e,2026-07-18T18:04:47.200+00:00,"Certhia brachydactyla C.L.Brehm, 1820",7806848,Certhia brachydactyla,Animalia,Aves,Passeriformes,Certhiidae,Certhia,SPECIES,ACCEPTED,2015-01-04,2015,1,4,47.62977,9.295893,,CH,HUMAN_OBSERVATION,PRESENT,"['CONTINENT_DERIVED_FROM_COORDINATES', 'TAXON_CONCEPT_ID_NOT_FOUND']",
1344761624,4fa7b334-ce0d-4e88-aaae-2e0c138d049e,2026-07-18T18:00:50.915+00:00,"Netta rufina (Pallas, 1773)",2498180,Netta rufina,Animalia,Aves,Anseriformes,Anatidae,Netta,SPECIES,ACCEPTED,2015-01-04,2015,1,4,47.62977,9.295893,,CH,HUMAN_OBSERVATION,PRESENT,"['CONTINENT_DERIVED_FROM_COORDINATES', 'TAXON_CONCEPT_ID_NOT_FOUND']",
1344761629,4fa7b334-ce0d-4e88-aaae-2e0c138d049e,2026-07-18T18:01:34.888+00:00,"Dendrocopos major (Linnaeus, 1758)",2477968,Dendrocopos major,Animalia,Aves,Piciformes,Picidae,Dendrocopos,SPECIES,ACCEPTED,2015-01-04,2015,1,4,47.62977,9.295893,,CH,HUMAN_OBSERVATION,PRESENT,"['CONTINENT_DERIVED_FROM_COORDINATES', 'TAXON_CONCEPT_ID_NOT_FOUND']",
1344761635,4fa7b334-ce0d-4e88-aaae-2e0c138d049e,2026-07-18T17:59:57.968+00:00,"Chloris chloris (Linnaeus, 1758)",5845582,Chloris chloris,Animalia,Aves,Passeriformes,Fringillidae,Chloris,SPECIES,ACCEPTED,2015-01-04,2015,1,4,47.62977,9.295893,,CH,HUMAN_OBSERVATION,PRESENT,"['CONTINENT_DERIVED_FROM_COORDINATES', 'TAXON_CONCEPT_ID_NOT_FOUND']",
1344762596,4fa7b334-ce0d-4e88-aaae-2e0c138d049e,2026-07-18T18:04:02.148+00:00,"Larus michahellis J.F.Naumann, 1840",9413670,Larus michahellis,Animalia,Aves,Charadriiformes,Laridae,Larus,SPECIES,ACCEPTED,2015-01-04,2015,1,4,47.62977,9.295893,,CH,HUMAN_OBSERVATION,PRESENT,"['CONTINENT_DERIVED_FROM_COORDINATES', 'TAXON_CONCEPT_ID_NOT_FOUND']",
1344762607,4fa7b334-ce0d-4e88-aaae-2e0c138d049e,2026-07-18T18:06:02.300+00:00,"Ciconia ciconia (Linnaeus, 1758)",2481912,Ciconia ciconia,Animalia,Aves,Ciconiiformes,Ciconiidae,Ciconia,SPECIES,ACCEPTED,2015-01-04,2015,1,4,47.62977,9.295893,,CH,HUMAN_OBSERVATION,PRESENT,"['CONTINENT_DERIVED_FROM_COORDINATES', 'TAXON_CONCEPT_ID_NOT_FOUND']",
1344762631,4fa7b334-ce0d-4e88-aaae-2e0c138d049e,2026-07-18T17:59:35.903+00:00,"Cygnus cygnus (Linnaeus, 1758)",2498347,Cygnus cygnus,Animalia,Aves,Anseriformes,Anatidae,Cygnus,SPECIES,ACCEPTED,2015-01-04,2015,1,4,47.62977,9.295893,,CH,HUMAN_OBSERVATION,PRESENT,"['CONTINENT_DERIVED_FROM_COORDINATES', 'TAXON_CONCEPT_ID_NOT_FOUND']",
1344762642,4fa7b334-ce0d-4e88-aaae-2e0c138d049e,2026-07-18T18:00:25.805+00:00,"Motacilla alba Linnaeus, 1758",9687165,Motacilla alba,Animalia,Aves,Passeriformes,Motacillidae,Motacilla,SPECIES,ACCEPTED,2015-01-04,2015,1,4,47.62977,9.295893,,CH,HUMAN_OBSERVATION,PRESENT,"['CONTINENT_DERIVED_FROM_COORDINATES', 'TAXON_CONCEPT_ID_NOT_FOUND']",
1344776881,4fa7b334-ce0d-4e88-aaae-2e0c138d049e,2026-07-18T18:05:05.542+00:00,"Milvus milvus (Linnaeus, 1758)",5229168,Milvus milvus,Animalia,Aves,Accipitriformes,Accipitridae,Milvus,SPECIES,ACCEPTED,2015-01-04,2015,1,4,47.340046,8.266311,,CH,HUMAN_OBSERVATION,PRESENT,"['CONTINENT_DERIVED_FROM_COORDINATES', 'TAXON_CONCEPT_ID_NOT_FOUND']",
1344776980,4fa7b334-ce0d-4e88-aaae-2e0c138d049e,2026-07-18T18:04:17.615+00:00,"Emberiza citrinella Linnaeus, 1758",2491534,Emberiza citrinella,Animalia,Aves,Passeriformes,Emberizidae,Emberiza,SPECIES,ACCEPTED,2015-01-04,2015,1,4,47.340046,8.266311,,CH,HUMAN_OBSERVATION,PRESENT,"['CONTINENT_DERIVED_FROM_COORDINATES', 'TAXON_CONCEPT_ID_NOT_FOUND']",
1344777045,4fa7b334-ce0d-4e88-aaae-2e0c138d049e,2026-07-18T18:02:20.212+00:00,"Ardea alba Linnaeus, 1758",9752617,Ardea alba,Animalia,Aves,Pelecaniformes,Ardeidae,Ardea,SPECIES,ACCEPTED,2015-01-04,2015,1,4,47.340046,8.266311,,CH,HUMAN_OBSERVATION,PRESENT,"['CONTINENT_DERIVED_FROM_COORDINATES', 'TAXON_CONCEPT_ID_NOT_FOUND']",
1344809936,4fa7b334-ce0d-4e88-aaae-2e0c138d049e,2026-07-18T18:03:36.281+00:00,"Motacilla alba Linnaeus, 1758",9687165,Motacilla alba,Animalia,Aves,Passeriformes,Motacillidae,Motacilla,SPECIES,ACCEPTED,2015-01-05,2015,1,5,46.415653,6.278001,,CH,HUMAN_OBSERVATION,PRESENT,"['COORDINATE_ROUNDED', 'CONTINENT_DERIVED_FROM_COORDINATES', 'TAXON_CONCEPT_ID_NOT_FOUND']",
1344863004,4fa7b334-ce0d-4e88-aaae-2e0c138d049e,2026-07-18T18:06:17.354+00:00,"Fringilla coelebs Linnaeus, 1758",2494422,Fringilla coelebs,Animalia,Aves,Passeriformes,Fringillidae,Fringilla,SPECIES,ACCEPTED,2015-01-05,2015,1,5,46.76175,7.416018,,CH,HUMAN_OBSERVATION,PRESENT,"['CONTINENT_DERIVED_FROM_COORDINATES', 'TAXON_CONCEPT_ID_NOT_FOUND']",
1344863024,4fa7b334-ce0d-4e88-aaae-2e0c138d049e,2026-07-18T18:01:10.227+00:00,"Parus major Linnaeus, 1758",9705453,Parus major,Animalia,Aves,Passeriformes,Paridae,Parus,SPECIES,ACCEPTED,2015-01-05,2015,1,5,46.76175,7.416018,,CH,HUMAN_OBSERVATION,PRESENT,"['CONTINENT_DERIVED_FROM_COORDINATES', 'TAXON_CONCEPT_ID_NOT_FOUND']",
1344863033,4fa7b334-ce0d-4e88-aaae-2e0c138d049e,2026-07-18T18:03:59.275+00:00,"Lophophanes cristatus (Linnaeus, 1758)",2487883,Lophophanes cristatus,Animalia,Aves,Passeriformes,Paridae,Lophophanes,SPECIES,ACCEPTED,2015-01-05,2015,1,5,46.76175,7.416018,,CH,HUMAN_OBSERVATION,PRESENT,"['CONTINENT_DERIVED_FROM_COORDINATES', 'TAXON_CONCEPT_ID_NOT_FOUND']",
1344863040,4fa7b334-ce0d-4e88-aaae-2e0c138d049e,2026-07-18T18:04:47.975+00:00,"Cyanistes caeruleus (Linnaeus, 1758)",2487879,Cyanistes caeruleus,Animalia,Aves,Passeriformes,Paridae,Cyanistes,SPECIES,ACCEPTED,2015-01-05,2015,1,5,46.76175,7.416018,,CH,HUMAN_OBSERVATION,PRESENT,"['CONTINENT_DERIVED_FROM_COORDINATES', 'TAXON_CONCEPT_ID_NOT_FOUND']",
1344863150,4fa7b334-ce0d-4e88-aaae-2e0c138d049e,2026-07-18T18:00:08.844+00:00,"Loxia curvirostra Linnaeus, 1758",9629160,Loxia curvirostra,Animalia,Aves,Passeriformes,Fringillidae,Loxia,SPECIES,ACCEPTED,2015-01-05,2015,1,5,46.76175,7.416018,,CH,HUMAN_OBSERVATION,PRESENT,"['CONTINENT_DERIVED_FROM_COORDINATES', 'TAXON_CONCEPT_ID_NOT_FOUND']",
1344884217,4fa7b334-ce0d-4e88-aaae-2e0c138d049e,2026-07-18T17:59:06.862+00:00,"Fulica atra Linnaeus, 1758",2474377,Fulica atra,Animalia,Aves,Gruiformes,Rallidae,Fulica,SPECIES,ACCEPTED,2015-01-05,2015,1,5,46.38223,6.243153,,CH,HUMAN_OBSERVATION,PRESENT,"['COORDINATE_ROUNDED', 'CONTINENT_DERIVED_FROM_COORDINATES', 'TAXON_CONCEPT_ID_NOT_FOUND']",
1344884221,4fa7b334-ce0d-4e88-aaae-2e0c138d049e,2026-07-18T18:05:29.315+00:00,"Cyanistes caeruleus (Linnaeus, 1758)",2487879,Cyanistes caeruleus,Animalia,Aves,Passeriformes,Paridae,Cyanistes,SPECIES,ACCEPTED,2015-01-05,2015,1,5,46.38223,6.243153,,CH,HUMAN_OBSERVATION,PRESENT,"['COORDINATE_ROUNDED', 'CONTINENT_DERIVED_FROM_COORDINATES', 'TAXON_CONCEPT_ID_NOT_FOUND']",
1344884232,4fa7b334-ce0d-4e88-aaae-2e0c138d049e,2026-07-18T18:01:11.754+00:00,"Sturnus vulgaris Linnaeus, 1758",9809229,Sturnus vulgaris,Animalia,Aves,Passeriformes,Sturnidae,Sturnus,SPECIES,ACCEPTED,2015-01-05,2015,1,5,46.38223,6.243153,,CH,HUMAN_OBSERVATION,PRESENT,"['COORDINATE_ROUNDED', 'CONTINENT_DERIVED_FROM_COORDINATES', 'TAXON_CONCEPT_ID_NOT_FOUND']",
1344884241,4fa7b334-ce0d-4e88-aaae-2e0c138d049e,2026-07-18T18:02:09.497+00:00,"Carduelis carduelis (Linnaeus, 1758)",2494686,Carduelis carduelis,Animalia,Aves,Passeriformes,Fringillidae,Carduelis,SPECIES,ACCEPTED,2015-01-05,2015,1,5,46.38223,6.243153,,CH,HUMAN_OBSERVATION,PRESENT,"['COORDINATE_ROUNDED', 'CONTINENT_DERIVED_FROM_COORDINATES', 'TAXON_CONCEPT_ID_NOT_FOUND']",
1344884261,4fa7b334-ce0d-4e88-aaae-2e0c138d049e,2026-07-18T18:03:08.519+00:00,"Gallinula chloropus (Linnaeus, 1758)",5228199,Gallinula chloropus,Animalia,Aves,Gruiformes,Rallidae,Gallinula,SPECIES,ACCEPTED,2015-01-05,2015,1,5,46.38223,6.243153,,CH,HUMAN_OBSERVATION,PRESENT,"['COORDINATE_ROUNDED', 'CONTINENT_DERIVED_FROM_COORDINATES', 'TAXON_CONCEPT_ID_NOT_FOUND']",
1344884274,4fa7b334-ce0d-4e88-aaae-2e0c138d049e,2026-07-18T17:58:53.107+00:00,"Columba palumbus Linnaeus, 1758",2495455,Columba palumbus,Animalia,Aves,Columbiformes,Columbidae,Columba,SPECIES,ACCEPTED,2015-01-05,2015,1,5,46.38223,6.243153,,CH,HUMAN_OBSERVATION,PRESENT,"['COORDINATE_ROUNDED', 'CONTINENT_DERIVED_FROM_COORDINATES', 'TAXON_CONCEPT_ID_NOT_FOUND']",
1344884279,4fa7b334-ce0d-4e88-aaae-2e0c138d049e,2026-07-18T18:00:16.112+00:00,"Podiceps nigricollis C.L.Brehm, 1831",2482065,Podiceps nigricollis,Animalia,Aves,Podicipediformes,Podicipedidae,Podiceps,SPECIES,ACCEPTED,2015-01-05,2015,1,5,46.38223,6.243153,,CH,HUMAN_OBSERVATION,PRESENT,"['COORDINATE_ROUNDED', 'CONTINENT_DERIVED_FROM_COORDINATES', 'TAXON_CONCEPT_ID_NOT_FOUND']",
1344884298,4fa7b334-ce0d-4e88-aaae-2e0c138d049e,2026-07-18T18:00:39.577+00:00,"Fringilla coelebs Linnaeus, 1758",2494422,Fringilla coelebs,Animalia,Aves,Passeriformes,Fringillidae,Fringilla,SPECIES,ACCEPTED,2015-01-05,2015,1,5,46.38223,6.243153,,CH,HUMAN_OBSERVATION,PRESENT,"['COORDINATE_ROUNDED', 'CONTINENT_DERIVED_FROM_COORDINATES', 'TAXON_CONCEPT_ID_NOT_FOUND']",
1344884302,4fa7b334-ce0d-4e88-aaae-2e0c138d049e,2026-07-18T17:59:30.491+00:00,"Prunella modularis (Linnaeus, 1758)",5231763,Prunella modularis,Animalia,Aves,Passeriformes,Prunellidae,Prunella,SPECIES,ACCEPTED,2015-01-05,2015,1,5,46.38223,6.243153,,CH,HUMAN_OBSERVATION,PRESENT,"['COORDINATE_ROUNDED', 'CONTINENT_DERIVED_FROM_COORDINATES', 'TAXON_CONCEPT_ID_NOT_FOUND']",
1344884307,4fa7b334-ce0d-4e88-aaae-2e0c138d049e,2026-07-18T18:00:53.451+00:00,"Chroicocephalus ridibundus (Linnaeus, 1766)",6065824,Chroicocephalus ridibundus,Animalia,Aves,Charadriiformes,Laridae,Chroicocephalus,SPECIES,ACCEPTED,2015-01-05,2015,1,5,46.38223,6.243153,,CH,HUMAN_OBSERVATION,PRESENT,"['COORDINATE_ROUNDED', 'CONTINENT_DERIVED_FROM_COORDINATES', 'TAXON_CONCEPT_ID_NOT_FOUND']",
1344884313,4fa7b334-ce0d-4e88-aaae-2e0c138d049e,2026-07-18T18:04:54.084+00:00,"Corvus corone Linnaeus, 1758",9409796,Corvus corone,Animalia,Aves,Passeriformes,Corvidae,Corvus,SPECIES,ACCEPTED,2015-01-05,2015,1,5,46.38223,6.243153,,CH,HUMAN_OBSERVATION,PRESENT,"['COORDINATE_ROUNDED', 'CONTINENT_DERIVED_FROM_COORDINATES', 'TAXON_CONCEPT_ID_NOT_FOUND']",
1344884323,4fa7b334-ce0d-4e88-aaae-2e0c138d049e,2026-07-18T18:00:20.623+00:00,"Pica pica (Linnaeus, 1758)",5229490,Pica pica,Animalia,Aves,Passeriformes,Corvidae,Pica,SPECIES,ACCEPTED,2015-01-05,2015,1,5,46.38223,6.243153,,CH,HUMAN_OBSERVATION,PRESENT,"['COORDINATE_ROUNDED', 'CONTINENT_DERIVED_FROM_COORDINATES', 'TAXON_CONCEPT_ID_NOT_FOUND']",
1344884329,4fa7b334-ce0d-4e88-aaae-2e0c138d049e,2026-07-18T18:02:58.123+00:00,"Turdus merula Linnaeus, 1758",2490719,Turdus merula,Animalia,Aves,Passeriformes,Turdidae,Turdus,SPECIES,ACCEPTED,2015-01-05,2015,1,5,46.38223,6.243153,,CH,HUMAN_OBSERVATION,PRESENT,"['COORDINATE_ROUNDED', 'CONTINENT_DERIVED_FROM_COORDINATES', 'TAXON_CONCEPT_ID_NOT_FOUND']",
1344884335,4fa7b334-ce0d-4e88-aaae-2e0c138d049e,2026-07-18T18:03:05.334+00:00,"Erithacus rubecula (Linnaeus, 1758)",2492462,Erithacus rubecula,Animalia,Aves,Passeriformes,Muscicapidae,Erithacus,SPECIES,ACCEPTED,2015-01-05,2015,1,5,46.38223,6.243153,,CH,HUMAN_OBSERVATION,PRESENT,"['COORDINATE_ROUNDED', 'CONTINENT_DERIVED_FROM_COORDINATES', 'TAXON_CONCEPT_ID_NOT_FOUND']",
1344884342,4fa7b334-ce0d-4e88-aaae-2e0c138d049e,2026-07-18T18:05:48.487+00:00,"Mareca strepera (Linnaeus, 1758)",9362027,Mareca strepera,Animalia,Aves,Anseriformes,Anatidae,Mareca,SPECIES,ACCEPTED,2015-01-05,2015,1,5,46.38223,6.243153,,CH,HUMAN_OBSERVATION,PRESENT,"['COORDINATE_ROUNDED', 'CONTINENT_DERIVED_FROM_COORDINATES', 'TAXON_CONCEPT_ID_NOT_FOUND']",
1344884379,4fa7b334-ce0d-4e88-aaae-2e0c138d049e,2026-07-18T18:02:55.817+00:00,"Mergus merganser Linnaeus, 1758",9537647,Mergus merganser,Animalia,Aves,Anseriformes,Anatidae,Mergus,SPECIES,ACCEPTED,2015-01-05,2015,1,5,46.38223,6.243153,,CH,HUMAN_OBSERVATION,PRESENT,"['COORDINATE_ROUNDED', 'CONTINENT_DERIVED_FROM_COORDINATES', 'TAXON_CONCEPT_ID_NOT_FOUND']",
1344884398,4fa7b334-ce0d-4e88-aaae-2e0c138d049e,2026-07-18T18:06:15.707+00:00,"Aythya ferina (Linnaeus, 1758)",2498255,Aythya ferina,Animalia,Aves,Anseriformes,Anatidae,Aythya,SPECIES,ACCEPTED,2015-01-05,2015,1,5,46.38223,6.243153,,CH,HUMAN_OBSERVATION,PRESENT,"['COORDINATE_ROUNDED', 'CONTINENT_DERIVED_FROM_COORDINATES', 'TAXON_CONCEPT_ID_NOT_FOUND']",
1344885346,4fa7b334-ce0d-4e88-aaae-2e0c138d049e,2026-07-18T18:05:38.565+00:00,"Podiceps cristatus (Linnaeus, 1758)",2482054,Podiceps cristatus,Animalia,Aves,Podicipediformes,Podicipedidae,Podiceps,SPECIES,ACCEPTED,2015-01-05,2015,1,5,46.38223,6.243153,,CH,HUMAN_OBSERVATION,PRESENT,"['COORDINATE_ROUNDED', 'CONTINENT_DERIVED_FROM_COORDINATES', 'TAXON_CONCEPT_ID_NOT_FOUND']",
1344885348,4fa7b334-ce0d-4e88-aaae-2e0c138d049e,2026-07-18T18:05:39.783+00:00,"Anas platyrhynchos Linnaeus, 1758",9761484,Anas platyrhynchos,Animalia,Aves,Anseriformes,Anatidae,Anas,SPECIES,ACCEPTED,2015-01-05,2015,1,5,46.38223,6.243153,,CH,HUMAN_OBSERVATION,PRESENT,"['COORDINATE_ROUNDED', 'CONTINENT_DERIVED_FROM_COORDINATES', 'TAXON_CONCEPT_ID_NOT_FOUND']",
1344885353,4fa7b334-ce0d-4e88-aaae-2e0c138d049e,2026-07-18T18:03:53.707+00:00,"Parus major Linnaeus, 1758",9705453,Parus major,Animalia,Aves,Passeriformes,Paridae,Parus,SPECIES,ACCEPTED,2015-01-05,2015,1,5,46.38223,6.243153,,CH,HUMAN_OBSERVATION,PRESENT,"['COORDINATE_ROUNDED', 'CONTINENT_DERIVED_FROM_COORDINATES', 'TAXON_CONCEPT_ID_NOT_FOUND']",
1344885366,4fa7b334-ce0d-4e88-aaae-2e0c138d049e,2026-07-18T18:00:02.430+00:00,"Passer domesticus (Linnaeus, 1758)",5231190,Passer domesticus,Animalia,Aves,Passeriformes,Passeridae,Passer,SPECIES,ACCEPTED,2015-01-05,2015,1,5,46.38223,6.243153,,CH,HUMAN_OBSERVATION,PRESENT,"['COORDINATE_ROUNDED', 'CONTINENT_DERIVED_FROM_COORDINATES', 'TAXON_CONCEPT_ID_NOT_FOUND']",
1344885367,4fa7b334-ce0d-4e88-aaae-2e0c138d049e,2026-07-18T17:59:32.464+00:00,"Troglodytes troglodytes (Linnaeus, 1758)",5231438,Troglodytes troglodytes,Animalia,Aves,Passeriformes,Troglodytidae,Troglodytes,SPECIES,ACCEPTED,2015-01-05,2015,1,5,46.38223,6.243153,,CH,HUMAN_OBSERVATION,PRESENT,"['COORDINATE_ROUNDED', 'CONTINENT_DERIVED_FROM_COORDINATES', 'TAXON_CONCEPT_ID_NOT_FOUND']",
1344885375,4fa7b334-ce0d-4e88-aaae-2e0c138d049e,2026-07-18T18:00:59.613+00:00,"Motacilla alba Linnaeus, 1758",9687165,Motacilla alba,Animalia,Aves,Passeriformes,Motacillidae,Motacilla,SPECIES,ACCEPTED,2015-01-05,2015,1,5,46.38223,6.243153,,CH,HUMAN_OBSERVATION,PRESENT,"['COORDINATE_ROUNDED', 'CONTINENT_DERIVED_FROM_COORDINATES', 'TAXON_CONCEPT_ID_NOT_FOUND']",
1344885381,4fa7b334-ce0d-4e88-aaae-2e0c138d049e,2026-07-18T17:59:22.989+00:00,"Larus michahellis J.F.Naumann, 1840",9413670,Larus michahellis,Animalia,Aves,Charadriiformes,Laridae,Larus,SPECIES,ACCEPTED,2015-01-05,2015,1,5,46.38223,6.243153,,CH,HUMAN_OBSERVATION,PRESENT,"['COORDINATE_ROUNDED', 'CONTINENT_DERIVED_FROM_COORDINATES', 'TAXON_CONCEPT_ID_NOT_FOUND']",
1344885386,4fa7b334-ce0d-4e88-aaae-2e0c138d049e,2026-07-18T18:03:24.547+00:00,"Larus canus Linnaeus, 1758",7982160,Larus canus,Animalia,Aves,Charadriiformes,Laridae,Larus,SPECIES,ACCEPTED,2015-01-05,2015,1,5,46.38223,6.243153,,CH,HUMAN_OBSERVATION,PRESENT,"['COORDINATE_ROUNDED', 'CONTINENT_DERIVED_FROM_COORDINATES', 'TAXON_CONCEPT_ID_NOT_FOUND']",
1344885390,4fa7b334-ce0d-4e88-aaae-2e0c138d049e,2026-07-18T18:06:12.209+00:00,"Phalacrocorax carbo (Linnaeus, 1758)",2481890,Phalacrocorax carbo,Animalia,Aves,Suliformes,Phalacrocoracidae,Phalacrocorax,SPECIES,ACCEPTED,2015-01-05,2015,1,5,46.38223,6.243153,,CH,HUMAN_OBSERVATION,PRESENT,"['COORDINATE_ROUNDED', 'CONTINENT_DERIVED_FROM_COORDINATES', 'TAXON_CONCEPT_ID_NOT_FOUND']",
1344885391,4fa7b334-ce0d-4e88-aaae-2e0c138d049e,2026-07-18T18:06:17.747+00:00,"Cygnus olor (J.F.Gmelin, 1789)",2498343,Cygnus olor,Animalia,Aves,Anseriformes,Anatidae,Cygnus,SPECIES,ACCEPTED,2015-01-05,2015,1,5,46.38223,6.243153,,CH,HUMAN_OBSERVATION,PRESENT,"['COORDINATE_ROUNDED', 'CONTINENT_DERIVED_FROM_COORDINATES', 'TAXON_CONCEPT_ID_NOT_FOUND']",
1344885393,4fa7b334-ce0d-4e88-aaae-2e0c138d049e,2026-07-18T18:03:38.404+00:00,"Ardea cinerea Linnaeus, 1758",9797180,Ardea cinerea,Animalia,Aves,Pelecaniformes,Ardeidae,Ardea,SPECIES,ACCEPTED,2015-01-05,2015,1,5,46.38223,6.243153,,CH,HUMAN_OBSERVATION,PRESENT,"['COORDINATE_ROUNDED', 'CONTINENT_DERIVED_FROM_COORDINATES', 'TAXON_CONCEPT_ID_NOT_FOUND']",
1344885416,4fa7b334-ce0d-4e88-aaae-2e0c138d049e,2026-07-18T18:05:27.593+00:00,"Aythya fuligula (Linnaeus, 1758)",2498261,Aythya fuligula,Animalia,Aves,Anseriformes,Anatidae,Aythya,SPECIES,ACCEPTED,2015-01-05,2015,1,5,46.38223,6.243153,,CH,HUMAN_OBSERVATION,PRESENT,"['COORDINATE_ROUNDED', 'CONTINENT_DERIVED_FROM_COORDINATES', 'TAXON_CONCEPT_ID_NOT_FOUND']",
1344885446,4fa7b334-ce0d-4e88-aaae-2e0c138d049e,2026-07-18T18:00:34.819+00:00,"Poecile palustris (Linnaeus, 1758)",2487843,Poecile palustris,Animalia,Aves,Passeriformes,Paridae,Poecile,SPECIES,ACCEPTED,2015-01-05,2015,1,5,46.38223,6.243153,,CH,HUMAN_OBSERVATION,PRESENT,"['COORDINATE_ROUNDED', 'CONTINENT_DERIVED_FROM_COORDINATES', 'TAXON_CONCEPT_ID_NOT_FOUND']",
1344885454,4fa7b334-ce0d-4e88-aaae-2e0c138d049e,2026-07-18T18:06:15.954+00:00,"Netta rufina (Pallas, 1773)",2498180,Netta rufina,Animalia,Aves,Anseriformes,Anatidae,Netta,SPECIES,ACCEPTED,2015-01-05,2015,1,5,46.38223,6.243153,,CH,HUMAN_OBSERVATION,PRESENT,"['COORDINATE_ROUNDED', 'CONTINENT_DERIVED_FROM_COORDINATES', 'TAXON_CONCEPT_ID_NOT_FOUND']",
1344894721,4fa7b334-ce0d-4e88-aaae-2e0c138d049e,2026-07-18T18:00:26.767+00:00,"Falco tinnunculus Linnaeus, 1758",9616058,Falco tinnunculus,Animalia,Aves,Falconiformes,Falconidae,Falco,SPECIES,ACCEPTED,2015-01-05,2015,1,5,46.415653,6.278001,,CH,HUMAN_OBSERVATION,PRESENT,"['COORDINATE_ROUNDED', 'CONTINENT_DERIVED_FROM_COORDINATES', 'TAXON_CONCEPT_ID_NOT_FOUND']",
1344974963,4fa7b334-ce0d-4e88-aaae-2e0c138d049e,2026-07-18T17:59:44.187+00:00,"Falco tinnunculus Linnaeus, 1758",9616058,Falco tinnunculus,Animalia,Aves,Falconiformes,Falconidae,Falco,SPECIES,ACCEPTED,2015-01-06,2015,1,6,46.415653,6.278001,,CH,HUMAN_OBSERVATION,PRESENT,"['COORDINATE_ROUNDED', 'CONTINENT_DERIVED_FROM_COORDINATES', 'TAXON_CONCEPT_ID_NOT_FOUND']",
1344974992,4fa7b334-ce0d-4e88-aaae-2e0c138d049e,2026-07-18T18:01:04.379+00:00,"Corvus corone Linnaeus, 1758",9409796,Corvus corone,Animalia,Aves,Passeriformes,Corvidae,Corvus,SPECIES,ACCEPTED,2015-01-06,2015,1,6,46.415653,6.278001,,CH,HUMAN_OBSERVATION,PRESENT,"['COORDINATE_ROUNDED', 'CONTINENT_DERIVED_FROM_COORDINATES', 'TAXON_CONCEPT_ID_NOT_FOUND']",
1344978025,4fa7b334-ce0d-4e88-aaae-2e0c138d049e,2026-07-18T18:05:31.363+00:00,"Fulica atra Linnaeus, 1758",2474377,Fulica atra,Animalia,Aves,Gruiformes,Rallidae,Fulica,SPECIES,ACCEPTED,2015-01-06,2015,1,6,46.16482,8.941197,,CH,HUMAN_OBSERVATION,PRESENT,"['CONTINENT_DERIVED_FROM_COORDINATES', 'TAXON_CONCEPT_ID_NOT_FOUND']",
1344978053,4fa7b334-ce0d-4e88-aaae-2e0c138d049e,2026-07-18T18:06:15.394+00:00,"Garrulus glandarius (Linnaeus, 1758)",5229493,Garrulus glandarius,Animalia,Aves,Passeriformes,Corvidae,Garrulus,SPECIES,ACCEPTED,2015-01-06,2015,1,6,46.16482,8.941197,,CH,HUMAN_OBSERVATION,PRESENT,"['CONTINENT_DERIVED_FROM_COORDINATES', 'TAXON_CONCEPT_ID_NOT_FOUND']",
1344978086,4fa7b334-ce0d-4e88-aaae-2e0c138d049e,2026-07-18T18:01:17.981+00:00,"Mergus merganser Linnaeus, 1758",9537647,Mergus merganser,Animalia,Aves,Anseriformes,Anatidae,Mergus,SPECIES,ACCEPTED,2015-01-06,2015,1,6,46.16482,8.941197,,CH,HUMAN_OBSERVATION,PRESENT,"['CONTINENT_DERIVED_FROM_COORDINATES', 'TAXON_CONCEPT_ID_NOT_FOUND']",
1344978090,4fa7b334-ce0d-4e88-aaae-2e0c138d049e,2026-07-18T18:03:28.962+00:00,"Chloris chloris (Linnaeus, 1758)",5845582,Chloris chloris,Animalia,Aves,Passeriformes,Fringillidae,Chloris,SPECIES,ACCEPTED,2015-01-06,2015,1,6,46.16482,8.941197,,CH,HUMAN_OBSERVATION,PRESENT,"['CONTINENT_DERIVED_FROM_COORDINATES', 'TAXON_CONCEPT_ID_NOT_FOUND']",
1344978101,4fa7b334-ce0d-4e88-aaae-2e0c138d049e,2026-07-18T18:04:06.412+00:00,"Streptopelia decaocto (Frivaldszky, 1838)",2495696,Streptopelia decaocto,Animalia,Aves,Columbiformes,Columbidae,Streptopelia,SPECIES,ACCEPTED,2015-01-06,2015,1,6,46.16482,8.941197,,CH,HUMAN_OBSERVATION,PRESENT,"['CONTINENT_DERIVED_FROM_COORDINATES', 'TAXON_CONCEPT_ID_NOT_FOUND']",
1344978102,4fa7b334-ce0d-4e88-aaae-2e0c138d049e,2026-07-18T18:00:13.451+00:00,"Alcedo atthis (Linnaeus, 1758)",2475532,Alcedo atthis,Animalia,Aves,Coraciiformes,Alcedinidae,Alcedo,SPECIES,ACCEPTED,2015-01-06,2015,1,6,46.16482,8.941197,,CH,HUMAN_OBSERVATION,PRESENT,"['CONTINENT_DERIVED_FROM_COORDINATES', 'TAXON_CONCEPT_ID_NOT_FOUND']",
1344978103,4fa7b334-ce0d-4e88-aaae-2e0c138d049e,2026-07-18T18:00:29.845+00:00,"Anas crecca Linnaeus, 1758",8214667,Anas crecca,Animalia,Aves,Anseriformes,Anatidae,Anas,SPECIES,ACCEPTED,2015-01-06,2015,1,6,46.16482,8.941197,,CH,HUMAN_OBSERVATION,PRESENT,"['CONTINENT_DERIVED_FROM_COORDINATES', 'TAXON_CONCEPT_ID_NOT_FOUND']",
1344978105,4fa7b334-ce0d-4e88-aaae-2e0c138d049e,2026-07-18T18:04:59.069+00:00,"Fringilla montifringilla Linnaeus, 1758",2494441,Fringilla montifringilla,Animalia,Aves,Passeriformes,Fringillidae,Fringilla,SPECIES,ACCEPTED,2015-01-06,2015,1,6,46.16482,8.941197,,CH,HUMAN_OBSERVATION,PRESENT,"['CONTINENT_DERIVED_FROM_COORDINATES', 'TAXON_CONCEPT_ID_NOT_FOUND']",
1344978107,4fa7b334-ce0d-4e88-aaae-2e0c138d049e,2026-07-18T18:02:10.044+00:00,"Sitta europaea Linnaeus, 1758",2484916,Sitta europaea,Animalia,Aves,Passeriformes,Sittidae,Sitta,SPECIES,ACCEPTED,2015-01-06,2015,1,6,46.16482,8.941197,,CH,HUMAN_OBSERVATION,PRESENT,"['CONTINENT_DERIVED_FROM_COORDINATES', 'TAXON_CONCEPT_ID_NOT_FOUND']",
1344978117,4fa7b334-ce0d-4e88-aaae-2e0c138d049e,2026-07-18T18:00:13.136+00:00,"Corvus corax Linnaeus, 1758",2482492,Corvus corax,Animalia,Aves,Passeriformes,Corvidae,Corvus,SPECIES,ACCEPTED,2015-01-06,2015,1,6,46.16482,8.941197,,CH,HUMAN_OBSERVATION,PRESENT,"['CONTINENT_DERIVED_FROM_COORDINATES', 'TAXON_CONCEPT_ID_NOT_FOUND']",
1344978122,4fa7b334-ce0d-4e88-aaae-2e0c138d049e,2026-07-18T17:58:53.417+00:00,"Turdus merula Linnaeus, 1758",2490719,Turdus merula,Animalia,Aves,Passeriformes,Turdidae,Turdus,SPECIES,ACCEPTED,2015-01-06,2015,1,6,46.16482,8.941197,,CH,HUMAN_OBSERVATION,PRESENT,"['CONTINENT_DERIVED_FROM_COORDINATES', 'TAXON_CONCEPT_ID_NOT_FOUND']",
1344978127,4fa7b334-ce0d-4e88-aaae-2e0c138d049e,2026-07-18T18:04:03.261+00:00,"Erithacus rubecula (Linnaeus, 1758)",2492462,Erithacus rubecula,Animalia,Aves,Passeriformes,Muscicapidae,Erithacus,SPECIES,ACCEPTED,2015-01-06,2015,1,6,46.16482,8.941197,,CH,HUMAN_OBSERVATION,PRESENT,"['CONTINENT_DERIVED_FROM_COORDINATES', 'TAXON_CONCEPT_ID_NOT_FOUND']",
1344978140,4fa7b334-ce0d-4e88-aaae-2e0c138d049e,2026-07-18T18:00:04.118+00:00,"Mareca strepera (Linnaeus, 1758)",9362027,Mareca strepera,Animalia,Aves,Anseriformes,Anatidae,Mareca,SPECIES,ACCEPTED,2015-01-06,2015,1,6,46.16482,8.941197,,CH,HUMAN_OBSERVATION,PRESENT,"['CONTINENT_DERIVED_FROM_COORDINATES', 'TAXON_CONCEPT_ID_NOT_FOUND']",
1344978150,4fa7b334-ce0d-4e88-aaae-2e0c138d049e,2026-07-18T18:01:35.269+00:00,"Falco tinnunculus Linnaeus, 1758",9616058,Falco tinnunculus,Animalia,Aves,Falconiformes,Falconidae,Falco,SPECIES,ACCEPTED,2015-01-06,2015,1,6,46.16482,8.941197,,CH,HUMAN_OBSERVATION,PRESENT,"['CONTINENT_DERIVED_FROM_COORDINATES', 'TAXON_CONCEPT_ID_NOT_FOUND']",
1344978153,4fa7b334-ce0d-4e88-aaae-2e0c138d049e,2026-07-18T17:59:34.481+00:00,"Carduelis carduelis (Linnaeus, 1758)",2494686,Carduelis carduelis,Animalia,Aves,Passeriformes,Fringillidae,Carduelis,SPECIES,ACCEPTED,2015-01-06,2015,1,6,46.16482,8.941197,,CH,HUMAN_OBSERVATION,PRESENT,"['CONTINENT_DERIVED_FROM_COORDINATES', 'TAXON_CONCEPT_ID_NOT_FOUND']",
1344978160,4fa7b334-ce0d-4e88-aaae-2e0c138d049e,2026-07-18T17:59:16.350+00:00,"Corvus corone Linnaeus, 1758",9409796,Corvus corone,Animalia,Aves,Passeriformes,Corvidae,Corvus,SPECIES,ACCEPTED,2015-01-06,2015,1,6,46.16482,8.941197,,CH,HUMAN_OBSERVATION,PRESENT,"['CONTINENT_DERIVED_FROM_COORDINATES', 'TAXON_CONCEPT_ID_NOT_FOUND']",
1344978172,4fa7b334-ce0d-4e88-aaae-2e0c138d049e,2026-07-18T18:02:25.028+00:00,"Fringilla coelebs Linnaeus, 1758",2494422,Fringilla coelebs,Animalia,Aves,Passeriformes,Fringillidae,Fringilla,SPECIES,ACCEPTED,2015-01-06,2015,1,6,46.16482,8.941197,,CH,HUMAN_OBSERVATION,PRESENT,"['CONTINENT_DERIVED_FROM_COORDINATES', 'TAXON_CONCEPT_ID_NOT_FOUND']",
1344979034,4fa7b334-ce0d-4e88-aaae-2e0c138d049e,2026-07-18T18:01:32.016+00:00,"Motacilla alba Linnaeus, 1758",9687165,Motacilla alba,Animalia,Aves,Passeriformes,Motacillidae,Motacilla,SPECIES,ACCEPTED,2015-01-06,2015,1,6,46.16482,8.941197,,CH,HUMAN_OBSERVATION,PRESENT,"['CONTINENT_DERIVED_FROM_COORDINATES', 'TAXON_CONCEPT_ID_NOT_FOUND']",
1344979085,4fa7b334-ce0d-4e88-aaae-2e0c138d049e,2026-07-18T17:59:01.763+00:00,"Motacilla cinerea Tunstall, 1771",2490310,Motacilla cinerea,Animalia,Aves,Passeriformes,Motacillidae,Motacilla,SPECIES,ACCEPTED,2015-01-06,2015,1,6,46.16482,8.941197,,CH,HUMAN_OBSERVATION,PRESENT,"['CONTINENT_DERIVED_FROM_COORDINATES', 'TAXON_CONCEPT_ID_NOT_FOUND']",
1344979087,4fa7b334-ce0d-4e88-aaae-2e0c138d049e,2026-07-18T18:03:59.277+00:00,"Cinclus cinclus (Linnaeus, 1758)",2495093,Cinclus cinclus,Animalia,Aves,Passeriformes,Cinclidae,Cinclus,SPECIES,ACCEPTED,2015-01-06,2015,1,6,46.16482,8.941197,,CH,HUMAN_OBSERVATION,PRESENT,"['CONTINENT_DERIVED_FROM_COORDINATES', 'TAXON_CONCEPT_ID_NOT_FOUND']",
1344979088,4fa7b334-ce0d-4e88-aaae-2e0c138d049e,2026-07-18T17:59:55.094+00:00,"Anas platyrhynchos Linnaeus, 1758",9761484,Anas platyrhynchos,Animalia,Aves,Anseriformes,Anatidae,Anas,SPECIES,ACCEPTED,2015-01-06,2015,1,6,46.16482,8.941197,,CH,HUMAN_OBSERVATION,PRESENT,"['CONTINENT_DERIVED_FROM_COORDINATES', 'TAXON_CONCEPT_ID_NOT_FOUND']",
1344979095,4fa7b334-ce0d-4e88-aaae-2e0c138d049e,2026-07-18T18:03:06.172+00:00,"Dendrocopos major (Linnaeus, 1758)",2477968,Dendrocopos major,Animalia,Aves,Piciformes,Picidae,Dendrocopos,SPECIES,ACCEPTED,2015-01-06,2015,1,6,46.16482,8.941197,,CH,HUMAN_OBSERVATION,PRESENT,"['CONTINENT_DERIVED_FROM_COORDINATES', 'TAXON_CONCEPT_ID_NOT_FOUND']",
1344979115,4fa7b334-ce0d-4e88-aaae-2e0c138d049e,2026-07-18T18:02:26.288+00:00,"Anas acuta Linnaeus, 1758",2498112,Anas acuta,Animalia,Aves,Anseriformes,Anatidae,Anas,SPECIES,ACCEPTED,2015-01-06,2015,1,6,46.16482,8.941197,,CH,HUMAN_OBSERVATION,PRESENT,"['CONTINENT_DERIVED_FROM_COORDINATES', 'TAXON_CONCEPT_ID_NOT_FOUND']",
1344979119,4fa7b334-ce0d-4e88-aaae-2e0c138d049e,2026-07-18T17:58:49.818+00:00,"Phalacrocorax carbo (Linnaeus, 1758)",2481890,Phalacrocorax carbo,Animalia,Aves,Suliformes,Phalacrocoracidae,Phalacrocorax,SPECIES,ACCEPTED,2015-01-06,2015,1,6,46.16482,8.941197,,CH,HUMAN_OBSERVATION,PRESENT,"['CONTINENT_DERIVED_FROM_COORDINATES', 'TAXON_CONCEPT_ID_NOT_FOUND']",
1344979123,4fa7b334-ce0d-4e88-aaae-2e0c138d049e,2026-07-18T17:59:38.387+00:00,"Troglodytes troglodytes (Linnaeus, 1758)",5231438,Troglodytes troglodytes,Animalia,Aves,Passeriformes,Troglodytidae,Troglodytes,SPECIES,ACCEPTED,2015-01-06,2015,1,6,46.16482,8.941197,,CH,HUMAN_OBSERVATION,PRESENT,"['CONTINENT_DERIVED_FROM_COORDINATES', 'TAXON_CONCEPT_ID_NOT_FOUND']",
1344979130,4fa7b334-ce0d-4e88-aaae-2e0c138d049e,2026-07-18T18:02:24.925+00:00,"Podiceps cristatus (Linnaeus, 1758)",2482054,Podiceps cristatus,Animalia,Aves,Podicipediformes,Podicipedidae,Podiceps,SPECIES,ACCEPTED,2015-01-06,2015,1,6,46.16482,8.941197,,CH,HUMAN_OBSERVATION,PRESENT,"['CONTINENT_DERIVED_FROM_COORDINATES', 'TAXON_CONCEPT_ID_NOT_FOUND']",
1344979133,4fa7b334-ce0d-4e88-aaae-2e0c138d049e,2026-07-18T18:00:25.808+00:00,"Ardea cinerea Linnaeus, 1758",9797180,Ardea cinerea,Animalia,Aves,Pelecaniformes,Ardeidae,Ardea,SPECIES,ACCEPTED,2015-01-06,2015,1,6,46.16482,8.941197,,CH,HUMAN_OBSERVATION,PRESENT,"['CONTINENT_DERIVED_FROM_COORDINATES', 'TAXON_CONCEPT_ID_NOT_FOUND']",
1344979135,4fa7b334-ce0d-4e88-aaae-2e0c138d049e,2026-07-18T17:59:59.465+00:00,"Picus viridis Linnaeus, 1758",2478523,Picus viridis,Animalia,Aves,Piciformes,Picidae,Picus,SPECIES,ACCEPTED,2015-01-06,2015,1,6,46.16482,8.941197,,CH,HUMAN_OBSERVATION,PRESENT,"['CONTINENT_DERIVED_FROM_COORDINATES', 'TAXON_CONCEPT_ID_NOT_FOUND']",
1344979140,4fa7b334-ce0d-4e88-aaae-2e0c138d049e,2026-07-18T18:00:32.699+00:00,"Cygnus olor (J.F.Gmelin, 1789)",2498343,Cygnus olor,Animalia,Aves,Anseriformes,Anatidae,Cygnus,SPECIES,ACCEPTED,2015-01-06,2015,1,6,46.16482,8.941197,,CH,HUMAN_OBSERVATION,PRESENT,"['CONTINENT_DERIVED_FROM_COORDINATES', 'TAXON_CONCEPT_ID_NOT_FOUND']",
1344979141,4fa7b334-ce0d-4e88-aaae-2e0c138d049e,2026-07-18T18:05:00.146+00:00,"Ardea alba Linnaeus, 1758",9752617,Ardea alba,Animalia,Aves,Pelecaniformes,Ardeidae,Ardea,SPECIES,ACCEPTED,2015-01-06,2015,1,6,46.16482,8.941197,,CH,HUMAN_OBSERVATION,PRESENT,"['CONTINENT_DERIVED_FROM_COORDINATES', 'TAXON_CONCEPT_ID_NOT_FOUND']",
1344979142,4fa7b334-ce0d-4e88-aaae-2e0c138d049e,2026-07-18T18:02:27.755+00:00,"Corvus cornix Linnaeus, 1758",2482515,Corvus cornix,Animalia,Aves,Passeriformes,Corvidae,Corvus,SPECIES,ACCEPTED,2015-01-06,2015,1,6,46.16482,8.941197,,CH,HUMAN_OBSERVATION,PRESENT,"['CONTINENT_DERIVED_FROM_COORDINATES', 'TAXON_CONCEPT_ID_NOT_FOUND']",
1344979158,4fa7b334-ce0d-4e88-aaae-2e0c138d049e,2026-07-18T18:00:16.114+00:00,"Parus major Linnaeus, 1758",9705453,Parus major,Animalia,Aves,Passeriformes,Paridae,Parus,SPECIES,ACCEPTED,2015-01-06,2015,1,6,46.16482,8.941197,,CH,HUMAN_OBSERVATION,PRESENT,"['CONTINENT_DERIVED_FROM_COORDINATES', 'TAXON_CONCEPT_ID_NOT_FOUND']",
1344979173,4fa7b334-ce0d-4e88-aaae-2e0c138d049e,2026-07-18T18:01:34.419+00:00,"Spatula clypeata (Linnaeus, 1758)",8332393,Spatula clypeata,Animalia,Aves,Anseriformes,Anatidae,Spatula,SPECIES,ACCEPTED,2015-01-06,2015,1,6,46.16482,8.941197,,CH,HUMAN_OBSERVATION,PRESENT,"['CONTINENT_DERIVED_FROM_COORDINATES', 'TAXON_CONCEPT_ID_NOT_FOUND']",
1344979179,4fa7b334-ce0d-4e88-aaae-2e0c138d049e,2026-07-18T18:01:13.386+00:00,"Passer italiae (Vieillot, 1817)",8426551,Passer italiae,Animalia,Aves,Passeriformes,Passeridae,Passer,SPECIES,ACCEPTED,2015-01-06,2015,1,6,46.16482,8.941197,,CH,HUMAN_OBSERVATION,PRESENT,"['CONTINENT_DERIVED_FROM_COORDINATES', 'TAXON_CONCEPT_ID_NOT_FOUND']",
1344983680,4fa7b334-ce0d-4e88-aaae-2e0c138d049e,2026-07-18T18:03:26.274+00:00,"Turdus merula Linnaeus, 1758",2490719,Turdus merula,Animalia,Aves,Passeriformes,Turdidae,Turdus,SPECIES,ACCEPTED,2015-01-06,2015,1,6,46.23004,9.044324,,CH,HUMAN_OBSERVATION,PRESENT,"['CONTINENT_DERIVED_FROM_COORDINATES', 'TAXON_CONCEPT_ID_NOT_FOUND']",
1344983694,4fa7b334-ce0d-4e88-aaae-2e0c138d049e,2026-07-18T18:00:01.689+00:00,"Cyanistes caeruleus (Linnaeus, 1758)",2487879,Cyanistes caeruleus,Animalia,Aves,Passeriformes,Paridae,Cyanistes,SPECIES,ACCEPTED,2015-01-06,2015,1,6,46.23004,9.044324,,CH,HUMAN_OBSERVATION,PRESENT,"['CONTINENT_DERIVED_FROM_COORDINATES', 'TAXON_CONCEPT_ID_NOT_FOUND']",
1344983700,4fa7b334-ce0d-4e88-aaae-2e0c138d049e,2026-07-18T18:00:58.331+00:00,"Passer montanus (Linnaeus, 1758)",5231198,Passer montanus,Animalia,Aves,Passeriformes,Passeridae,Passer,SPECIES,ACCEPTED,2015-01-06,2015,1,6,46.23004,9.044324,,CH,HUMAN_OBSERVATION,PRESENT,"['CONTINENT_DERIVED_FROM_COORDINATES', 'TAXON_CONCEPT_ID_NOT_FOUND']",
1344983713,4fa7b334-ce0d-4e88-aaae-2e0c138d049e,2026-07-18T17:59:54.039+00:00,"Prunella modularis (Linnaeus, 1758)",5231763,Prunella modularis,Animalia,Aves,Passeriformes,Prunellidae,Prunella,SPECIES,ACCEPTED,2015-01-06,2015,1,6,46.23004,9.044324,,CH,HUMAN_OBSERVATION,PRESENT,"['CONTINENT_DERIVED_FROM_COORDINATES', 'TAXON_CONCEPT_ID_NOT_FOUND']",
1344983716,4fa7b334-ce0d-4e88-aaae-2e0c138d049e,2026-07-18T17:59:53.879+00:00,"Garrulus glandarius (Linnaeus, 1758)",5229493,Garrulus glandarius,Animalia,Aves,Passeriformes,Corvidae,Garrulus,SPECIES,ACCEPTED,2015-01-06,2015,1,6,46.23004,9.044324,,CH,HUMAN_OBSERVATION,PRESENT,"['CONTINENT_DERIVED_FROM_COORDINATES', 'TAXON_CONCEPT_ID_NOT_FOUND']",
1344983731,4fa7b334-ce0d-4e88-aaae-2e0c138d049e,2026-07-18T18:04:03.740+00:00,"Sitta europaea Linnaeus, 1758",2484916,Sitta europaea,Animalia,Aves,Passeriformes,Sittidae,Sitta,SPECIES,ACCEPTED,2015-01-06,2015,1,6,46.23004,9.044324,,CH,HUMAN_OBSERVATION,PRESENT,"['CONTINENT_DERIVED_FROM_COORDINATES', 'TAXON_CONCEPT_ID_NOT_FOUND']",
1344983742,4fa7b334-ce0d-4e88-aaae-2e0c138d049e,2026-07-18T18:03:48.212+00:00,"Chloris chloris (Linnaeus, 1758)",5845582,Chloris chloris,Animalia,Aves,Passeriformes,Fringillidae,Chloris,SPECIES,ACCEPTED,2015-01-06,2015,1,6,46.23004,9.044324,,CH,HUMAN_OBSERVATION,PRESENT,"['CONTINENT_DERIVED_FROM_COORDINATES', 'TAXON_CONCEPT_ID_NOT_FOUND']",
1344983743,4fa7b334-ce0d-4e88-aaae-2e0c138d049e,2026-07-18T18:02:07.550+00:00,"Parus major Linnaeus, 1758",9705453,Parus major,Animalia,Aves,Passeriformes,Paridae,Parus,SPECIES,ACCEPTED,2015-01-06,2015,1,6,46.23004,9.044324,,CH,HUMAN_OBSERVATION,PRESENT,"['CONTINENT_DERIVED_FROM_COORDINATES', 'TAXON_CONCEPT_ID_NOT_FOUND']",
1344983759,4fa7b334-ce0d-4e88-aaae-2e0c138d049e,2026-07-18T17:59:40.436+00:00,"Fringilla coelebs Linnaeus, 1758",2494422,Fringilla coelebs,Animalia,Aves,Passeriformes,Fringillidae,Fringilla,SPECIES,ACCEPTED,2015-01-06,2015,1,6,46.23004,9.044324,,CH,HUMAN_OBSERVATION,PRESENT,"['CONTINENT_DERIVED_FROM_COORDINATES', 'TAXON_CONCEPT_ID_NOT_FOUND']",
1344983765,4fa7b334-ce0d-4e88-aaae-2e0c138d049e,2026-07-18T18:03:53.708+00:00,"Passer italiae (Vieillot, 1817)",8426551,Passer italiae,Animalia,Aves,Passeriformes,Passeridae,Passer,SPECIES,ACCEPTED,2015-01-06,2015,1,6,46.23004,9.044324,,CH,HUMAN_OBSERVATION,PRESENT,"['CONTINENT_DERIVED_FROM_COORDINATES', 'TAXON_CONCEPT_ID_NOT_FOUND']",
1344983777,4fa7b334-ce0d-4e88-aaae-2e0c138d049e,2026-07-18T18:03:22.650+00:00,"Motacilla cinerea Tunstall, 1771",2490310,Motacilla cinerea,Animalia,Aves,Passeriformes,Motacillidae,Motacilla,SPECIES,ACCEPTED,2015-01-06,2015,1,6,46.23004,9.044324,,CH,HUMAN_OBSERVATION,PRESENT,"['CONTINENT_DERIVED_FROM_COORDINATES', 'TAXON_CONCEPT_ID_NOT_FOUND']",
1344983783,4fa7b334-ce0d-4e88-aaae-2e0c138d049e,2026-07-18T18:04:15.681+00:00,"Poecile palustris (Linnaeus, 1758)",2487843,Poecile palustris,Animalia,Aves,Passeriformes,Paridae,Poecile,SPECIES,ACCEPTED,2015-01-06,2015,1,6,46.23004,9.044324,,CH,HUMAN_OBSERVATION,PRESENT,"['CONTINENT_DERIVED_FROM_COORDINATES', 'TAXON_CONCEPT_ID_NOT_FOUND']",
1344983788,4fa7b334-ce0d-4e88-aaae-2e0c138d049e,2026-07-18T18:05:40.192+00:00,"Emberiza cia Linnaeus, 1767",2491498,Emberiza cia,Animalia,Aves,Passeriformes,Emberizidae,Emberiza,SPECIES,ACCEPTED,2015-01-06,2015,1,6,46.23004,9.044324,,CH,HUMAN_OBSERVATION,PRESENT,"['CONTINENT_DERIVED_FROM_COORDINATES', 'TAXON_CONCEPT_ID_NOT_FOUND']",
1344983797,4fa7b334-ce0d-4e88-aaae-2e0c138d049e,2026-07-18T18:00:52.777+00:00,"Corvus cornix Linnaeus, 1758",2482515,Corvus cornix,Animalia,Aves,Passeriformes,Corvidae,Corvus,SPECIES,ACCEPTED,2015-01-06,2015,1,6,46.23004,9.044324,,CH,HUMAN_OBSERVATION,PRESENT,"['CONTINENT_DERIVED_FROM_COORDINATES', 'TAXON_CONCEPT_ID_NOT_FOUND']",
1344983816,4fa7b334-ce0d-4e88-aaae-2e0c138d049e,2026-07-18T18:06:05.113+00:00,"Erithacus rubecula (Linnaeus, 1758)",2492462,Erithacus rubecula,Animalia,Aves,Passeriformes,Muscicapidae,Erithacus,SPECIES,ACCEPTED,2015-01-06,2015,1,6,46.23004,9.044324,,CH,HUMAN_OBSERVATION,PRESENT,"['CONTINENT_DERIVED_FROM_COORDINATES', 'TAXON_CONCEPT_ID_NOT_FOUND']",
1344985089,4fa7b334-ce0d-4e88-aaae-2e0c138d049e,2026-07-18T17:59:47.229+00:00,"Gallinula chloropus (Linnaeus, 1758)",5228199,Gallinula chloropus,Animalia,Aves,Gruiformes,Rallidae,Gallinula,SPECIES,ACCEPTED,2015-01-06,2015,1,6,46.38223,6.243153,,CH,HUMAN_OBSERVATION,PRESENT,"['COORDINATE_ROUNDED', 'CONTINENT_DERIVED_FROM_COORDINATES', 'TAXON_CONCEPT_ID_NOT_FOUND']",
1344985094,4fa7b334-ce0d-4e88-aaae-2e0c138d049e,2026-07-18T18:04:26.054+00:00,"Chroicocephalus ridibundus (Linnaeus, 1766)",6065824,Chroicocephalus ridibundus,Animalia,Aves,Charadriiformes,Laridae,Chroicocephalus,SPECIES,ACCEPTED,2015-01-06,2015,1,6,46.38223,6.243153,,CH,HUMAN_OBSERVATION,PRESENT,"['COORDINATE_ROUNDED', 'CONTINENT_DERIVED_FROM_COORDINATES', 'TAXON_CONCEPT_ID_NOT_FOUND']",
1344985149,4fa7b334-ce0d-4e88-aaae-2e0c138d049e,2026-07-18T18:02:02.548+00:00,"Corvus corone Linnaeus, 1758",9409796,Corvus corone,Animalia,Aves,Passeriformes,Corvidae,Corvus,SPECIES,ACCEPTED,2015-01-06,2015,1,6,46.38223,6.243153,,CH,HUMAN_OBSERVATION,PRESENT,"['COORDINATE_ROUNDED', 'CONTINENT_DERIVED_FROM_COORDINATES', 'TAXON_CONCEPT_ID_NOT_FOUND']",
1344985166,4fa7b334-ce0d-4e88-aaae-2e0c138d049e,2026-07-18T18:05:05.799+00:00,"Podiceps nigricollis C.L.Brehm, 1831",2482065,Podiceps nigricollis,Animalia,Aves,Podicipediformes,Podicipedidae,Podiceps,SPECIES,ACCEPTED,2015-01-06,2015,1,6,46.38223,6.243153,,CH,HUMAN_OBSERVATION,PRESENT,"['COORDINATE_ROUNDED', 'CONTINENT_DERIVED_FROM_COORDINATES', 'TAXON_CONCEPT_ID_NOT_FOUND']",
1344985187,4fa7b334-ce0d-4e88-aaae-2e0c138d049e,2026-07-18T18:01:29.025+00:00,"Phalacrocorax carbo (Linnaeus, 1758)",2481890,Phalacrocorax carbo,Animalia,Aves,Suliformes,Phalacrocoracidae,Phalacrocorax,SPECIES,ACCEPTED,2015-01-06,2015,1,6,46.38223,6.243153,,CH,HUMAN_OBSERVATION,PRESENT,"['COORDINATE_ROUNDED', 'CONTINENT_DERIVED_FROM_COORDINATES', 'TAXON_CONCEPT_ID_NOT_FOUND']",
1344985225,4fa7b334-ce0d-4e88-aaae-2e0c138d049e,2026-07-18T18:01:53.585+00:00,"Turdus merula Linnaeus, 1758",2490719,Turdus merula,Animalia,Aves,Passeriformes,Turdidae,Turdus,SPECIES,ACCEPTED,2015-01-06,2015,1,6,46.38223,6.243153,,CH,HUMAN_OBSERVATION,PRESENT,"['COORDINATE_ROUNDED', 'CONTINENT_DERIVED_FROM_COORDINATES', 'TAXON_CONCEPT_ID_NOT_FOUND']",
1344985229,4fa7b334-ce0d-4e88-aaae-2e0c138d049e,2026-07-18T18:05:00.146+00:00,"Ardea cinerea Linnaeus, 1758",9797180,Ardea cinerea,Animalia,Aves,Pelecaniformes,Ardeidae,Ardea,SPECIES,ACCEPTED,2015-01-06,2015,1,6,46.38223,6.243153,,CH,HUMAN_OBSERVATION,PRESENT,"['COORDINATE_ROUNDED', 'CONTINENT_DERIVED_FROM_COORDINATES', 'TAXON_CONCEPT_ID_NOT_FOUND']",
1344985238,4fa7b334-ce0d-4e88-aaae-2e0c138d049e,2026-07-18T18:01:30.912+00:00,"Mergus merganser Linnaeus, 1758",9537647,Mergus merganser,Animalia,Aves,Anseriformes,Anatidae,Mergus,SPECIES,ACCEPTED,2015-01-06,2015,1,6,46.38223,6.243153,,CH,HUMAN_OBSERVATION,PRESENT,"['COORDINATE_ROUNDED', 'CONTINENT_DERIVED_FROM_COORDINATES', 'TAXON_CONCEPT_ID_NOT_FOUND']",
1344985250,4fa7b334-ce0d-4e88-aaae-2e0c138d049e,2026-07-18T17:58:51.892+00:00,"Fringilla coelebs Linnaeus, 1758",2494422,Fringilla coelebs,Animalia,Aves,Passeriformes,Fringillidae,Fringilla,SPECIES,ACCEPTED,2015-01-06,2015,1,6,46.38223,6.243153,,CH,HUMAN_OBSERVATION,PRESENT,"['COORDINATE_ROUNDED', 'CONTINENT_DERIVED_FROM_COORDINATES', 'TAXON_CONCEPT_ID_NOT_FOUND']",
1344985265,4fa7b334-ce0d-4e88-aaae-2e0c138d049e,2026-07-18T18:00:50.926+00:00,"Prunella modularis (Linnaeus, 1758)",5231763,Prunella modularis,Animalia,Aves,Passeriformes,Prunellidae,Prunella,SPECIES,ACCEPTED,2015-01-06,2015,1,6,46.38223,6.243153,,CH,HUMAN_OBSERVATION,PRESENT,"['COORDINATE_ROUNDED', 'CONTINENT_DERIVED_FROM_COORDINATES', 'TAXON_CONCEPT_ID_NOT_FOUND']",
1344985268,4fa7b334-ce0d-4e88-aaae-2e0c138d049e,2026-07-18T17:59:58.468+00:00,"Aythya ferina (Linnaeus, 1758)",2498255,Aythya ferina,Animalia,Aves,Anseriformes,Anatidae,Aythya,SPECIES,ACCEPTED,2015-01-06,2015,1,6,46.38223,6.243153,,CH,HUMAN_OBSERVATION,PRESENT,"['COORDINATE_ROUNDED', 'CONTINENT_DERIVED_FROM_COORDINATES', 'TAXON_CONCEPT_ID_NOT_FOUND']",
1344985274,4fa7b334-ce0d-4e88-aaae-2e0c138d049e,2026-07-18T18:01:15.620+00:00,"Fulica atra Linnaeus, 1758",2474377,Fulica atra,Animalia,Aves,Gruiformes,Rallidae,Fulica,SPECIES,ACCEPTED,2015-01-06,2015,1,6,46.38223,6.243153,,CH,HUMAN_OBSERVATION,PRESENT,"['COORDINATE_ROUNDED', 'CONTINENT_DERIVED_FROM_COORDINATES', 'TAXON_CONCEPT_ID_NOT_FOUND']",
1344985276,4fa7b334-ce0d-4e88-aaae-2e0c138d049e,2026-07-18T18:03:02.450+00:00,"Podiceps cristatus (Linnaeus, 1758)",2482054,Podiceps cristatus,Animalia,Aves,Podicipediformes,Podicipedidae,Podiceps,SPECIES,ACCEPTED,2015-01-06,2015,1,6,46.38223,6.243153,,CH,HUMAN_OBSERVATION,PRESENT,"['COORDINATE_ROUNDED', 'CONTINENT_DERIVED_FROM_COORDINATES', 'TAXON_CONCEPT_ID_NOT_FOUND']",
1344985290,4fa7b334-ce0d-4e88-aaae-2e0c138d049e,2026-07-18T17:59:02.583+00:00,"Cyanistes caeruleus (Linnaeus, 1758)",2487879,Cyanistes caeruleus,Animalia,Aves,Passeriformes,Paridae,Cyanistes,SPECIES,ACCEPTED,2015-01-06,2015,1,6,46.38223,6.243153,,CH,HUMAN_OBSERVATION,PRESENT,"['COORDINATE_ROUNDED', 'CONTINENT_DERIVED_FROM_COORDINATES', 'TAXON_CONCEPT_ID_NOT_FOUND']",
1344985293,4fa7b334-ce0d-4e88-aaae-2e0c138d049e,2026-07-18T18:02:25.028+00:00,"Erithacus rubecula (Linnaeus, 1758)",2492462,Erithacus rubecula,Animalia,Aves,Passeriformes,Muscicapidae,Erithacus,SPECIES,ACCEPTED,2015-01-06,2015,1,6,46.38223,6.243153,,CH,HUMAN_OBSERVATION,PRESENT,"['COORDINATE_ROUNDED', 'CONTINENT_DERIVED_FROM_COORDINATES', 'TAXON_CONCEPT_ID_NOT_FOUND']",
1344985294,4fa7b334-ce0d-4e88-aaae-2e0c138d049e,2026-07-18T18:02:22.548+00:00,"Chloris chloris (Linnaeus, 1758)",5845582,Chloris chloris,Animalia,Aves,Passeriformes,Fringillidae,Chloris,SPECIES,ACCEPTED,2015-01-06,2015,1,6,46.38223,6.243153,,CH,HUMAN_OBSERVATION,PRESENT,"['COORDINATE_ROUNDED', 'CONTINENT_DERIVED_FROM_COORDINATES', 'TAXON_CONCEPT_ID_NOT_FOUND']",
1344985485,4fa7b334-ce0d-4e88-aaae-2e0c138d049e,2026-07-18T18:01:40.268+00:00,"Fringilla montifringilla Linnaeus, 1758",2494441,Fringilla montifringilla,Animalia,Aves,Passeriformes,Fringillidae,Fringilla,SPECIES,ACCEPTED,2015-01-06,2015,1,6,46.76175,7.416018,,CH,HUMAN_OBSERVATION,PRESENT,"['CONTINENT_DERIVED_FROM_COORDINATES', 'TAXON_CONCEPT_ID_NOT_FOUND']",
1344985487,4fa7b334-ce0d-4e88-aaae-2e0c138d049e,2026-07-18T18:01:43.198+00:00,"Loxia curvirostra Linnaeus, 1758",9629160,Loxia curvirostra,Animalia,Aves,Passeriformes,Fringillidae,Loxia,SPECIES,ACCEPTED,2015-01-06,2015,1,6,46.76175,7.416018,,CH,HUMAN_OBSERVATION,PRESENT,"['CONTINENT_DERIVED_FROM_COORDINATES', 'TAXON_CONCEPT_ID_NOT_FOUND']",
1344985493,4fa7b334-ce0d-4e88-aaae-2e0c138d049e,2026-07-18T18:01:45.019+00:00,"Corvus corax Linnaeus, 1758",2482492,Corvus corax,Animalia,Aves,Passeriformes,Corvidae,Corvus,SPECIES,ACCEPTED,2015-01-06,2015,1,6,46.76175,7.416018,,CH,HUMAN_OBSERVATION,PRESENT,"['CONTINENT_DERIVED_FROM_COORDINATES', 'TAXON_CONCEPT_ID_NOT_FOUND']",
1344985497,4fa7b334-ce0d-4e88-aaae-2e0c138d049e,2026-07-18T18:04:12.544+00:00,"Fringilla coelebs Linnaeus, 1758",2494422,Fringilla coelebs,Animalia,Aves,Passeriformes,Fringillidae,Fringilla,SPECIES,ACCEPTED,2015-01-06,2015,1,6,46.76175,7.416018,,CH,HUMAN_OBSERVATION,PRESENT,"['CONTINENT_DERIVED_FROM_COORDINATES', 'TAXON_CONCEPT_ID_NOT_FOUND']",
1344985564,4fa7b334-ce0d-4e88-aaae-2e0c138d049e,2026-07-18T18:05:11.690+00:00,"Lophophanes cristatus (Linnaeus, 1758)",2487883,Lophophanes cristatus,Animalia,Aves,Passeriformes,Paridae,Lophophanes,SPECIES,ACCEPTED,2015-01-06,2015,1,6,46.76175,7.416018,,CH,HUMAN_OBSERVATION,PRESENT,"['CONTINENT_DERIVED_FROM_COORDINATES', 'TAXON_CONCEPT_ID_NOT_FOUND']",
1344985572,4fa7b334-ce0d-4e88-aaae-2e0c138d049e,2026-07-18T18:02:07.306+00:00,"Cyanistes caeruleus (Linnaeus, 1758)",2487879,Cyanistes caeruleus,Animalia,Aves,Passeriformes,Paridae,Cyanistes,SPECIES,ACCEPTED,2015-01-06,2015,1,6,46.76175,7.416018,,CH,HUMAN_OBSERVATION,PRESENT,"['CONTINENT_DERIVED_FROM_COORDINATES', 'TAXON_CONCEPT_ID_NOT_FOUND']",
1344985614,4fa7b334-ce0d-4e88-aaae-2e0c138d049e,2026-07-18T18:01:14.440+00:00,"Chloris chloris (Linnaeus, 1758)",5845582,Chloris chloris,Animalia,Aves,Passeriformes,Fringillidae,Chloris,SPECIES,ACCEPTED,2015-01-06,2015,1,6,46.76175,7.416018,,CH,HUMAN_OBSERVATION,PRESENT,"['CONTINENT_DERIVED_FROM_COORDINATES', 'TAXON_CONCEPT_ID_NOT_FOUND']",
1344985618,4fa7b334-ce0d-4e88-aaae-2e0c138d049e,2026-07-18T18:05:38.655+00:00,"Parus major Linnaeus, 1758",9705453,Parus major,Animalia,Aves,Passeriformes,Paridae,Parus,SPECIES,ACCEPTED,2015-01-06,2015,1,6,46.76175,7.416018,,CH,HUMAN_OBSERVATION,PRESENT,"['CONTINENT_DERIVED_FROM_COORDINATES', 'TAXON_CONCEPT_ID_NOT_FOUND']",
1344985649,4fa7b334-ce0d-4e88-aaae-2e0c138d049e,2026-07-18T18:04:33.660+00:00,"Spinus spinus (Linnaeus, 1758)",6092830,Spinus spinus,Animalia,Aves,Passeriformes,Fringillidae,Spinus,SPECIES,ACCEPTED,2015-01-06,2015,1,6,46.76175,7.416018,,CH,HUMAN_OBSERVATION,PRESENT,"['CONTINENT_DERIVED_FROM_COORDINATES', 'TAXON_CONCEPT_ID_NOT_FOUND']",
1344986018,4fa7b334-ce0d-4e88-aaae-2e0c138d049e,2026-07-18T17:59:36.252+00:00,"Picus viridis Linnaeus, 1758",2478523,Picus viridis,Animalia,Aves,Piciformes,Picidae,Picus,SPECIES,ACCEPTED,2015-01-06,2015,1,6,46.38223,6.243153,,CH,HUMAN_OBSERVATION,PRESENT,"['COORDINATE_ROUNDED', 'CONTINENT_DERIVED_FROM_COORDINATES', 'TAXON_CONCEPT_ID_NOT_FOUND']",
1344986025,4fa7b334-ce0d-4e88-aaae-2e0c138d049e,2026-07-18T18:00:56.182+00:00,"Larus canus Linnaeus, 1758",7982160,Larus canus,Animalia,Aves,Charadriiformes,Laridae,Larus,SPECIES,ACCEPTED,2015-01-06,2015,1,6,46.38223,6.243153,,CH,HUMAN_OBSERVATION,PRESENT,"['COORDINATE_ROUNDED', 'CONTINENT_DERIVED_FROM_COORDINATES', 'TAXON_CONCEPT_ID_NOT_FOUND']",
1344986026,4fa7b334-ce0d-4e88-aaae-2e0c138d049e,2026-07-18T18:06:05.960+00:00,"Passer domesticus (Linnaeus, 1758)",5231190,Passer domesticus,Animalia,Aves,Passeriformes,Passeridae,Passer,SPECIES,ACCEPTED,2015-01-06,2015,1,6,46.38223,6.243153,,CH,HUMAN_OBSERVATION,PRESENT,"['COORDINATE_ROUNDED', 'CONTINENT_DERIVED_FROM_COORDINATES', 'TAXON_CONCEPT_ID_NOT_FOUND']",
1344986041,4fa7b334-ce0d-4e88-aaae-2e0c138d049e,2026-07-18T18:04:40.846+00:00,"Turdus viscivorus Linnaeus, 1758",2490774,Turdus viscivorus,Animalia,Aves,Passeriformes,Turdidae,Turdus,SPECIES,ACCEPTED,2015-01-06,2015,1,6,46.38223,6.243153,,CH,HUMAN_OBSERVATION,PRESENT,"['COORDINATE_ROUNDED', 'CONTINENT_DERIVED_FROM_COORDINATES', 'TAXON_CONCEPT_ID_NOT_FOUND']",
1344986071,4fa7b334-ce0d-4e88-aaae-2e0c138d049e,2026-07-18T18:06:20.736+00:00,"Cygnus olor (J.F.Gmelin, 1789)",2498343,Cygnus olor,Animalia,Aves,Anseriformes,Anatidae,Cygnus,SPECIES,ACCEPTED,2015-01-06,2015,1,6,46.38223,6.243153,,CH,HUMAN_OBSERVATION,PRESENT,"['COORDINATE_ROUNDED', 'CONTINENT_DERIVED_FROM_COORDINATES', 'TAXON_CONCEPT_ID_NOT_FOUND']",
1344986165,4fa7b334-ce0d-4e88-aaae-2e0c138d049e,2026-07-18T17:59:00.637+00:00,"Parus major Linnaeus, 1758",9705453,Parus major,Animalia,Aves,Passeriformes,Paridae,Parus,SPECIES,ACCEPTED,2015-01-06,2015,1,6,46.38223,6.243153,,CH,HUMAN_OBSERVATION,PRESENT,"['COORDINATE_ROUNDED', 'CONTINENT_DERIVED_FROM_COORDINATES', 'TAXON_CONCEPT_ID_NOT_FOUND']",
1344986169,4fa7b334-ce0d-4e88-aaae-2e0c138d049e,2026-07-18T17:59:22.305+00:00,"Aythya fuligula (Linnaeus, 1758)",2498261,Aythya fuligula,Animalia,Aves,Anseriformes,Anatidae,Aythya,SPECIES,ACCEPTED,2015-01-06,2015,1,6,46.38223,6.243153,,CH,HUMAN_OBSERVATION,PRESENT,"['COORDINATE_ROUNDED', 'CONTINENT_DERIVED_FROM_COORDINATES', 'TAXON_CONCEPT_ID_NOT_FOUND']",
1344986174,4fa7b334-ce0d-4e88-aaae-2e0c138d049e,2026-07-18T18:01:58.657+00:00,"Motacilla alba Linnaeus, 1758",9687165,Motacilla alba,Animalia,Aves,Passeriformes,Motacillidae,Motacilla,SPECIES,ACCEPTED,2015-01-06,2015,1,6,46.38223,6.243153,,CH,HUMAN_OBSERVATION,PRESENT,"['COORDINATE_ROUNDED', 'CONTINENT_DERIVED_FROM_COORDINATES', 'TAXON_CONCEPT_ID_NOT_FOUND']",
1344986177,4fa7b334-ce0d-4e88-aaae-2e0c138d049e,2026-07-18T18:05:30.189+00:00,"Larus michahellis J.F.Naumann, 1840",9413670,Larus michahellis,Animalia,Aves,Charadriiformes,Laridae,Larus,SPECIES,ACCEPTED,2015-01-06,2015,1,6,46.38223,6.243153,,CH,HUMAN_OBSERVATION,PRESENT,"['COORDINATE_ROUNDED', 'CONTINENT_DERIVED_FROM_COORDINATES', 'TAXON_CONCEPT_ID_NOT_FOUND']",
1344986241,4fa7b334-ce0d-4e88-aaae-2e0c138d049e,2026-07-18T18:01:00.529+00:00,"Anas platyrhynchos Linnaeus, 1758",9761484,Anas platyrhynchos,Animalia,Aves,Anseriformes,Anatidae,Anas,SPECIES,ACCEPTED,2015-01-06,2015,1,6,46.38223,6.243153,,CH,HUMAN_OBSERVATION,PRESENT,"['COORDINATE_ROUNDED', 'CONTINENT_DERIVED_FROM_COORDINATES', 'TAXON_CONCEPT_ID_NOT_FOUND']",
1345092927,4fa7b334-ce0d-4e88-aaae-2e0c138d049e,2026-07-18T18:00:00.411+00:00,"Cyanistes caeruleus (Linnaeus, 1758)",2487879,Cyanistes caeruleus,Animalia,Aves,Passeriformes,Paridae,Cyanistes,SPECIES,ACCEPTED,2015-01-07,2015,1,7,46.38223,6.243153,,CH,HUMAN_OBSERVATION,PRESENT,"['COORDINATE_ROUNDED', 'CONTINENT_DERIVED_FROM_COORDINATES', 'TAXON_CONCEPT_ID_NOT_FOUND']",
1345092987,4fa7b334-ce0d-4e88-aaae-2e0c138d049e,2026-07-18T18:00:20.420+00:00,"Chroicocephalus ridibundus (Linnaeus, 1766)",6065824,Chroicocephalus ridibundus,Animalia,Aves,Charadriiformes,Laridae,Chroicocephalus,SPECIES,ACCEPTED,2015-01-07,2015,1,7,46.38223,6.243153,,CH,HUMAN_OBSERVATION,PRESENT,"['COORDINATE_ROUNDED', 'CONTINENT_DERIVED_FROM_COORDINATES', 'TAXON_CONCEPT_ID_NOT_FOUND']",
1345093724,4fa7b334-ce0d-4e88-aaae-2e0c138d049e,2026-07-18T18:01:50.783+00:00,"Podiceps cristatus (Linnaeus, 1758)",2482054,Podiceps cristatus,Animalia,Aves,Podicipediformes,Podicipedidae,Podiceps,SPECIES,ACCEPTED,2015-01-07,2015,1,7,46.38223,6.243153,,CH,HUMAN_OBSERVATION,PRESENT,"['COORDINATE_ROUNDED', 'CONTINENT_DERIVED_FROM_COORDINATES', 'TAXON_CONCEPT_ID_NOT_FOUND']",
1345093748,4fa7b334-ce0d-4e88-aaae-2e0c138d049e,2026-07-18T18:04:29.055+00:00,"Larus canus Linnaeus, 1758",7982160,Larus canus,Animalia,Aves,Charadriiformes,Laridae,Larus,SPECIES,ACCEPTED,2015-01-07,2015,1,7,46.38223,6.243153,,CH,HUMAN_OBSERVATION,PRESENT,"['COORDINATE_ROUNDED', 'CONTINENT_DERIVED_FROM_COORDINATES', 'TAXON_CONCEPT_ID_NOT_FOUND']",
1345093751,4fa7b334-ce0d-4e88-aaae-2e0c138d049e,2026-07-18T18:03:44.435+00:00,"Dendrocopos major (Linnaeus, 1758)",2477968,Dendrocopos major,Animalia,Aves,Piciformes,Picidae,Dendrocopos,SPECIES,ACCEPTED,2015-01-07,2015,1,7,46.38223,6.243153,,CH,HUMAN_OBSERVATION,PRESENT,"['COORDINATE_ROUNDED', 'CONTINENT_DERIVED_FROM_COORDINATES', 'TAXON_CONCEPT_ID_NOT_FOUND']",
1345093797,4fa7b334-ce0d-4e88-aaae-2e0c138d049e,2026-07-18T18:01:04.550+00:00,"Motacilla alba Linnaeus, 1758",9687165,Motacilla alba,Animalia,Aves,Passeriformes,Motacillidae,Motacilla,SPECIES,ACCEPTED,2015-01-07,2015,1,7,46.38223,6.243153,,CH,HUMAN_OBSERVATION,PRESENT,"['COORDINATE_ROUNDED', 'CONTINENT_DERIVED_FROM_COORDINATES', 'TAXON_CONCEPT_ID_NOT_FOUND']",
1345093800,4fa7b334-ce0d-4e88-aaae-2e0c138d049e,2026-07-18T18:05:25.514+00:00,"Fringilla coelebs Linnaeus, 1758",2494422,Fringilla coelebs,Animalia,Aves,Passeriformes,Fringillidae,Fringilla,SPECIES,ACCEPTED,2015-01-07,2015,1,7,46.38223,6.243153,,CH,HUMAN_OBSERVATION,PRESENT,"['COORDINATE_ROUNDED', 'CONTINENT_DERIVED_FROM_COORDINATES', 'TAXON_CONCEPT_ID_NOT_FOUND']",
1345093819,4fa7b334-ce0d-4e88-aaae-2e0c138d049e,2026-07-18T18:03:04.971+00:00,"Passer domesticus (Linnaeus, 1758)",5231190,Passer domesticus,Animalia,Aves,Passeriformes,Passeridae,Passer,SPECIES,ACCEPTED,2015-01-07,2015,1,7,46.38223,6.243153,,CH,HUMAN_OBSERVATION,PRESENT,"['COORDINATE_ROUNDED', 'CONTINENT_DERIVED_FROM_COORDINATES', 'TAXON_CONCEPT_ID_NOT_FOUND']",
1345093822,4fa7b334-ce0d-4e88-aaae-2e0c138d049e,2026-07-18T18:02:14.041+00:00,"Parus major Linnaeus, 1758",9705453,Parus major,Animalia,Aves,Passeriformes,Paridae,Parus,SPECIES,ACCEPTED,2015-01-07,2015,1,7,46.38223,6.243153,,CH,HUMAN_OBSERVATION,PRESENT,"['COORDINATE_ROUNDED', 'CONTINENT_DERIVED_FROM_COORDINATES', 'TAXON_CONCEPT_ID_NOT_FOUND']",
1345093832,4fa7b334-ce0d-4e88-aaae-2e0c138d049e,2026-07-18T18:03:12.734+00:00,"Larus michahellis J.F.Naumann, 1840",9413670,Larus michahellis,Animalia,Aves,Charadriiformes,Laridae,Larus,SPECIES,ACCEPTED,2015-01-07,2015,1,7,46.38223,6.243153,,CH,HUMAN_OBSERVATION,PRESENT,"['COORDINATE_ROUNDED', 'CONTINENT_DERIVED_FROM_COORDINATES', 'TAXON_CONCEPT_ID_NOT_FOUND']",
1345093835,4fa7b334-ce0d-4e88-aaae-2e0c138d049e,2026-07-18T18:01:13.484+00:00,"Gallinula chloropus (Linnaeus, 1758)",5228199,Gallinula chloropus,Animalia,Aves,Gruiformes,Rallidae,Gallinula,SPECIES,ACCEPTED,2015-01-07,2015,1,7,46.38223,6.243153,,CH,HUMAN_OBSERVATION,PRESENT,"['COORDINATE_ROUNDED', 'CONTINENT_DERIVED_FROM_COORDINATES', 'TAXON_CONCEPT_ID_NOT_FOUND']",
1345093836,4fa7b334-ce0d-4e88-aaae-2e0c138d049e,2026-07-18T18:05:38.569+00:00,"Mergus merganser Linnaeus, 1758",9537647,Mergus merganser,Animalia,Aves,Anseriformes,Anatidae,Mergus,SPECIES,ACCEPTED,2015-01-07,2015,1,7,46.38223,6.243153,,CH,HUMAN_OBSERVATION,PRESENT,"['COORDINATE_ROUNDED', 'CONTINENT_DERIVED_FROM_COORDINATES', 'TAXON_CONCEPT_ID_NOT_FOUND']",
1345093845,4fa7b334-ce0d-4e88-aaae-2e0c138d049e,2026-07-18T18:02:02.244+00:00,"Poecile palustris (Linnaeus, 1758)",2487843,Poecile palustris,Animalia,Aves,Passeriformes,Paridae,Poecile,SPECIES,ACCEPTED,2015-01-07,2015,1,7,46.38223,6.243153,,CH,HUMAN_OBSERVATION,PRESENT,"['COORDINATE_ROUNDED', 'CONTINENT_DERIVED_FROM_COORDINATES', 'TAXON_CONCEPT_ID_NOT_FOUND']",
1345093847,4fa7b334-ce0d-4e88-aaae-2e0c138d049e,2026-07-18T18:04:48.993+00:00,"Sitta europaea Linnaeus, 1758",2484916,Sitta europaea,Animalia,Aves,Passeriformes,Sittidae,Sitta,SPECIES,ACCEPTED,2015-01-07,2015,1,7,46.38223,6.243153,,CH,HUMAN_OBSERVATION,PRESENT,"['COORDINATE_ROUNDED', 'CONTINENT_DERIVED_FROM_COORDINATES', 'TAXON_CONCEPT_ID_NOT_FOUND']",
1345093848,4fa7b334-ce0d-4e88-aaae-2e0c138d049e,2026-07-18T17:59:36.821+00:00,"Tachybaptus ruficollis (Pallas, 1764)",2482048,Tachybaptus ruficollis,Animalia,Aves,Podicipediformes,Podicipedidae,Tachybaptus,SPECIES,ACCEPTED,2015-01-07,2015,1,7,46.38223,6.243153,,CH,HUMAN_OBSERVATION,PRESENT,"['COORDINATE_ROUNDED', 'CONTINENT_DERIVED_FROM_COORDINATES', 'TAXON_CONCEPT_ID_NOT_FOUND']",
1345093849,4fa7b334-ce0d-4e88-aaae-2e0c138d049e,2026-07-18T18:03:51.123+00:00,"Streptopelia decaocto (Frivaldszky, 1838)",2495696,Streptopelia decaocto,Animalia,Aves,Columbiformes,Columbidae,Streptopelia,SPECIES,ACCEPTED,2015-01-07,2015,1,7,46.38223,6.243153,,CH,HUMAN_OBSERVATION,PRESENT,"['COORDINATE_ROUNDED', 'CONTINENT_DERIVED_FROM_COORDINATES', 'TAXON_CONCEPT_ID_NOT_FOUND']",
1345093853,4fa7b334-ce0d-4e88-aaae-2e0c138d049e,2026-07-18T17:58:49.731+00:00,"Turdus merula Linnaeus, 1758",2490719,Turdus merula,Animalia,Aves,Passeriformes,Turdidae,Turdus,SPECIES,ACCEPTED,2015-01-07,2015,1,7,46.38223,6.243153,,CH,HUMAN_OBSERVATION,PRESENT,"['COORDINATE_ROUNDED', 'CONTINENT_DERIVED_FROM_COORDINATES', 'TAXON_CONCEPT_ID_NOT_FOUND']",
1345093854,4fa7b334-ce0d-4e88-aaae-2e0c138d049e,2026-07-18T18:02:14.964+00:00,"Anas platyrhynchos Linnaeus, 1758",9761484,Anas platyrhynchos,Animalia,Aves,Anseriformes,Anatidae,Anas,SPECIES,ACCEPTED,2015-01-07,2015,1,7,46.38223,6.243153,,CH,HUMAN_OBSERVATION,PRESENT,"['COORDINATE_ROUNDED', 'CONTINENT_DERIVED_FROM_COORDINATES', 'TAXON_CONCEPT_ID_NOT_FOUND']",
1345093855,4fa7b334-ce0d-4e88-aaae-2e0c138d049e,2026-07-18T18:06:05.212+00:00,"Sturnus vulgaris Linnaeus, 1758",9809229,Sturnus vulgaris,Animalia,Aves,Passeriformes,Sturnidae,Sturnus,SPECIES,ACCEPTED,2015-01-07,2015,1,7,46.38223,6.243153,,CH,HUMAN_OBSERVATION,PRESENT,"['COORDINATE_ROUNDED', 'CONTINENT_DERIVED_FROM_COORDINATES', 'TAXON_CONCEPT_ID_NOT_FOUND']",
1345093858,4fa7b334-ce0d-4e88-aaae-2e0c138d049e,2026-07-18T18:01:24.395+00:00,"Erithacus rubecula (Linnaeus, 1758)",2492462,Erithacus rubecula,Animalia,Aves,Passeriformes,Muscicapidae,Erithacus,SPECIES,ACCEPTED,2015-01-07,2015,1,7,46.38223,6.243153,,CH,HUMAN_OBSERVATION,PRESENT,"['COORDINATE_ROUNDED', 'CONTINENT_DERIVED_FROM_COORDINATES', 'TAXON_CONCEPT_ID_NOT_FOUND']",
1345093863,4fa7b334-ce0d-4e88-aaae-2e0c138d049e,2026-07-18T18:01:35.273+00:00,"Aythya fuligula (Linnaeus, 1758)",2498261,Aythya fuligula,Animalia,Aves,Anseriformes,Anatidae,Aythya,SPECIES,ACCEPTED,2015-01-07,2015,1,7,46.38223,6.243153,,CH,HUMAN_OBSERVATION,PRESENT,"['COORDINATE_ROUNDED', 'CONTINENT_DERIVED_FROM_COORDINATES', 'TAXON_CONCEPT_ID_NOT_FOUND']",
1345093864,4fa7b334-ce0d-4e88-aaae-2e0c138d049e,2026-07-18T17:58:54.821+00:00,"Aegithalos caudatus (Linnaeus, 1758)",2495000,Aegithalos caudatus,Animalia,Aves,Passeriformes,Aegithalidae,Aegithalos,SPECIES,PROVISIONALLY_ACCEPTED,2015-01-07,2015,1,7,46.38223,6.243153,,CH,HUMAN_OBSERVATION,PRESENT,"['COORDINATE_ROUNDED', 'CONTINENT_DERIVED_FROM_COORDINATES', 'TAXON_CONCEPT_ID_NOT_FOUND']",
1345093870,4fa7b334-ce0d-4e88-aaae-2e0c138d049e,2026-07-18T18:04:34.179+00:00,"Cygnus olor (J.F.Gmelin, 1789)",2498343,Cygnus olor,Animalia,Aves,Anseriformes,Anatidae,Cygnus,SPECIES,ACCEPTED,2015-01-07,2015,1,7,46.38223,6.243153,,CH,HUMAN_OBSERVATION,PRESENT,"['COORDINATE_ROUNDED', 'CONTINENT_DERIVED_FROM_COORDINATES', 'TAXON_CONCEPT_ID_NOT_FOUND']",
1345093910,4fa7b334-ce0d-4e88-aaae-2e0c138d049e,2026-07-18T18:00:58.306+00:00,"Corvus corone Linnaeus, 1758",9409796,Corvus corone,Animalia,Aves,Passeriformes,Corvidae,Corvus,SPECIES,ACCEPTED,2015-01-07,2015,1,7,46.38223,6.243153,,CH,HUMAN_OBSERVATION,PRESENT,"['COORDINATE_ROUNDED', 'CONTINENT_DERIVED_FROM_COORDINATES', 'TAXON_CONCEPT_ID_NOT_FOUND']",
1345093912,4fa7b334-ce0d-4e88-aaae-2e0c138d049e,2026-07-18T18:02:29.731+00:00,"Aythya ferina (Linnaeus, 1758)",2498255,Aythya ferina,Animalia,Aves,Anseriformes,Anatidae,Aythya,SPECIES,ACCEPTED,2015-01-07,2015,1,7,46.38223,6.243153,,CH,HUMAN_OBSERVATION,PRESENT,"['COORDINATE_ROUNDED', 'CONTINENT_DERIVED_FROM_COORDINATES', 'TAXON_CONCEPT_ID_NOT_FOUND']",
1345093919,4fa7b334-ce0d-4e88-aaae-2e0c138d049e,2026-07-18T17:59:49.365+00:00,"Fulica atra Linnaeus, 1758",2474377,Fulica atra,Animalia,Aves,Gruiformes,Rallidae,Fulica,SPECIES,ACCEPTED,2015-01-07,2015,1,7,46.38223,6.243153,,CH,HUMAN_OBSERVATION,PRESENT,"['COORDINATE_ROUNDED', 'CONTINENT_DERIVED_FROM_COORDINATES', 'TAXON_CONCEPT_ID_NOT_FOUND']",
1345098365,4fa7b334-ce0d-4e88-aaae-2e0c138d049e,2026-07-18T18:02:45.945+00:00,"Columba palumbus Linnaeus, 1758",2495455,Columba palumbus,Animalia,Aves,Columbiformes,Columbidae,Columba,SPECIES,ACCEPTED,2015-01-07,2015,1,7,46.507374,6.535472,,CH,HUMAN_OBSERVATION,PRESENT,"['CONTINENT_DERIVED_FROM_COORDINATES', 'TAXON_CONCEPT_ID_NOT_FOUND']",
1345098374,4fa7b334-ce0d-4e88-aaae-2e0c138d049e,2026-07-18T17:59:34.197+00:00,"Passer domesticus (Linnaeus, 1758)",5231190,Passer domesticus,Animalia,Aves,Passeriformes,Passeridae,Passer,SPECIES,ACCEPTED,2015-01-07,2015,1,7,46.507374,6.535472,,CH,HUMAN_OBSERVATION,PRESENT,"['CONTINENT_DERIVED_FROM_COORDINATES', 'TAXON_CONCEPT_ID_NOT_FOUND']",
1345098382,4fa7b334-ce0d-4e88-aaae-2e0c138d049e,2026-07-18T18:02:55.839+00:00,"Bucephala clangula (Linnaeus, 1758)",2498326,Bucephala clangula,Animalia,Aves,Anseriformes,Anatidae,Bucephala,SPECIES,ACCEPTED,2015-01-07,2015,1,7,46.507374,6.535472,,CH,HUMAN_OBSERVATION,PRESENT,"['CONTINENT_DERIVED_FROM_COORDINATES', 'TAXON_CONCEPT_ID_NOT_FOUND']",
1345098395,4fa7b334-ce0d-4e88-aaae-2e0c138d049e,2026-07-18T18:00:51.800+00:00,"Erithacus rubecula (Linnaeus, 1758)",2492462,Erithacus rubecula,Animalia,Aves,Passeriformes,Muscicapidae,Erithacus,SPECIES,ACCEPTED,2015-01-07,2015,1,7,46.507374,6.535472,,CH,HUMAN_OBSERVATION,PRESENT,"['CONTINENT_DERIVED_FROM_COORDINATES', 'TAXON_CONCEPT_ID_NOT_FOUND']",
1345098403,4fa7b334-ce0d-4e88-aaae-2e0c138d049e,2026-07-18T18:02:52.717+00:00,"Gallinula chloropus (Linnaeus, 1758)",5228199,Gallinula chloropus,Animalia,Aves,Gruiformes,Rallidae,Gallinula,SPECIES,ACCEPTED,2015-01-07,2015,1,7,46.507374,6.535472,,CH,HUMAN_OBSERVATION,PRESENT,"['CONTINENT_DERIVED_FROM_COORDINATES', 'TAXON_CONCEPT_ID_NOT_FOUND']",
1345098406,4fa7b334-ce0d-4e88-aaae-2e0c138d049e,2026-07-18T18:02:50.585+00:00,"Anas platyrhynchos Linnaeus, 1758",9761484,Anas platyrhynchos,Animalia,Aves,Anseriformes,Anatidae,Anas,SPECIES,ACCEPTED,2015-01-07,2015,1,7,46.507374,6.535472,,CH,HUMAN_OBSERVATION,PRESENT,"['CONTINENT_DERIVED_FROM_COORDINATES', 'TAXON_CONCEPT_ID_NOT_FOUND']",
1345098410,4fa7b334-ce0d-4e88-aaae-2e0c138d049e,2026-07-18T18:01:34.476+00:00,"Picus viridis Linnaeus, 1758",2478523,Picus viridis,Animalia,Aves,Piciformes,Picidae,Picus,SPECIES,ACCEPTED,2015-01-07,2015,1,7,46.507374,6.535472,,CH,HUMAN_OBSERVATION,PRESENT,"['CONTINENT_DERIVED_FROM_COORDINATES', 'TAXON_CONCEPT_ID_NOT_FOUND']",
1345098421,4fa7b334-ce0d-4e88-aaae-2e0c138d049e,2026-07-18T18:00:33.921+00:00,"Podiceps nigricollis C.L.Brehm, 1831",2482065,Podiceps nigricollis,Animalia,Aves,Podicipediformes,Podicipedidae,Podiceps,SPECIES,ACCEPTED,2015-01-07,2015,1,7,46.507374,6.535472,,CH,HUMAN_OBSERVATION,PRESENT,"['CONTINENT_DERIVED_FROM_COORDINATES', 'TAXON_CONCEPT_ID_NOT_FOUND']",
1345098424,4fa7b334-ce0d-4e88-aaae-2e0c138d049e,2026-07-18T18:01:23.225+00:00,"Accipiter nisus (Linnaeus, 1758)",2480637,Accipiter nisus,Animalia,Aves,Accipitriformes,Accipitridae,Accipiter,SPECIES,ACCEPTED,2015-01-07,2015,1,7,46.507374,6.535472,,CH,HUMAN_OBSERVATION,PRESENT,"['CONTINENT_DERIVED_FROM_COORDINATES', 'TAXON_CONCEPT_ID_NOT_FOUND']",
1345098459,4fa7b334-ce0d-4e88-aaae-2e0c138d049e,2026-07-18T18:02:25.029+00:00,"Phalacrocorax carbo (Linnaeus, 1758)",2481890,Phalacrocorax carbo,Animalia,Aves,Suliformes,Phalacrocoracidae,Phalacrocorax,SPECIES,ACCEPTED,2015-01-07,2015,1,7,46.507374,6.535472,,CH,HUMAN_OBSERVATION,PRESENT,"['CONTINENT_DERIVED_FROM_COORDINATES', 'TAXON_CONCEPT_ID_NOT_FOUND']",
1345098477,4fa7b334-ce0d-4e88-aaae-2e0c138d049e,2026-07-18T18:04:39.426+00:00,"Parus major Linnaeus, 1758",9705453,Parus major,Animalia,Aves,Passeriformes,Paridae,Parus,SPECIES,ACCEPTED,2015-01-07,2015,1,7,46.507374,6.535472,,CH,HUMAN_OBSERVATION,PRESENT,"['CONTINENT_DERIVED_FROM_COORDINATES', 'TAXON_CONCEPT_ID_NOT_FOUND']",
1345098490,4fa7b334-ce0d-4e88-aaae-2e0c138d049e,2026-07-18T18:04:33.040+00:00,"Turdus merula Linnaeus, 1758",2490719,Turdus merula,Animalia,Aves,Passeriformes,Turdidae,Turdus,SPECIES,ACCEPTED,2015-01-07,2015,1,7,46.507374,6.535472,,CH,HUMAN_OBSERVATION,PRESENT,"['CONTINENT_DERIVED_FROM_COORDINATES', 'TAXON_CONCEPT_ID_NOT_FOUND']",
1345098508,4fa7b334-ce0d-4e88-aaae-2e0c138d049e,2026-07-18T18:04:05.903+00:00,"Cyanistes caeruleus (Linnaeus, 1758)",2487879,Cyanistes caeruleus,Animalia,Aves,Passeriformes,Paridae,Cyanistes,SPECIES,ACCEPTED,2015-01-07,2015,1,7,46.507374,6.535472,,CH,HUMAN_OBSERVATION,PRESENT,"['CONTINENT_DERIVED_FROM_COORDINATES', 'TAXON_CONCEPT_ID_NOT_FOUND']",
1345098517,4fa7b334-ce0d-4e88-aaae-2e0c138d049e,2026-07-18T18:05:58.408+00:00,"Gavia immer (Brunnich, 1764)",2481962,Gavia immer,Animalia,Aves,Gaviiformes,Gaviidae,Gavia,SPECIES,ACCEPTED,2015-01-07,2015,1,7,46.507374,6.535472,,CH,HUMAN_OBSERVATION,PRESENT,"['CONTINENT_DERIVED_FROM_COORDINATES', 'TAXON_CONCEPT_ID_NOT_FOUND']",
1345098522,4fa7b334-ce0d-4e88-aaae-2e0c138d049e,2026-07-18T18:04:05.483+00:00,"Corvus corone Linnaeus, 1758",9409796,Corvus corone,Animalia,Aves,Passeriformes,Corvidae,Corvus,SPECIES,ACCEPTED,2015-01-07,2015,1,7,46.507374,6.535472,,CH,HUMAN_OBSERVATION,PRESENT,"['CONTINENT_DERIVED_FROM_COORDINATES', 'TAXON_CONCEPT_ID_NOT_FOUND']",
1345098530,4fa7b334-ce0d-4e88-aaae-2e0c138d049e,2026-07-18T17:59:20.190+00:00,"Garrulus glandarius (Linnaeus, 1758)",5229493,Garrulus glandarius,Animalia,Aves,Passeriformes,Corvidae,Garrulus,SPECIES,ACCEPTED,2015-01-07,2015,1,7,46.507374,6.535472,,CH,HUMAN_OBSERVATION,PRESENT,"['CONTINENT_DERIVED_FROM_COORDINATES', 'TAXON_CONCEPT_ID_NOT_FOUND']",
1345098535,4fa7b334-ce0d-4e88-aaae-2e0c138d049e,2026-07-18T18:00:10.124+00:00,"Chroicocephalus ridibundus (Linnaeus, 1766)",6065824,Chroicocephalus ridibundus,Animalia,Aves,Charadriiformes,Laridae,Chroicocephalus,SPECIES,ACCEPTED,2015-01-07,2015,1,7,46.507374,6.535472,,CH,HUMAN_OBSERVATION,PRESENT,"['CONTINENT_DERIVED_FROM_COORDINATES', 'TAXON_CONCEPT_ID_NOT_FOUND']",
1345098541,4fa7b334-ce0d-4e88-aaae-2e0c138d049e,2026-07-18T18:05:06.009+00:00,"Poecile palustris (Linnaeus, 1758)",2487843,Poecile palustris,Animalia,Aves,Passeriformes,Paridae,Poecile,SPECIES,ACCEPTED,2015-01-07,2015,1,7,46.507374,6.535472,,CH,HUMAN_OBSERVATION,PRESENT,"['CONTINENT_DERIVED_FROM_COORDINATES', 'TAXON_CONCEPT_ID_NOT_FOUND']",
1345098542,4fa7b334-ce0d-4e88-aaae-2e0c138d049e,2026-07-18T18:02:54.136+00:00,"Actitis hypoleucos (Linnaeus, 1758)",2481800,Actitis hypoleucos,Animalia,Aves,Charadriiformes,Scolopacidae,Actitis,SPECIES,ACCEPTED,2015-01-07,2015,1,7,46.507374,6.535472,,CH,HUMAN_OBSERVATION,PRESENT,"['CONTINENT_DERIVED_FROM_COORDINATES', 'TAXON_CONCEPT_ID_NOT_FOUND']",
1345098543,4fa7b334-ce0d-4e88-aaae-2e0c138d049e,2026-07-18T18:05:12.547+00:00,"Prunella modularis (Linnaeus, 1758)",5231763,Prunella modularis,Animalia,Aves,Passeriformes,Prunellidae,Prunella,SPECIES,ACCEPTED,2015-01-07,2015,1,7,46.507374,6.535472,,CH,HUMAN_OBSERVATION,PRESENT,"['CONTINENT_DERIVED_FROM_COORDINATES', 'TAXON_CONCEPT_ID_NOT_FOUND']",
1345098551,4fa7b334-ce0d-4e88-aaae-2e0c138d049e,2026-07-18T18:05:39.786+00:00,"Podiceps cristatus (Linnaeus, 1758)",2482054,Podiceps cristatus,Animalia,Aves,Podicipediformes,Podicipedidae,Podiceps,SPECIES,ACCEPTED,2015-01-07,2015,1,7,46.507374,6.535472,,CH,HUMAN_OBSERVATION,PRESENT,"['CONTINENT_DERIVED_FROM_COORDINATES', 'TAXON_CONCEPT_ID_NOT_FOUND']",
1345098561,4fa7b334-ce0d-4e88-aaae-2e0c138d049e,2026-07-18T18:04:24.297+00:00,"Mareca strepera (Linnaeus, 1758)",9362027,Mareca strepera,Animalia,Aves,Anseriformes,Anatidae,Mareca,SPECIES,ACCEPTED,2015-01-07,2015,1,7,46.507374,6.535472,,CH,HUMAN_OBSERVATION,PRESENT,"['CONTINENT_DERIVED_FROM_COORDINATES', 'TAXON_CONCEPT_ID_NOT_FOUND']",
1345098565,4fa7b334-ce0d-4e88-aaae-2e0c138d049e,2026-07-18T18:05:39.452+00:00,"Ardea cinerea Linnaeus, 1758",9797180,Ardea cinerea,Animalia,Aves,Pelecaniformes,Ardeidae,Ardea,SPECIES,ACCEPTED,2015-01-07,2015,1,7,46.507374,6.535472,,CH,HUMAN_OBSERVATION,PRESENT,"['CONTINENT_DERIVED_FROM_COORDINATES', 'TAXON_CONCEPT_ID_NOT_FOUND']",
1345098573,4fa7b334-ce0d-4e88-aaae-2e0c138d049e,2026-07-18T17:59:27.971+00:00,"Buteo buteo (Linnaeus, 1758)",2480537,Buteo buteo,Animalia,Aves,Accipitriformes,Accipitridae,Buteo,SPECIES,ACCEPTED,2015-01-07,2015,1,7,46.507374,6.535472,,CH,HUMAN_OBSERVATION,PRESENT,"['CONTINENT_DERIVED_FROM_COORDINATES', 'TAXON_CONCEPT_ID_NOT_FOUND']",
1345099026,4fa7b334-ce0d-4e88-aaae-2e0c138d049e,2026-07-18T17:59:58.427+00:00,"Troglodytes troglodytes (Linnaeus, 1758)",5231438,Troglodytes troglodytes,Animalia,Aves,Passeriformes,Troglodytidae,Troglodytes,SPECIES,ACCEPTED,2015-01-07,2015,1,7,46.507374,6.535472,,CH,HUMAN_OBSERVATION,PRESENT,"['CONTINENT_DERIVED_FROM_COORDINATES', 'TAXON_CONCEPT_ID_NOT_FOUND']",
1345099075,4fa7b334-ce0d-4e88-aaae-2e0c138d049e,2026-07-18T18:01:37.163+00:00,"Larus michahellis J.F.Naumann, 1840",9413670,Larus michahellis,Animalia,Aves,Charadriiformes,Laridae,Larus,SPECIES,ACCEPTED,2015-01-07,2015,1,7,46.507374,6.535472,,CH,HUMAN_OBSERVATION,PRESENT,"['CONTINENT_DERIVED_FROM_COORDINATES', 'TAXON_CONCEPT_ID_NOT_FOUND']",
1345099080,4fa7b334-ce0d-4e88-aaae-2e0c138d049e,2026-07-18T18:00:46.559+00:00,"Gavia immer (Brunnich, 1764)",2481962,Gavia immer,Animalia,Aves,Gaviiformes,Gaviidae,Gavia,SPECIES,ACCEPTED,2015-01-07,2015,1,7,46.507374,6.535472,,CH,HUMAN_OBSERVATION,PRESENT,"['CONTINENT_DERIVED_FROM_COORDINATES', 'TAXON_CONCEPT_ID_NOT_FOUND']",
1345099102,4fa7b334-ce0d-4e88-aaae-2e0c138d049e,2026-07-18T17:58:54.488+00:00,"Motacilla alba Linnaeus, 1758",9687165,Motacilla alba,Animalia,Aves,Passeriformes,Motacillidae,Motacilla,SPECIES,ACCEPTED,2015-01-07,2015,1,7,46.507374,6.535472,,CH,HUMAN_OBSERVATION,PRESENT,"['CONTINENT_DERIVED_FROM_COORDINATES', 'TAXON_CONCEPT_ID_NOT_FOUND']",
1345099114,4fa7b334-ce0d-4e88-aaae-2e0c138d049e,2026-07-18T18:06:02.689+00:00,"Cygnus olor (J.F.Gmelin, 1789)",2498343,Cygnus olor,Animalia,Aves,Anseriformes,Anatidae,Cygnus,SPECIES,ACCEPTED,2015-01-07,2015,1,7,46.507374,6.535472,,CH,HUMAN_OBSERVATION,PRESENT,"['CONTINENT_DERIVED_FROM_COORDINATES', 'TAXON_CONCEPT_ID_NOT_FOUND']",
1345099134,4fa7b334-ce0d-4e88-aaae-2e0c138d049e,2026-07-18T17:58:54.488+00:00,"Corvus corone Linnaeus, 1758",9409796,Corvus corone,Animalia,Aves,Passeriformes,Corvidae,Corvus,SPECIES,ACCEPTED,2015-01-07,2015,1,7,46.507374,6.535472,,CH,HUMAN_OBSERVATION,PRESENT,"['CONTINENT_DERIVED_FROM_COORDINATES', 'TAXON_CONCEPT_ID_NOT_FOUND']",
1345099144,4fa7b334-ce0d-4e88-aaae-2e0c138d049e,2026-07-18T18:04:39.740+00:00,"Bucephala clangula (Linnaeus, 1758)",2498326,Bucephala clangula,Animalia,Aves,Anseriformes,Anatidae,Bucephala,SPECIES,ACCEPTED,2015-01-07,2015,1,7,46.507374,6.535472,,CH,HUMAN_OBSERVATION,PRESENT,"['CONTINENT_DERIVED_FROM_COORDINATES', 'TAXON_CONCEPT_ID_NOT_FOUND']",
1345099153,4fa7b334-ce0d-4e88-aaae-2e0c138d049e,2026-07-18T18:03:42.464+00:00,"Cyanistes caeruleus (Linnaeus, 1758)",2487879,Cyanistes caeruleus,Animalia,Aves,Passeriformes,Paridae,Cyanistes,SPECIES,ACCEPTED,2015-01-07,2015,1,7,46.507374,6.535472,,CH,HUMAN_OBSERVATION,PRESENT,"['CONTINENT_DERIVED_FROM_COORDINATES', 'TAXON_CONCEPT_ID_NOT_FOUND']",
1345099165,4fa7b334-ce0d-4e88-aaae-2e0c138d049e,2026-07-18T18:05:55.031+00:00,"Prunella modularis (Linnaeus, 1758)",5231763,Prunella modularis,Animalia,Aves,Passeriformes,Prunellidae,Prunella,SPECIES,ACCEPTED,2015-01-07,2015,1,7,46.507374,6.535472,,CH,HUMAN_OBSERVATION,PRESENT,"['CONTINENT_DERIVED_FROM_COORDINATES', 'TAXON_CONCEPT_ID_NOT_FOUND']",
1345099192,4fa7b334-ce0d-4e88-aaae-2e0c138d049e,2026-07-18T18:01:32.526+00:00,"Buteo buteo (Linnaeus, 1758)",2480537,Buteo buteo,Animalia,Aves,Accipitriformes,Accipitridae,Buteo,SPECIES,ACCEPTED,2015-01-07,2015,1,7,46.507374,6.535472,,CH,HUMAN_OBSERVATION,PRESENT,"['CONTINENT_DERIVED_FROM_COORDINATES', 'TAXON_CONCEPT_ID_NOT_FOUND']",
1345099201,4fa7b334-ce0d-4e88-aaae-2e0c138d049e,2026-07-18T18:02:31.622+00:00,"Podiceps nigricollis C.L.Brehm, 1831",2482065,Podiceps nigricollis,Animalia,Aves,Podicipediformes,Podicipedidae,Podiceps,SPECIES,ACCEPTED,2015-01-07,2015,1,7,46.507374,6.535472,,CH,HUMAN_OBSERVATION,PRESENT,"['CONTINENT_DERIVED_FROM_COORDINATES', 'TAXON_CONCEPT_ID_NOT_FOUND']",
1345099211,4fa7b334-ce0d-4e88-aaae-2e0c138d049e,2026-07-18T18:02:54.099+00:00,"Columba palumbus Linnaeus, 1758",2495455,Columba palumbus,Animalia,Aves,Columbiformes,Columbidae,Columba,SPECIES,ACCEPTED,2015-01-07,2015,1,7,46.507374,6.535472,,CH,HUMAN_OBSERVATION,PRESENT,"['CONTINENT_DERIVED_FROM_COORDINATES', 'TAXON_CONCEPT_ID_NOT_FOUND']",
1345099217,4fa7b334-ce0d-4e88-aaae-2e0c138d049e,2026-07-18T17:59:49.552+00:00,"Actitis hypoleucos (Linnaeus, 1758)",2481800,Actitis hypoleucos,Animalia,Aves,Charadriiformes,Scolopacidae,Actitis,SPECIES,ACCEPTED,2015-01-07,2015,1,7,46.507374,6.535472,,CH,HUMAN_OBSERVATION,PRESENT,"['CONTINENT_DERIVED_FROM_COORDINATES', 'TAXON_CONCEPT_ID_NOT_FOUND']",
1345099252,4fa7b334-ce0d-4e88-aaae-2e0c138d049e,2026-07-18T18:01:53.685+00:00,"Gallinula chloropus (Linnaeus, 1758)",5228199,Gallinula chloropus,Animalia,Aves,Gruiformes,Rallidae,Gallinula,SPECIES,ACCEPTED,2015-01-07,2015,1,7,46.507374,6.535472,,CH,HUMAN_OBSERVATION,PRESENT,"['CONTINENT_DERIVED_FROM_COORDINATES', 'TAXON_CONCEPT_ID_NOT_FOUND']",
1345099257,4fa7b334-ce0d-4e88-aaae-2e0c138d049e,2026-07-18T18:04:31.084+00:00,"Chroicocephalus ridibundus (Linnaeus, 1766)",6065824,Chroicocephalus ridibundus,Animalia,Aves,Charadriiformes,Laridae,Chroicocephalus,SPECIES,ACCEPTED,2015-01-07,2015,1,7,46.507374,6.535472,,CH,HUMAN_OBSERVATION,PRESENT,"['CONTINENT_DERIVED_FROM_COORDINATES', 'TAXON_CONCEPT_ID_NOT_FOUND']",
1345099600,4fa7b334-ce0d-4e88-aaae-2e0c138d049e,2026-07-18T18:02:54.678+00:00,"Garrulus glandarius (Linnaeus, 1758)",5229493,Garrulus glandarius,Animalia,Aves,Passeriformes,Corvidae,Garrulus,SPECIES,ACCEPTED,2015-01-07,2015,1,7,46.507374,6.535472,,CH,HUMAN_OBSERVATION,PRESENT,"['CONTINENT_DERIVED_FROM_COORDINATES', 'TAXON_CONCEPT_ID_NOT_FOUND']",
1345099650,4fa7b334-ce0d-4e88-aaae-2e0c138d049e,2026-07-18T18:04:16.475+00:00,"Mareca strepera (Linnaeus, 1758)",9362027,Mareca strepera,Animalia,Aves,Anseriformes,Anatidae,Mareca,SPECIES,ACCEPTED,2015-01-07,2015,1,7,46.507374,6.535472,,CH,HUMAN_OBSERVATION,PRESENT,"['CONTINENT_DERIVED_FROM_COORDINATES', 'TAXON_CONCEPT_ID_NOT_FOUND']",
1345099690,4fa7b334-ce0d-4e88-aaae-2e0c138d049e,2026-07-18T18:03:19.662+00:00,"Parus major Linnaeus, 1758",9705453,Parus major,Animalia,Aves,Passeriformes,Paridae,Parus,SPECIES,ACCEPTED,2015-01-07,2015,1,7,46.507374,6.535472,,CH,HUMAN_OBSERVATION,PRESENT,"['CONTINENT_DERIVED_FROM_COORDINATES', 'TAXON_CONCEPT_ID_NOT_FOUND']",
1345099695,4fa7b334-ce0d-4e88-aaae-2e0c138d049e,2026-07-18T18:00:40.438+00:00,"Anas platyrhynchos Linnaeus, 1758",9761484,Anas platyrhynchos,Animalia,Aves,Anseriformes,Anatidae,Anas,SPECIES,ACCEPTED,2015-01-07,2015,1,7,46.507374,6.535472,,CH,HUMAN_OBSERVATION,PRESENT,"['CONTINENT_DERIVED_FROM_COORDINATES', 'TAXON_CONCEPT_ID_NOT_FOUND']",
1345099700,4fa7b334-ce0d-4e88-aaae-2e0c138d049e,2026-07-18T18:00:59.395+00:00,"Larus michahellis J.F.Naumann, 1840",9413670,Larus michahellis,Animalia,Aves,Charadriiformes,Laridae,Larus,SPECIES,ACCEPTED,2015-01-07,2015,1,7,46.507374,6.535472,,CH,HUMAN_OBSERVATION,PRESENT,"['CONTINENT_DERIVED_FROM_COORDINATES', 'TAXON_CONCEPT_ID_NOT_FOUND']",
1345099704,4fa7b334-ce0d-4e88-aaae-2e0c138d049e,2026-07-18T17:58:54.113+00:00,"Troglodytes troglodytes (Linnaeus, 1758)",5231438,Troglodytes troglodytes,Animalia,Aves,Passeriformes,Troglodytidae,Troglodytes,SPECIES,ACCEPTED,2015-01-07,2015,1,7,46.507374,6.535472,,CH,HUMAN_OBSERVATION,PRESENT,"['CONTINENT_DERIVED_FROM_COORDINATES', 'TAXON_CONCEPT_ID_NOT_FOUND']",
1345099725,4fa7b334-ce0d-4e88-aaae-2e0c138d049e,2026-07-18T18:00:29.229+00:00,"Erithacus rubecula (Linnaeus, 1758)",2492462,Erithacus rubecula,Animalia,Aves,Passeriformes,Muscicapidae,Erithacus,SPECIES,ACCEPTED,2015-01-07,2015,1,7,46.507374,6.535472,,CH,HUMAN_OBSERVATION,PRESENT,"['CONTINENT_DERIVED_FROM_COORDINATES', 'TAXON_CONCEPT_ID_NOT_FOUND']",
1345099751,4fa7b334-ce0d-4e88-aaae-2e0c138d049e,2026-07-18T18:05:15.078+00:00,"Ardea cinerea Linnaeus, 1758",9797180,Ardea cinerea,Animalia,Aves,Pelecaniformes,Ardeidae,Ardea,SPECIES,ACCEPTED,2015-01-07,2015,1,7,46.507374,6.535472,,CH,HUMAN_OBSERVATION,PRESENT,"['CONTINENT_DERIVED_FROM_COORDINATES', 'TAXON_CONCEPT_ID_NOT_FOUND']",
1345099755,4fa7b334-ce0d-4e88-aaae-2e0c138d049e,2026-07-18T17:59:53.287+00:00,"Cygnus olor (J.F.Gmelin, 1789)",2498343,Cygnus olor,Animalia,Aves,Anseriformes,Anatidae,Cygnus,SPECIES,ACCEPTED,2015-01-07,2015,1,7,46.507374,6.535472,,CH,HUMAN_OBSERVATION,PRESENT,"['CONTINENT_DERIVED_FROM_COORDINATES', 'TAXON_CONCEPT_ID_NOT_FOUND']",
1345099758,4fa7b334-ce0d-4e88-aaae-2e0c138d049e,2026-07-18T18:04:59.858+00:00,"Turdus merula Linnaeus, 1758",2490719,Turdus merula,Animalia,Aves,Passeriformes,Turdidae,Turdus,SPECIES,ACCEPTED,2015-01-07,2015,1,7,46.507374,6.535472,,CH,HUMAN_OBSERVATION,PRESENT,"['CONTINENT_DERIVED_FROM_COORDINATES', 'TAXON_CONCEPT_ID_NOT_FOUND']",
1345099759,4fa7b334-ce0d-4e88-aaae-2e0c138d049e,2026-07-18T18:01:22.168+00:00,"Poecile palustris (Linnaeus, 1758)",2487843,Poecile palustris,Animalia,Aves,Passeriformes,Paridae,Poecile,SPECIES,ACCEPTED,2015-01-07,2015,1,7,46.507374,6.535472,,CH,HUMAN_OBSERVATION,PRESENT,"['CONTINENT_DERIVED_FROM_COORDINATES', 'TAXON_CONCEPT_ID_NOT_FOUND']",
1345099763,4fa7b334-ce0d-4e88-aaae-2e0c138d049e,2026-07-18T18:01:21.220+00:00,"Accipiter nisus (Linnaeus, 1758)",2480637,Accipiter nisus,Animalia,Aves,Accipitriformes,Accipitridae,Accipiter,SPECIES,ACCEPTED,2015-01-07,2015,1,7,46.507374,6.535472,,CH,HUMAN_OBSERVATION,PRESENT,"['CONTINENT_DERIVED_FROM_COORDINATES', 'TAXON_CONCEPT_ID_NOT_FOUND']",
1345099772,4fa7b334-ce0d-4e88-aaae-2e0c138d049e,2026-07-18T18:04:54.692+00:00,"Picus viridis Linnaeus, 1758",2478523,Picus viridis,Animalia,Aves,Piciformes,Picidae,Picus,SPECIES,ACCEPTED,2015-01-07,2015,1,7,46.507374,6.535472,,CH,HUMAN_OBSERVATION,PRESENT,"['CONTINENT_DERIVED_FROM_COORDINATES', 'TAXON_CONCEPT_ID_NOT_FOUND']",
1345099778,4fa7b334-ce0d-4e88-aaae-2e0c138d049e,2026-07-18T18:00:26.770+00:00,"Passer domesticus (Linnaeus, 1758)",5231190,Passer domesticus,Animalia,Aves,Passeriformes,Passeridae,Passer,SPECIES,ACCEPTED,2015-01-07,2015,1,7,46.507374,6.535472,,CH,HUMAN_OBSERVATION,PRESENT,"['CONTINENT_DERIVED_FROM_COORDINATES', 'TAXON_CONCEPT_ID_NOT_FOUND']",
1345099781,4fa7b334-ce0d-4e88-aaae-2e0c138d049e,2026-07-18T18:06:05.356+00:00,"Podiceps cristatus (Linnaeus, 1758)",2482054,Podiceps cristatus,Animalia,Aves,Podicipediformes,Podicipedidae,Podiceps,SPECIES,ACCEPTED,2015-01-07,2015,1,7,46.507374,6.535472,,CH,HUMAN_OBSERVATION,PRESENT,"['CONTINENT_DERIVED_FROM_COORDINATES', 'TAXON_CONCEPT_ID_NOT_FOUND']",
1345099782,4fa7b334-ce0d-4e88-aaae-2e0c138d049e,2026-07-18T18:02:25.653+00:00,"Motacilla alba Linnaeus, 1758",9687165,Motacilla alba,Animalia,Aves,Passeriformes,Motacillidae,Motacilla,SPECIES,ACCEPTED,2015-01-07,2015,1,7,46.507374,6.535472,,CH,HUMAN_OBSERVATION,PRESENT,"['CONTINENT_DERIVED_FROM_COORDINATES', 'TAXON_CONCEPT_ID_NOT_FOUND']",
1345099797,4fa7b334-ce0d-4e88-aaae-2e0c138d049e,2026-07-18T18:01:14.148+00:00,"Phalacrocorax carbo (Linnaeus, 1758)",2481890,Phalacrocorax carbo,Animalia,Aves,Suliformes,Phalacrocoracidae,Phalacrocorax,SPECIES,ACCEPTED,2015-01-07,2015,1,7,46.507374,6.535472,,CH,HUMAN_OBSERVATION,PRESENT,"['CONTINENT_DERIVED_FROM_COORDINATES', 'TAXON_CONCEPT_ID_NOT_FOUND']",
1345118537,4fa7b334-ce0d-4e88-aaae-2e0c138d049e,2026-07-18T18:02:02.260+00:00,"Cyanistes caeruleus (Linnaeus, 1758)",2487879,Cyanistes caeruleus,Animalia,Aves,Passeriformes,Paridae,Cyanistes,SPECIES,ACCEPTED,2015-01-07,2015,1,7,46.75687,7.415589,,CH,HUMAN_OBSERVATION,PRESENT,"['COORDINATE_ROUNDED', 'CONTINENT_DERIVED_FROM_COORDINATES', 'TAXON_CONCEPT_ID_NOT_FOUND']",
1345118554,4fa7b334-ce0d-4e88-aaae-2e0c138d049e,2026-07-18T17:59:32.468+00:00,"Spinus spinus (Linnaeus, 1758)",6092830,Spinus spinus,Animalia,Aves,Passeriformes,Fringillidae,Spinus,SPECIES,ACCEPTED,2015-01-07,2015,1,7,46.75687,7.415589,,CH,HUMAN_OBSERVATION,PRESENT,"['COORDINATE_ROUNDED', 'CONTINENT_DERIVED_FROM_COORDINATES', 'TAXON_CONCEPT_ID_NOT_FOUND']",
1345118555,4fa7b334-ce0d-4e88-aaae-2e0c138d049e,2026-07-18T17:58:50.036+00:00,"Carduelis carduelis (Linnaeus, 1758)",2494686,Carduelis carduelis,Animalia,Aves,Passeriformes,Fringillidae,Carduelis,SPECIES,ACCEPTED,2015-01-07,2015,1,7,46.75687,7.415589,,CH,HUMAN_OBSERVATION,PRESENT,"['COORDINATE_ROUNDED', 'CONTINENT_DERIVED_FROM_COORDINATES', 'TAXON_CONCEPT_ID_NOT_FOUND']",
1345118568,4fa7b334-ce0d-4e88-aaae-2e0c138d049e,2026-07-18T18:00:49.352+00:00,"Lophophanes cristatus (Linnaeus, 1758)",2487883,Lophophanes cristatus,Animalia,Aves,Passeriformes,Paridae,Lophophanes,SPECIES,ACCEPTED,2015-01-07,2015,1,7,46.75687,7.415589,,CH,HUMAN_OBSERVATION,PRESENT,"['COORDINATE_ROUNDED', 'CONTINENT_DERIVED_FROM_COORDINATES', 'TAXON_CONCEPT_ID_NOT_FOUND']",
1345118592,4fa7b334-ce0d-4e88-aaae-2e0c138d049e,2026-07-18T18:00:05.067+00:00,"Loxia curvirostra Linnaeus, 1758",9629160,Loxia curvirostra,Animalia,Aves,Passeriformes,Fringillidae,Loxia,SPECIES,ACCEPTED,2015-01-07,2015,1,7,46.75687,7.415589,,CH,HUMAN_OBSERVATION,PRESENT,"['COORDINATE_ROUNDED', 'CONTINENT_DERIVED_FROM_COORDINATES', 'TAXON_CONCEPT_ID_NOT_FOUND']",
1345118613,4fa7b334-ce0d-4e88-aaae-2e0c138d049e,2026-07-18T18:02:14.964+00:00,"Turdus merula Linnaeus, 1758",2490719,Turdus merula,Animalia,Aves,Passeriformes,Turdidae,Turdus,SPECIES,ACCEPTED,2015-01-07,2015,1,7,46.75687,7.415589,,CH,HUMAN_OBSERVATION,PRESENT,"['COORDINATE_ROUNDED', 'CONTINENT_DERIVED_FROM_COORDINATES', 'TAXON_CONCEPT_ID_NOT_FOUND']",
1345118632,4fa7b334-ce0d-4e88-aaae-2e0c138d049e,2026-07-18T18:00:20.821+00:00,"Chloris chloris (Linnaeus, 1758)",5845582,Chloris chloris,Animalia,Aves,Passeriformes,Fringillidae,Chloris,SPECIES,ACCEPTED,2015-01-07,2015,1,7,46.75687,7.415589,,CH,HUMAN_OBSERVATION,PRESENT,"['COORDINATE_ROUNDED', 'CONTINENT_DERIVED_FROM_COORDINATES', 'TAXON_CONCEPT_ID_NOT_FOUND']",
1345118639,4fa7b334-ce0d-4e88-aaae-2e0c138d049e,2026-07-18T18:05:08.630+00:00,"Buteo buteo (Linnaeus, 1758)",2480537,Buteo buteo,Animalia,Aves,Accipitriformes,Accipitridae,Buteo,SPECIES,ACCEPTED,2015-01-07,2015,1,7,46.75687,7.415589,,CH,HUMAN_OBSERVATION,PRESENT,"['COORDINATE_ROUNDED', 'CONTINENT_DERIVED_FROM_COORDINATES', 'TAXON_CONCEPT_ID_NOT_FOUND']",
1345118647,4fa7b334-ce0d-4e88-aaae-2e0c138d049e,2026-07-18T18:05:20.975+00:00,"Fringilla coelebs Linnaeus, 1758",2494422,Fringilla coelebs,Animalia,Aves,Passeriformes,Fringillidae,Fringilla,SPECIES,ACCEPTED,2015-01-07,2015,1,7,46.75687,7.415589,,CH,HUMAN_OBSERVATION,PRESENT,"['COORDINATE_ROUNDED', 'CONTINENT_DERIVED_FROM_COORDINATES', 'TAXON_CONCEPT_ID_NOT_FOUND']",
1345118683,4fa7b334-ce0d-4e88-aaae-2e0c138d049e,2026-07-18T18:01:41.038+00:00,"Parus major Linnaeus, 1758",9705453,Parus major,Animalia,Aves,Passeriformes,Paridae,Parus,SPECIES,ACCEPTED,2015-01-07,2015,1,7,46.75687,7.415589,,CH,HUMAN_OBSERVATION,PRESENT,"['COORDINATE_ROUNDED', 'CONTINENT_DERIVED_FROM_COORDINATES', 'TAXON_CONCEPT_ID_NOT_FOUND']",
1345126517,4fa7b334-ce0d-4e88-aaae-2e0c138d049e,2026-07-18T18:01:30.914+00:00,"Pica pica (Linnaeus, 1758)",5229490,Pica pica,Animalia,Aves,Passeriformes,Corvidae,Pica,SPECIES,ACCEPTED,2015-01-07,2015,1,7,46.507374,6.535472,,CH,HUMAN_OBSERVATION,PRESENT,"['CONTINENT_DERIVED_FROM_COORDINATES', 'TAXON_CONCEPT_ID_NOT_FOUND']",
1345126546,4fa7b334-ce0d-4e88-aaae-2e0c138d049e,2026-07-18T18:00:17.725+00:00,"Turdus merula Linnaeus, 1758",2490719,Turdus merula,Animalia,Aves,Passeriformes,Turdidae,Turdus,SPECIES,ACCEPTED,2015-01-07,2015,1,7,46.507374,6.535472,,CH,HUMAN_OBSERVATION,PRESENT,"['CONTINENT_DERIVED_FROM_COORDINATES', 'TAXON_CONCEPT_ID_NOT_FOUND']",
1345126547,4fa7b334-ce0d-4e88-aaae-2e0c138d049e,2026-07-18T18:05:44.787+00:00,"Bucephala clangula (Linnaeus, 1758)",2498326,Bucephala clangula,Animalia,Aves,Anseriformes,Anatidae,Bucephala,SPECIES,ACCEPTED,2015-01-07,2015,1,7,46.507374,6.535472,,CH,HUMAN_OBSERVATION,PRESENT,"['CONTINENT_DERIVED_FROM_COORDINATES', 'TAXON_CONCEPT_ID_NOT_FOUND']",
1345126549,4fa7b334-ce0d-4e88-aaae-2e0c138d049e,2026-07-18T18:02:02.044+00:00,"Gavia immer (Brunnich, 1764)",2481962,Gavia immer,Animalia,Aves,Gaviiformes,Gaviidae,Gavia,SPECIES,ACCEPTED,2015-01-07,2015,1,7,46.507374,6.535472,,CH,HUMAN_OBSERVATION,PRESENT,"['CONTINENT_DERIVED_FROM_COORDINATES', 'TAXON_CONCEPT_ID_NOT_FOUND']",
1345126568,4fa7b334-ce0d-4e88-aaae-2e0c138d049e,2026-07-18T18:02:03.689+00:00,"Mergus merganser Linnaeus, 1758",9537647,Mergus merganser,Animalia,Aves,Anseriformes,Anatidae,Mergus,SPECIES,ACCEPTED,2015-01-07,2015,1,7,46.507374,6.535472,,CH,HUMAN_OBSERVATION,PRESENT,"['CONTINENT_DERIVED_FROM_COORDINATES', 'TAXON_CONCEPT_ID_NOT_FOUND']",
1345126569,4fa7b334-ce0d-4e88-aaae-2e0c138d049e,2026-07-18T18:04:16.476+00:00,"Chroicocephalus ridibundus (Linnaeus, 1766)",6065824,Chroicocephalus ridibundus,Animalia,Aves,Charadriiformes,Laridae,Chroicocephalus,SPECIES,ACCEPTED,2015-01-07,2015,1,7,46.507374,6.535472,,CH,HUMAN_OBSERVATION,PRESENT,"['CONTINENT_DERIVED_FROM_COORDINATES', 'TAXON_CONCEPT_ID_NOT_FOUND']",
1345126574,4fa7b334-ce0d-4e88-aaae-2e0c138d049e,2026-07-18T18:04:31.822+00:00,"Columba palumbus Linnaeus, 1758",2495455,Columba palumbus,Animalia,Aves,Columbiformes,Columbidae,Columba,SPECIES,ACCEPTED,2015-01-07,2015,1,7,46.507374,6.535472,,CH,HUMAN_OBSERVATION,PRESENT,"['CONTINENT_DERIVED_FROM_COORDINATES', 'TAXON_CONCEPT_ID_NOT_FOUND']",
1345126598,4fa7b334-ce0d-4e88-aaae-2e0c138d049e,2026-07-18T18:00:33.968+00:00,"Gallinula chloropus (Linnaeus, 1758)",5228199,Gallinula chloropus,Animalia,Aves,Gruiformes,Rallidae,Gallinula,SPECIES,ACCEPTED,2015-01-07,2015,1,7,46.507374,6.535472,,CH,HUMAN_OBSERVATION,PRESENT,"['CONTINENT_DERIVED_FROM_COORDINATES', 'TAXON_CONCEPT_ID_NOT_FOUND']",
1345126618,4fa7b334-ce0d-4e88-aaae-2e0c138d049e,2026-07-18T18:01:50.063+00:00,"Corvus corone Linnaeus, 1758",9409796,Corvus corone,Animalia,Aves,Passeriformes,Corvidae,Corvus,SPECIES,ACCEPTED,2015-01-07,2015,1,7,46.507374,6.535472,,CH,HUMAN_OBSERVATION,PRESENT,"['CONTINENT_DERIVED_FROM_COORDINATES', 'TAXON_CONCEPT_ID_NOT_FOUND']",
1345127152,4fa7b334-ce0d-4e88-aaae-2e0c138d049e,2026-07-18T18:03:09.676+00:00,"Motacilla alba Linnaeus, 1758",9687165,Motacilla alba,Animalia,Aves,Passeriformes,Motacillidae,Motacilla,SPECIES,ACCEPTED,2015-01-07,2015,1,7,46.507374,6.535472,,CH,HUMAN_OBSERVATION,PRESENT,"['CONTINENT_DERIVED_FROM_COORDINATES', 'TAXON_CONCEPT_ID_NOT_FOUND']",
1345127200,4fa7b334-ce0d-4e88-aaae-2e0c138d049e,2026-07-18T17:59:02.811+00:00,"Passer domesticus (Linnaeus, 1758)",5231190,Passer domesticus,Animalia,Aves,Passeriformes,Passeridae,Passer,SPECIES,ACCEPTED,2015-01-07,2015,1,7,46.507374,6.535472,,CH,HUMAN_OBSERVATION,PRESENT,"['CONTINENT_DERIVED_FROM_COORDINATES', 'TAXON_CONCEPT_ID_NOT_FOUND']",
1345127216,4fa7b334-ce0d-4e88-aaae-2e0c138d049e,2026-07-18T18:01:13.591+00:00,"Mareca strepera (Linnaeus, 1758)",9362027,Mareca strepera,Animalia,Aves,Anseriformes,Anatidae,Mareca,SPECIES,ACCEPTED,2015-01-07,2015,1,7,46.507374,6.535472,,CH,HUMAN_OBSERVATION,PRESENT,"['CONTINENT_DERIVED_FROM_COORDINATES', 'TAXON_CONCEPT_ID_NOT_FOUND']",
1345127234,4fa7b334-ce0d-4e88-aaae-2e0c138d049e,2026-07-18T18:02:28.685+00:00,"Columba livia J.F.Gmelin, 1789",2495414,Columba livia,Animalia,Aves,Columbiformes,Columbidae,Columba,SPECIES,ACCEPTED,2015-01-07,2015,1,7,46.507374,6.535472,,CH,HUMAN_OBSERVATION,PRESENT,"['CONTINENT_DERIVED_FROM_COORDINATES', 'TAXON_CONCEPT_ID_NOT_FOUND']",
1345127265,4fa7b334-ce0d-4e88-aaae-2e0c138d049e,2026-07-18T18:01:51.741+00:00,"Podiceps cristatus (Linnaeus, 1758)",2482054,Podiceps cristatus,Animalia,Aves,Podicipediformes,Podicipedidae,Podiceps,SPECIES,ACCEPTED,2015-01-07,2015,1,7,46.507374,6.535472,,CH,HUMAN_OBSERVATION,PRESENT,"['CONTINENT_DERIVED_FROM_COORDINATES', 'TAXON_CONCEPT_ID_NOT_FOUND']",
1345127275,4fa7b334-ce0d-4e88-aaae-2e0c138d049e,2026-07-18T18:02:06.681+00:00,"Erithacus rubecula (Linnaeus, 1758)",2492462,Erithacus rubecula,Animalia,Aves,Passeriformes,Muscicapidae,Erithacus,SPECIES,ACCEPTED,2015-01-07,2015,1,7,46.507374,6.535472,,CH,HUMAN_OBSERVATION,PRESENT,"['CONTINENT_DERIVED_FROM_COORDINATES', 'TAXON_CONCEPT_ID_NOT_FOUND']",
1345127277,4fa7b334-ce0d-4e88-aaae-2e0c138d049e,2026-07-18T18:00:46.344+00:00,"Anas platyrhynchos Linnaeus, 1758",9761484,Anas platyrhynchos,Animalia,Aves,Anseriformes,Anatidae,Anas,SPECIES,ACCEPTED,2015-01-07,2015,1,7,46.507374,6.535472,,CH,HUMAN_OBSERVATION,PRESENT,"['CONTINENT_DERIVED_FROM_COORDINATES', 'TAXON_CONCEPT_ID_NOT_FOUND']",
1345127283,4fa7b334-ce0d-4e88-aaae-2e0c138d049e,2026-07-18T18:05:45.160+00:00,"Cygnus olor (J.F.Gmelin, 1789)",2498343,Cygnus olor,Animalia,Aves,Anseriformes,Anatidae,Cygnus,SPECIES,ACCEPTED,2015-01-07,2015,1,7,46.507374,6.535472,,CH,HUMAN_OBSERVATION,PRESENT,"['CONTINENT_DERIVED_FROM_COORDINATES', 'TAXON_CONCEPT_ID_NOT_FOUND']",
1345127317,4fa7b334-ce0d-4e88-aaae-2e0c138d049e,2026-07-18T17:59:55.515+00:00,"Phalacrocorax carbo (Linnaeus, 1758)",2481890,Phalacrocorax carbo,Animalia,Aves,Suliformes,Phalacrocoracidae,Phalacrocorax,SPECIES,ACCEPTED,2015-01-07,2015,1,7,46.507374,6.535472,,CH,HUMAN_OBSERVATION,PRESENT,"['CONTINENT_DERIVED_FROM_COORDINATES', 'TAXON_CONCEPT_ID_NOT_FOUND']",
1345127322,4fa7b334-ce0d-4e88-aaae-2e0c138d049e,2026-07-18T18:02:14.312+00:00,"Larus michahellis J.F.Naumann, 1840",9413670,Larus michahellis,Animalia,Aves,Charadriiformes,Laridae,Larus,SPECIES,ACCEPTED,2015-01-07,2015,1,7,46.507374,6.535472,,CH,HUMAN_OBSERVATION,PRESENT,"['CONTINENT_DERIVED_FROM_COORDINATES', 'TAXON_CONCEPT_ID_NOT_FOUND']",
1345127330,4fa7b334-ce0d-4e88-aaae-2e0c138d049e,2026-07-18T18:02:44.447+00:00,"Tachybaptus ruficollis (Pallas, 1764)",2482048,Tachybaptus ruficollis,Animalia,Aves,Podicipediformes,Podicipedidae,Tachybaptus,SPECIES,ACCEPTED,2015-01-07,2015,1,7,46.507374,6.535472,,CH,HUMAN_OBSERVATION,PRESENT,"['CONTINENT_DERIVED_FROM_COORDINATES', 'TAXON_CONCEPT_ID_NOT_FOUND']",
1345201099,4fa7b334-ce0d-4e88-aaae-2e0c138d049e,2026-07-18T18:04:22.448+00:00,"Periparus ater (Linnaeus, 1758)",2487871,Periparus ater,Animalia,Aves,Passeriformes,Paridae,Periparus,SPECIES,ACCEPTED,2015-01-08,2015,1,8,46.762722,7.418551,,CH,HUMAN_OBSERVATION,PRESENT,"['COORDINATE_ROUNDED', 'CONTINENT_DERIVED_FROM_COORDINATES', 'TAXON_CONCEPT_ID_NOT_FOUND']",
1345201117,4fa7b334-ce0d-4e88-aaae-2e0c138d049e,2026-07-18T17:58:53.370+00:00,"Cyanistes caeruleus (Linnaeus, 1758)",2487879,Cyanistes caeruleus,Animalia,Aves,Passeriformes,Paridae,Cyanistes,SPECIES,ACCEPTED,2015-01-08,2015,1,8,46.762722,7.418551,,CH,HUMAN_OBSERVATION,PRESENT,"['COORDINATE_ROUNDED', 'CONTINENT_DERIVED_FROM_COORDINATES', 'TAXON_CONCEPT_ID_NOT_FOUND']",
1345201119,4fa7b334-ce0d-4e88-aaae-2e0c138d049e,2026-07-18T18:01:20.439+00:00,"Corvus corax Linnaeus, 1758",2482492,Corvus corax,Animalia,Aves,Passeriformes,Corvidae,Corvus,SPECIES,ACCEPTED,2015-01-08,2015,1,8,46.762722,7.418551,,CH,HUMAN_OBSERVATION,PRESENT,"['COORDINATE_ROUNDED', 'CONTINENT_DERIVED_FROM_COORDINATES', 'TAXON_CONCEPT_ID_NOT_FOUND']",
1345201158,4fa7b334-ce0d-4e88-aaae-2e0c138d049e,2026-07-18T18:04:19.739+00:00,"Fringilla coelebs Linnaeus, 1758",2494422,Fringilla coelebs,Animalia,Aves,Passeriformes,Fringillidae,Fringilla,SPECIES,ACCEPTED,2015-01-08,2015,1,8,46.762722,7.418551,,CH,HUMAN_OBSERVATION,PRESENT,"['COORDINATE_ROUNDED', 'CONTINENT_DERIVED_FROM_COORDINATES', 'TAXON_CONCEPT_ID_NOT_FOUND']",
1345201169,4fa7b334-ce0d-4e88-aaae-2e0c138d049e,2026-07-18T17:59:37.976+00:00,"Turdus merula Linnaeus, 1758",2490719,Turdus merula,Animalia,Aves,Passeriformes,Turdidae,Turdus,SPECIES,ACCEPTED,2015-01-08,2015,1,8,46.762722,7.418551,,CH,HUMAN_OBSERVATION,PRESENT,"['COORDINATE_ROUNDED', 'CONTINENT_DERIVED_FROM_COORDINATES', 'TAXON_CONCEPT_ID_NOT_FOUND']",
1345202072,4fa7b334-ce0d-4e88-aaae-2e0c138d049e,2026-07-18T18:03:18.600+00:00,"Chloris chloris (Linnaeus, 1758)",5845582,Chloris chloris,Animalia,Aves,Passeriformes,Fringillidae,Chloris,SPECIES,ACCEPTED,2015-01-08,2015,1,8,46.762722,7.418551,,CH,HUMAN_OBSERVATION,PRESENT,"['COORDINATE_ROUNDED', 'CONTINENT_DERIVED_FROM_COORDINATES', 'TAXON_CONCEPT_ID_NOT_FOUND']",
1345202093,4fa7b334-ce0d-4e88-aaae-2e0c138d049e,2026-07-18T18:00:53.918+00:00,"Loxia curvirostra Linnaeus, 1758",9629160,Loxia curvirostra,Animalia,Aves,Passeriformes,Fringillidae,Loxia,SPECIES,ACCEPTED,2015-01-08,2015,1,8,46.762722,7.418551,,CH,HUMAN_OBSERVATION,PRESENT,"['COORDINATE_ROUNDED', 'CONTINENT_DERIVED_FROM_COORDINATES', 'TAXON_CONCEPT_ID_NOT_FOUND']",
1345202239,4fa7b334-ce0d-4e88-aaae-2e0c138d049e,2026-07-18T17:59:59.021+00:00,"Parus major Linnaeus, 1758",9705453,Parus major,Animalia,Aves,Passeriformes,Paridae,Parus,SPECIES,ACCEPTED,2015-01-08,2015,1,8,46.762722,7.418551,,CH,HUMAN_OBSERVATION,PRESENT,"['COORDINATE_ROUNDED', 'CONTINENT_DERIVED_FROM_COORDINATES', 'TAXON_CONCEPT_ID_NOT_FOUND']",
1345202930,4fa7b334-ce0d-4e88-aaae-2e0c138d049e,2026-07-18T18:00:00.800+00:00,"Cyanistes caeruleus (Linnaeus, 1758)",2487879,Cyanistes caeruleus,Animalia,Aves,Passeriformes,Paridae,Cyanistes,SPECIES,ACCEPTED,2015-01-07,2015,1,7,46.75687,7.415589,,CH,HUMAN_OBSERVATION,PRESENT,"['COORDINATE_ROUNDED', 'CONTINENT_DERIVED_FROM_COORDINATES', 'TAXON_CONCEPT_ID_NOT_FOUND']",
1345203002,4fa7b334-ce0d-4e88-aaae-2e0c138d049e,2026-07-18T18:05:40.194+00:00,"Turdus merula Linnaeus, 1758",2490719,Turdus merula,Animalia,Aves,Passeriformes,Turdidae,Turdus,SPECIES,ACCEPTED,2015-01-07,2015,1,7,46.75687,7.415589,,CH,HUMAN_OBSERVATION,PRESENT,"['COORDINATE_ROUNDED', 'CONTINENT_DERIVED_FROM_COORDINATES', 'TAXON_CONCEPT_ID_NOT_FOUND']",
1345203004,4fa7b334-ce0d-4e88-aaae-2e0c138d049e,2026-07-18T18:06:22.929+00:00,"Loxia curvirostra Linnaeus, 1758",9629160,Loxia curvirostra,Animalia,Aves,Passeriformes,Fringillidae,Loxia,SPECIES,ACCEPTED,2015-01-07,2015,1,7,46.75687,7.415589,,CH,HUMAN_OBSERVATION,PRESENT,"['COORDINATE_ROUNDED', 'CONTINENT_DERIVED_FROM_COORDINATES', 'TAXON_CONCEPT_ID_NOT_FOUND']",
1345203007,4fa7b334-ce0d-4e88-aaae-2e0c138d049e,2026-07-18T18:03:51.163+00:00,"Buteo buteo (Linnaeus, 1758)",2480537,Buteo buteo,Animalia,Aves,Accipitriformes,Accipitridae,Buteo,SPECIES,ACCEPTED,2015-01-07,2015,1,7,46.75687,7.415589,,CH,HUMAN_OBSERVATION,PRESENT,"['COORDINATE_ROUNDED', 'CONTINENT_DERIVED_FROM_COORDINATES', 'TAXON_CONCEPT_ID_NOT_FOUND']",
1345203041,4fa7b334-ce0d-4e88-aaae-2e0c138d049e,2026-07-18T18:02:05.448+00:00,"Lophophanes cristatus (Linnaeus, 1758)",2487883,Lophophanes cristatus,Animalia,Aves,Passeriformes,Paridae,Lophophanes,SPECIES,ACCEPTED,2015-01-07,2015,1,7,46.75687,7.415589,,CH,HUMAN_OBSERVATION,PRESENT,"['COORDINATE_ROUNDED', 'CONTINENT_DERIVED_FROM_COORDINATES', 'TAXON_CONCEPT_ID_NOT_FOUND']",
1345203044,4fa7b334-ce0d-4e88-aaae-2e0c138d049e,2026-07-18T18:04:22.731+00:00,"Chloris chloris (Linnaeus, 1758)",5845582,Chloris chloris,Animalia,Aves,Passeriformes,Fringillidae,Chloris,SPECIES,ACCEPTED,2015-01-07,2015,1,7,46.75687,7.415589,,CH,HUMAN_OBSERVATION,PRESENT,"['COORDINATE_ROUNDED', 'CONTINENT_DERIVED_FROM_COORDINATES', 'TAXON_CONCEPT_ID_NOT_FOUND']",
1345203093,4fa7b334-ce0d-4e88-aaae-2e0c138d049e,2026-07-18T18:01:06.636+00:00,"Parus major Linnaeus, 1758",9705453,Parus major,Animalia,Aves,Passeriformes,Paridae,Parus,SPECIES,ACCEPTED,2015-01-07,2015,1,7,46.75687,7.415589,,CH,HUMAN_OBSERVATION,PRESENT,"['COORDINATE_ROUNDED', 'CONTINENT_DERIVED_FROM_COORDINATES', 'TAXON_CONCEPT_ID_NOT_FOUND']",
1345203112,4fa7b334-ce0d-4e88-aaae-2e0c138d049e,2026-07-18T18:03:37.679+00:00,"Fringilla coelebs Linnaeus, 1758",2494422,Fringilla coelebs,Animalia,Aves,Passeriformes,Fringillidae,Fringilla,SPECIES,ACCEPTED,2015-01-07,2015,1,7,46.75687,7.415589,,CH,HUMAN_OBSERVATION,PRESENT,"['COORDINATE_ROUNDED', 'CONTINENT_DERIVED_FROM_COORDINATES', 'TAXON_CONCEPT_ID_NOT_FOUND']",
1345203127,4fa7b334-ce0d-4e88-aaae-2e0c138d049e,2026-07-18T17:59:32.154+00:00,"Carduelis carduelis (Linnaeus, 1758)",2494686,Carduelis carduelis,Animalia,Aves,Passeriformes,Fringillidae,Carduelis,SPECIES,ACCEPTED,2015-01-07,2015,1,7,46.75687,7.415589,,CH,HUMAN_OBSERVATION,PRESENT,"['COORDINATE_ROUNDED', 'CONTINENT_DERIVED_FROM_COORDINATES', 'TAXON_CONCEPT_ID_NOT_FOUND']",
1345203129,4fa7b334-ce0d-4e88-aaae-2e0c138d049e,2026-07-18T18:03:08.446+00:00,"Spinus spinus (Linnaeus, 1758)",6092830,Spinus spinus,Animalia,Aves,Passeriformes,Fringillidae,Spinus,SPECIES,ACCEPTED,2015-01-07,2015,1,7,46.75687,7.415589,,CH,HUMAN_OBSERVATION,PRESENT,"['COORDINATE_ROUNDED', 'CONTINENT_DERIVED_FROM_COORDINATES', 'TAXON_CONCEPT_ID_NOT_FOUND']",
1345211545,4fa7b334-ce0d-4e88-aaae-2e0c138d049e,2026-07-18T18:00:26.218+00:00,"Accipiter nisus (Linnaeus, 1758)",2480637,Accipiter nisus,Animalia,Aves,Accipitriformes,Accipitridae,Accipiter,SPECIES,ACCEPTED,2015-01-08,2015,1,8,47.135387,8.195087,,CH,HUMAN_OBSERVATION,PRESENT,"['CONTINENT_DERIVED_FROM_COORDINATES', 'TAXON_CONCEPT_ID_NOT_FOUND']",
1345237945,4fa7b334-ce0d-4e88-aaae-2e0c138d049e,2026-07-18T18:00:11.031+00:00,"Loxia curvirostra Linnaeus, 1758",9629160,Loxia curvirostra,Animalia,Aves,Passeriformes,Fringillidae,Loxia,SPECIES,ACCEPTED,2015-01-08,2015,1,8,46.762722,7.418551,,CH,HUMAN_OBSERVATION,PRESENT,"['COORDINATE_ROUNDED', 'CONTINENT_DERIVED_FROM_COORDINATES', 'TAXON_CONCEPT_ID_NOT_FOUND']",
1345237952,4fa7b334-ce0d-4e88-aaae-2e0c138d049e,2026-07-18T17:59:23.212+00:00,"Turdus merula Linnaeus, 1758",2490719,Turdus merula,Animalia,Aves,Passeriformes,Turdidae,Turdus,SPECIES,ACCEPTED,2015-01-08,2015,1,8,46.762722,7.418551,,CH,HUMAN_OBSERVATION,PRESENT,"['COORDINATE_ROUNDED', 'CONTINENT_DERIVED_FROM_COORDINATES', 'TAXON_CONCEPT_ID_NOT_FOUND']",
1345237955,4fa7b334-ce0d-4e88-aaae-2e0c138d049e,2026-07-18T18:02:07.043+00:00,"Corvus corax Linnaeus, 1758",2482492,Corvus corax,Animalia,Aves,Passeriformes,Corvidae,Corvus,SPECIES,ACCEPTED,2015-01-08,2015,1,8,46.762722,7.418551,,CH,HUMAN_OBSERVATION,PRESENT,"['COORDINATE_ROUNDED', 'CONTINENT_DERIVED_FROM_COORDINATES', 'TAXON_CONCEPT_ID_NOT_FOUND']",
1345237972,4fa7b334-ce0d-4e88-aaae-2e0c138d049e,2026-07-18T18:00:46.336+00:00,"Periparus ater (Linnaeus, 1758)",2487871,Periparus ater,Animalia,Aves,Passeriformes,Paridae,Periparus,SPECIES,ACCEPTED,2015-01-08,2015,1,8,46.762722,7.418551,,CH,HUMAN_OBSERVATION,PRESENT,"['COORDINATE_ROUNDED', 'CONTINENT_DERIVED_FROM_COORDINATES', 'TAXON_CONCEPT_ID_NOT_FOUND']",
1345237976,4fa7b334-ce0d-4e88-aaae-2e0c138d049e,2026-07-18T18:03:42.126+00:00,"Parus major Linnaeus, 1758",9705453,Parus major,Animalia,Aves,Passeriformes,Paridae,Parus,SPECIES,ACCEPTED,2015-01-08,2015,1,8,46.762722,7.418551,,CH,HUMAN_OBSERVATION,PRESENT,"['COORDINATE_ROUNDED', 'CONTINENT_DERIVED_FROM_COORDINATES', 'TAXON_CONCEPT_ID_NOT_FOUND']",
1345237992,4fa7b334-ce0d-4e88-aaae-2e0c138d049e,2026-07-18T18:04:07.647+00:00,"Cyanistes caeruleus (Linnaeus, 1758)",2487879,Cyanistes caeruleus,Animalia,Aves,Passeriformes,Paridae,Cyanistes,SPECIES,ACCEPTED,2015-01-08,2015,1,8,46.762722,7.418551,,CH,HUMAN_OBSERVATION,PRESENT,"['COORDINATE_ROUNDED', 'CONTINENT_DERIVED_FROM_COORDINATES', 'TAXON_CONCEPT_ID_NOT_FOUND']",
1345237999,4fa7b334-ce0d-4e88-aaae-2e0c138d049e,2026-07-18T18:06:04.720+00:00,"Chloris chloris (Linnaeus, 1758)",5845582,Chloris chloris,Animalia,Aves,Passeriformes,Fringillidae,Chloris,SPECIES,ACCEPTED,2015-01-08,2015,1,8,46.762722,7.418551,,CH,HUMAN_OBSERVATION,PRESENT,"['COORDINATE_ROUNDED', 'CONTINENT_DERIVED_FROM_COORDINATES', 'TAXON_CONCEPT_ID_NOT_FOUND']",
1345238001,4fa7b334-ce0d-4e88-aaae-2e0c138d049e,2026-07-18T18:03:05.291+00:00,"Fringilla coelebs Linnaeus, 1758",2494422,Fringilla coelebs,Animalia,Aves,Passeriformes,Fringillidae,Fringilla,SPECIES,ACCEPTED,2015-01-08,2015,1,8,46.762722,7.418551,,CH,HUMAN_OBSERVATION,PRESENT,"['COORDINATE_ROUNDED', 'CONTINENT_DERIVED_FROM_COORDINATES', 'TAXON_CONCEPT_ID_NOT_FOUND']",
1345239443,4fa7b334-ce0d-4e88-aaae-2e0c138d049e,2026-07-18T17:59:19.230+00:00,"Chroicocephalus ridibundus (Linnaeus, 1766)",6065824,Chroicocephalus ridibundus,Animalia,Aves,Charadriiformes,Laridae,Chroicocephalus,SPECIES,ACCEPTED,2015-01-07,2015,1,7,47.653637,8.869314,,CH,HUMAN_OBSERVATION,PRESENT,"['CONTINENT_DERIVED_FROM_COORDINATES', 'TAXON_CONCEPT_ID_NOT_FOUND']",
1345239815,4fa7b334-ce0d-4e88-aaae-2e0c138d049e,2026-07-18T18:03:49.508+00:00,"Larus michahellis J.F.Naumann, 1840",9413670,Larus michahellis,Animalia,Aves,Charadriiformes,Laridae,Larus,SPECIES,ACCEPTED,2015-01-08,2015,1,8,46.415653,6.278001,,CH,HUMAN_OBSERVATION,PRESENT,"['COORDINATE_ROUNDED', 'CONTINENT_DERIVED_FROM_COORDINATES', 'TAXON_CONCEPT_ID_NOT_FOUND']",
1345240509,4fa7b334-ce0d-4e88-aaae-2e0c138d049e,2026-07-18T18:04:34.181+00:00,"Anas platyrhynchos Linnaeus, 1758",9761484,Anas platyrhynchos,Animalia,Aves,Anseriformes,Anatidae,Anas,SPECIES,ACCEPTED,2015-01-07,2015,1,7,47.653637,8.869314,,CH,HUMAN_OBSERVATION,PRESENT,"['CONTINENT_DERIVED_FROM_COORDINATES', 'TAXON_CONCEPT_ID_NOT_FOUND']",
1345240522,4fa7b334-ce0d-4e88-aaae-2e0c138d049e,2026-07-18T18:01:39.310+00:00,"Columba palumbus Linnaeus, 1758",2495455,Columba palumbus,Animalia,Aves,Columbiformes,Columbidae,Columba,SPECIES,ACCEPTED,2015-01-08,2015,1,8,46.38223,6.243153,,CH,HUMAN_OBSERVATION,PRESENT,"['COORDINATE_ROUNDED', 'CONTINENT_DERIVED_FROM_COORDINATES', 'TAXON_CONCEPT_ID_NOT_FOUND']",
1345240523,4fa7b334-ce0d-4e88-aaae-2e0c138d049e,2026-07-18T18:05:31.114+00:00,"Tadorna ferruginea (Pallas, 1764)",2498015,Tadorna ferruginea,Animalia,Aves,Anseriformes,Anatidae,Tadorna,SPECIES,ACCEPTED,2015-01-07,2015,1,7,47.653637,8.869314,,CH,HUMAN_OBSERVATION,PRESENT,"['CONTINENT_DERIVED_FROM_COORDINATES', 'TAXON_CONCEPT_ID_NOT_FOUND']",
1345240546,4fa7b334-ce0d-4e88-aaae-2e0c138d049e,2026-07-18T18:05:46.230+00:00,"Parus major Linnaeus, 1758",9705453,Parus major,Animalia,Aves,Passeriformes,Paridae,Parus,SPECIES,ACCEPTED,2015-01-08,2015,1,8,46.38223,6.243153,,CH,HUMAN_OBSERVATION,PRESENT,"['COORDINATE_ROUNDED', 'CONTINENT_DERIVED_FROM_COORDINATES', 'TAXON_CONCEPT_ID_NOT_FOUND']",
1345240547,4fa7b334-ce0d-4e88-aaae-2e0c138d049e,2026-07-18T17:59:16.119+00:00,"Erithacus rubecula (Linnaeus, 1758)",2492462,Erithacus rubecula,Animalia,Aves,Passeriformes,Muscicapidae,Erithacus,SPECIES,ACCEPTED,2015-01-07,2015,1,7,47.653637,8.869314,,CH,HUMAN_OBSERVATION,PRESENT,"['CONTINENT_DERIVED_FROM_COORDINATES', 'TAXON_CONCEPT_ID_NOT_FOUND']",
1345240558,4fa7b334-ce0d-4e88-aaae-2e0c138d049e,2026-07-18T18:02:51.538+00:00,"Cygnus olor (J.F.Gmelin, 1789)",2498343,Cygnus olor,Animalia,Aves,Anseriformes,Anatidae,Cygnus,SPECIES,ACCEPTED,2015-01-07,2015,1,7,47.653637,8.869314,,CH,HUMAN_OBSERVATION,PRESENT,"['CONTINENT_DERIVED_FROM_COORDINATES', 'TAXON_CONCEPT_ID_NOT_FOUND']",
1345240562,4fa7b334-ce0d-4e88-aaae-2e0c138d049e,2026-07-18T18:03:42.163+00:00,"Anthus pratensis (Linnaeus, 1758)",2490266,Anthus pratensis,Animalia,Aves,Passeriformes,Motacillidae,Anthus,SPECIES,ACCEPTED,2015-01-07,2015,1,7,47.653637,8.869314,,CH,HUMAN_OBSERVATION,PRESENT,"['CONTINENT_DERIVED_FROM_COORDINATES', 'TAXON_CONCEPT_ID_NOT_FOUND']",
1345240563,4fa7b334-ce0d-4e88-aaae-2e0c138d049e,2026-07-18T18:01:11.694+00:00,"Larus argentatus Pontoppidan, 1763",2481139,Larus argentatus,Animalia,Aves,Charadriiformes,Laridae,Larus,SPECIES,ACCEPTED,2015-01-07,2015,1,7,47.653637,8.869314,,CH,HUMAN_OBSERVATION,PRESENT,"['CONTINENT_DERIVED_FROM_COORDINATES', 'TAXON_CONCEPT_ID_NOT_FOUND']",
1345240568,4fa7b334-ce0d-4e88-aaae-2e0c138d049e,2026-07-18T18:01:03.571+00:00,"Sturnus vulgaris Linnaeus, 1758",9809229,Sturnus vulgaris,Animalia,Aves,Passeriformes,Sturnidae,Sturnus,SPECIES,ACCEPTED,2015-01-07,2015,1,7,47.653637,8.869314,,CH,HUMAN_OBSERVATION,PRESENT,"['CONTINENT_DERIVED_FROM_COORDINATES', 'TAXON_CONCEPT_ID_NOT_FOUND']",
1345240571,4fa7b334-ce0d-4e88-aaae-2e0c138d049e,2026-07-18T17:59:35.148+00:00,"Buteo buteo (Linnaeus, 1758)",2480537,Buteo buteo,Animalia,Aves,Accipitriformes,Accipitridae,Buteo,SPECIES,ACCEPTED,2015-01-07,2015,1,7,47.653637,8.869314,,CH,HUMAN_OBSERVATION,PRESENT,"['CONTINENT_DERIVED_FROM_COORDINATES', 'TAXON_CONCEPT_ID_NOT_FOUND']",
1345240575,4fa7b334-ce0d-4e88-aaae-2e0c138d049e,2026-07-18T17:59:10.555+00:00,"Phalacrocorax carbo (Linnaeus, 1758)",2481890,Phalacrocorax carbo,Animalia,Aves,Suliformes,Phalacrocoracidae,Phalacrocorax,SPECIES,ACCEPTED,2015-01-07,2015,1,7,47.653637,8.869314,,CH,HUMAN_OBSERVATION,PRESENT,"['CONTINENT_DERIVED_FROM_COORDINATES', 'TAXON_CONCEPT_ID_NOT_FOUND']",
1345240576,4fa7b334-ce0d-4e88-aaae-2e0c138d049e,2026-07-18T18:03:39.204+00:00,"Larus cachinnans Pallas, 1811",2481181,Larus cachinnans,Animalia,Aves,Charadriiformes,Laridae,Larus,SPECIES,ACCEPTED,2015-01-07,2015,1,7,47.653637,8.869314,,CH,HUMAN_OBSERVATION,PRESENT,"['CONTINENT_DERIVED_FROM_COORDINATES', 'TAXON_CONCEPT_ID_NOT_FOUND']",
1345240579,4fa7b334-ce0d-4e88-aaae-2e0c138d049e,2026-07-18T17:59:57.158+00:00,"Ardea cinerea Linnaeus, 1758",9797180,Ardea cinerea,Animalia,Aves,Pelecaniformes,Ardeidae,Ardea,SPECIES,ACCEPTED,2015-01-07,2015,1,7,47.653637,8.869314,,CH,HUMAN_OBSERVATION,PRESENT,"['CONTINENT_DERIVED_FROM_COORDINATES', 'TAXON_CONCEPT_ID_NOT_FOUND']",
1345240584,4fa7b334-ce0d-4e88-aaae-2e0c138d049e,2026-07-18T18:05:42.092+00:00,"Regulus regulus (Linnaeus, 1758)",2484596,Regulus regulus,Animalia,Aves,Passeriformes,Regulidae,Regulus,SPECIES,ACCEPTED,2015-01-07,2015,1,7,47.653637,8.869314,,CH,HUMAN_OBSERVATION,PRESENT,"['CONTINENT_DERIVED_FROM_COORDINATES', 'TAXON_CONCEPT_ID_NOT_FOUND']",
1345240590,4fa7b334-ce0d-4e88-aaae-2e0c138d049e,2026-07-18T18:00:39.573+00:00,"Chloris chloris (Linnaeus, 1758)",5845582,Chloris chloris,Animalia,Aves,Passeriformes,Fringillidae,Chloris,SPECIES,ACCEPTED,2015-01-08,2015,1,8,46.38223,6.243153,,CH,HUMAN_OBSERVATION,PRESENT,"['COORDINATE_ROUNDED', 'CONTINENT_DERIVED_FROM_COORDINATES', 'TAXON_CONCEPT_ID_NOT_FOUND']",
1345240591,4fa7b334-ce0d-4e88-aaae-2e0c138d049e,2026-07-18T18:01:21.399+00:00,"Fulica atra Linnaeus, 1758",2474377,Fulica atra,Animalia,Aves,Gruiformes,Rallidae,Fulica,SPECIES,ACCEPTED,2015-01-07,2015,1,7,47.653637,8.869314,,CH,HUMAN_OBSERVATION,PRESENT,"['CONTINENT_DERIVED_FROM_COORDINATES', 'TAXON_CONCEPT_ID_NOT_FOUND']",
1345240592,4fa7b334-ce0d-4e88-aaae-2e0c138d049e,2026-07-18T18:01:05.708+00:00,"Parus major Linnaeus, 1758",9705453,Parus major,Animalia,Aves,Passeriformes,Paridae,Parus,SPECIES,ACCEPTED,2015-01-07,2015,1,7,47.653637,8.869314,,CH,HUMAN_OBSERVATION,PRESENT,"['CONTINENT_DERIVED_FROM_COORDINATES', 'TAXON_CONCEPT_ID_NOT_FOUND']",
1345240594,4fa7b334-ce0d-4e88-aaae-2e0c138d049e,2026-07-18T18:03:28.975+00:00,"Podiceps nigricollis C.L.Brehm, 1831",2482065,Podiceps nigricollis,Animalia,Aves,Podicipediformes,Podicipedidae,Podiceps,SPECIES,ACCEPTED,2015-01-08,2015,1,8,46.38223,6.243153,,CH,HUMAN_OBSERVATION,PRESENT,"['COORDINATE_ROUNDED', 'CONTINENT_DERIVED_FROM_COORDINATES', 'TAXON_CONCEPT_ID_NOT_FOUND']",
1345240596,4fa7b334-ce0d-4e88-aaae-2e0c138d049e,2026-07-18T18:03:45.535+00:00,"Milvus milvus (Linnaeus, 1758)",5229168,Milvus milvus,Animalia,Aves,Accipitriformes,Accipitridae,Milvus,SPECIES,ACCEPTED,2015-01-07,2015,1,7,47.653637,8.869314,,CH,HUMAN_OBSERVATION,PRESENT,"['CONTINENT_DERIVED_FROM_COORDINATES', 'TAXON_CONCEPT_ID_NOT_FOUND']",
1345240597,4fa7b334-ce0d-4e88-aaae-2e0c138d049e,2026-07-18T18:01:35.282+00:00,"Aythya ferina (Linnaeus, 1758)",2498255,Aythya ferina,Animalia,Aves,Anseriformes,Anatidae,Aythya,SPECIES,ACCEPTED,2015-01-07,2015,1,7,47.653637,8.869314,,CH,HUMAN_OBSERVATION,PRESENT,"['CONTINENT_DERIVED_FROM_COORDINATES', 'TAXON_CONCEPT_ID_NOT_FOUND']",
1345240599,4fa7b334-ce0d-4e88-aaae-2e0c138d049e,2026-07-18T18:05:22.158+00:00,"Carduelis carduelis (Linnaeus, 1758)",2494686,Carduelis carduelis,Animalia,Aves,Passeriformes,Fringillidae,Carduelis,SPECIES,ACCEPTED,2015-01-08,2015,1,8,46.38223,6.243153,,CH,HUMAN_OBSERVATION,PRESENT,"['COORDINATE_ROUNDED', 'CONTINENT_DERIVED_FROM_COORDINATES', 'TAXON_CONCEPT_ID_NOT_FOUND']",
1345240601,4fa7b334-ce0d-4e88-aaae-2e0c138d049e,2026-07-18T18:05:15.094+00:00,"Ardea cinerea Linnaeus, 1758",9797180,Ardea cinerea,Animalia,Aves,Pelecaniformes,Ardeidae,Ardea,SPECIES,ACCEPTED,2015-01-08,2015,1,8,46.38223,6.243153,,CH,HUMAN_OBSERVATION,PRESENT,"['COORDINATE_ROUNDED', 'CONTINENT_DERIVED_FROM_COORDINATES', 'TAXON_CONCEPT_ID_NOT_FOUND']",
1345240603,4fa7b334-ce0d-4e88-aaae-2e0c138d049e,2026-07-18T18:04:33.664+00:00,"Corvus corax Linnaeus, 1758",2482492,Corvus corax,Animalia,Aves,Passeriformes,Corvidae,Corvus,SPECIES,ACCEPTED,2015-01-07,2015,1,7,47.653637,8.869314,,CH,HUMAN_OBSERVATION,PRESENT,"['CONTINENT_DERIVED_FROM_COORDINATES', 'TAXON_CONCEPT_ID_NOT_FOUND']",
1345240604,4fa7b334-ce0d-4e88-aaae-2e0c138d049e,2026-07-18T18:02:19.248+00:00,"Chroicocephalus ridibundus (Linnaeus, 1766)",6065824,Chroicocephalus ridibundus,Animalia,Aves,Charadriiformes,Laridae,Chroicocephalus,SPECIES,ACCEPTED,2015-01-08,2015,1,8,46.38223,6.243153,,CH,HUMAN_OBSERVATION,PRESENT,"['COORDINATE_ROUNDED', 'CONTINENT_DERIVED_FROM_COORDINATES', 'TAXON_CONCEPT_ID_NOT_FOUND']",
1345240605,4fa7b334-ce0d-4e88-aaae-2e0c138d049e,2026-07-18T18:00:07.932+00:00,"Prunella modularis (Linnaeus, 1758)",5231763,Prunella modularis,Animalia,Aves,Passeriformes,Prunellidae,Prunella,SPECIES,ACCEPTED,2015-01-08,2015,1,8,46.38223,6.243153,,CH,HUMAN_OBSERVATION,PRESENT,"['COORDINATE_ROUNDED', 'CONTINENT_DERIVED_FROM_COORDINATES', 'TAXON_CONCEPT_ID_NOT_FOUND']",
1345240608,4fa7b334-ce0d-4e88-aaae-2e0c138d049e,2026-07-18T18:03:46.733+00:00,"Tachybaptus ruficollis (Pallas, 1764)",2482048,Tachybaptus ruficollis,Animalia,Aves,Podicipediformes,Podicipedidae,Tachybaptus,SPECIES,ACCEPTED,2015-01-07,2015,1,7,47.653637,8.869314,,CH,HUMAN_OBSERVATION,PRESENT,"['CONTINENT_DERIVED_FROM_COORDINATES', 'TAXON_CONCEPT_ID_NOT_FOUND']",
1345240611,4fa7b334-ce0d-4e88-aaae-2e0c138d049e,2026-07-18T18:03:05.507+00:00,"Corvus corone Linnaeus, 1758",9409796,Corvus corone,Animalia,Aves,Passeriformes,Corvidae,Corvus,SPECIES,ACCEPTED,2015-01-08,2015,1,8,46.38223,6.243153,,CH,HUMAN_OBSERVATION,PRESENT,"['COORDINATE_ROUNDED', 'CONTINENT_DERIVED_FROM_COORDINATES', 'TAXON_CONCEPT_ID_NOT_FOUND']",
1345240613,4fa7b334-ce0d-4e88-aaae-2e0c138d049e,2026-07-18T18:02:01.582+00:00,"Corvus corone Linnaeus, 1758",9409796,Corvus corone,Animalia,Aves,Passeriformes,Corvidae,Corvus,SPECIES,ACCEPTED,2015-01-07,2015,1,7,47.653637,8.869314,,CH,HUMAN_OBSERVATION,PRESENT,"['CONTINENT_DERIVED_FROM_COORDINATES', 'TAXON_CONCEPT_ID_NOT_FOUND']",
1345240616,4fa7b334-ce0d-4e88-aaae-2e0c138d049e,2026-07-18T17:59:58.430+00:00,"Larus canus Linnaeus, 1758",7982160,Larus canus,Animalia,Aves,Charadriiformes,Laridae,Larus,SPECIES,ACCEPTED,2015-01-07,2015,1,7,47.653637,8.869314,,CH,HUMAN_OBSERVATION,PRESENT,"['CONTINENT_DERIVED_FROM_COORDINATES', 'TAXON_CONCEPT_ID_NOT_FOUND']",
1345240617,4fa7b334-ce0d-4e88-aaae-2e0c138d049e,2026-07-18T18:03:42.863+00:00,"Turdus merula Linnaeus, 1758",2490719,Turdus merula,Animalia,Aves,Passeriformes,Turdidae,Turdus,SPECIES,ACCEPTED,2015-01-08,2015,1,8,46.38223,6.243153,,CH,HUMAN_OBSERVATION,PRESENT,"['COORDINATE_ROUNDED', 'CONTINENT_DERIVED_FROM_COORDINATES', 'TAXON_CONCEPT_ID_NOT_FOUND']",
1345240618,4fa7b334-ce0d-4e88-aaae-2e0c138d049e,2026-07-18T18:05:11.697+00:00,"Turdus merula Linnaeus, 1758",2490719,Turdus merula,Animalia,Aves,Passeriformes,Turdidae,Turdus,SPECIES,ACCEPTED,2015-01-07,2015,1,7,47.653637,8.869314,,CH,HUMAN_OBSERVATION,PRESENT,"['CONTINENT_DERIVED_FROM_COORDINATES', 'TAXON_CONCEPT_ID_NOT_FOUND']",
1345240623,4fa7b334-ce0d-4e88-aaae-2e0c138d049e,2026-07-18T18:01:14.555+00:00,"Sturnus vulgaris Linnaeus, 1758",9809229,Sturnus vulgaris,Animalia,Aves,Passeriformes,Sturnidae,Sturnus,SPECIES,ACCEPTED,2015-01-08,2015,1,8,46.38223,6.243153,,CH,HUMAN_OBSERVATION,PRESENT,"['COORDINATE_ROUNDED', 'CONTINENT_DERIVED_FROM_COORDINATES', 'TAXON_CONCEPT_ID_NOT_FOUND']",
1345240627,4fa7b334-ce0d-4e88-aaae-2e0c138d049e,2026-07-18T18:00:59.293+00:00,"Gallinula chloropus (Linnaeus, 1758)",5228199,Gallinula chloropus,Animalia,Aves,Gruiformes,Rallidae,Gallinula,SPECIES,ACCEPTED,2015-01-08,2015,1,8,46.38223,6.243153,,CH,HUMAN_OBSERVATION,PRESENT,"['COORDINATE_ROUNDED', 'CONTINENT_DERIVED_FROM_COORDINATES', 'TAXON_CONCEPT_ID_NOT_FOUND']",
1345240637,4fa7b334-ce0d-4e88-aaae-2e0c138d049e,2026-07-18T17:59:01.516+00:00,"Cyanistes caeruleus (Linnaeus, 1758)",2487879,Cyanistes caeruleus,Animalia,Aves,Passeriformes,Paridae,Cyanistes,SPECIES,ACCEPTED,2015-01-07,2015,1,7,47.653637,8.869314,,CH,HUMAN_OBSERVATION,PRESENT,"['CONTINENT_DERIVED_FROM_COORDINATES', 'TAXON_CONCEPT_ID_NOT_FOUND']",
1345240639,4fa7b334-ce0d-4e88-aaae-2e0c138d049e,2026-07-18T18:06:04.720+00:00,"Erithacus rubecula (Linnaeus, 1758)",2492462,Erithacus rubecula,Animalia,Aves,Passeriformes,Muscicapidae,Erithacus,SPECIES,ACCEPTED,2015-01-08,2015,1,8,46.38223,6.243153,,CH,HUMAN_OBSERVATION,PRESENT,"['COORDINATE_ROUNDED', 'CONTINENT_DERIVED_FROM_COORDINATES', 'TAXON_CONCEPT_ID_NOT_FOUND']",
1345240640,4fa7b334-ce0d-4e88-aaae-2e0c138d049e,2026-07-18T18:01:18.500+00:00,"Phalacrocorax carbo (Linnaeus, 1758)",2481890,Phalacrocorax carbo,Animalia,Aves,Suliformes,Phalacrocoracidae,Phalacrocorax,SPECIES,ACCEPTED,2015-01-08,2015,1,8,46.38223,6.243153,,CH,HUMAN_OBSERVATION,PRESENT,"['COORDINATE_ROUNDED', 'CONTINENT_DERIVED_FROM_COORDINATES', 'TAXON_CONCEPT_ID_NOT_FOUND']",
1345240644,4fa7b334-ce0d-4e88-aaae-2e0c138d049e,2026-07-18T18:00:32.410+00:00,"Anas crecca Linnaeus, 1758",8214667,Anas crecca,Animalia,Aves,Anseriformes,Anatidae,Anas,SPECIES,ACCEPTED,2015-01-07,2015,1,7,47.653637,8.869314,,CH,HUMAN_OBSERVATION,PRESENT,"['CONTINENT_DERIVED_FROM_COORDINATES', 'TAXON_CONCEPT_ID_NOT_FOUND']",
1345240660,4fa7b334-ce0d-4e88-aaae-2e0c138d049e,2026-07-18T18:06:20.635+00:00,"Bucephala clangula (Linnaeus, 1758)",2498326,Bucephala clangula,Animalia,Aves,Anseriformes,Anatidae,Bucephala,SPECIES,ACCEPTED,2015-01-07,2015,1,7,47.653637,8.869314,,CH,HUMAN_OBSERVATION,PRESENT,"['CONTINENT_DERIVED_FROM_COORDINATES', 'TAXON_CONCEPT_ID_NOT_FOUND']",
1345240662,4fa7b334-ce0d-4e88-aaae-2e0c138d049e,2026-07-18T17:59:25.201+00:00,"Fulica atra Linnaeus, 1758",2474377,Fulica atra,Animalia,Aves,Gruiformes,Rallidae,Fulica,SPECIES,ACCEPTED,2015-01-08,2015,1,8,46.38223,6.243153,,CH,HUMAN_OBSERVATION,PRESENT,"['COORDINATE_ROUNDED', 'CONTINENT_DERIVED_FROM_COORDINATES', 'TAXON_CONCEPT_ID_NOT_FOUND']",
1345240666,4fa7b334-ce0d-4e88-aaae-2e0c138d049e,2026-07-18T18:02:20.237+00:00,"Pica pica (Linnaeus, 1758)",5229490,Pica pica,Animalia,Aves,Passeriformes,Corvidae,Pica,SPECIES,ACCEPTED,2015-01-07,2015,1,7,47.653637,8.869314,,CH,HUMAN_OBSERVATION,PRESENT,"['CONTINENT_DERIVED_FROM_COORDINATES', 'TAXON_CONCEPT_ID_NOT_FOUND']",
1345240670,4fa7b334-ce0d-4e88-aaae-2e0c138d049e,2026-07-18T18:00:09.225+00:00,"Mergus merganser Linnaeus, 1758",9537647,Mergus merganser,Animalia,Aves,Anseriformes,Anatidae,Mergus,SPECIES,ACCEPTED,2015-01-08,2015,1,8,46.38223,6.243153,,CH,HUMAN_OBSERVATION,PRESENT,"['COORDINATE_ROUNDED', 'CONTINENT_DERIVED_FROM_COORDINATES', 'TAXON_CONCEPT_ID_NOT_FOUND']",
1345240686,4fa7b334-ce0d-4e88-aaae-2e0c138d049e,2026-07-18T18:04:45.209+00:00,"Cyanistes caeruleus (Linnaeus, 1758)",2487879,Cyanistes caeruleus,Animalia,Aves,Passeriformes,Paridae,Cyanistes,SPECIES,ACCEPTED,2015-01-08,2015,1,8,46.38223,6.243153,,CH,HUMAN_OBSERVATION,PRESENT,"['COORDINATE_ROUNDED', 'CONTINENT_DERIVED_FROM_COORDINATES', 'TAXON_CONCEPT_ID_NOT_FOUND']",
1345240696,4fa7b334-ce0d-4e88-aaae-2e0c138d049e,2026-07-18T18:02:42.341+00:00,"Aythya ferina (Linnaeus, 1758)",2498255,Aythya ferina,Animalia,Aves,Anseriformes,Anatidae,Aythya,SPECIES,ACCEPTED,2015-01-08,2015,1,8,46.38223,6.243153,,CH,HUMAN_OBSERVATION,PRESENT,"['COORDINATE_ROUNDED', 'CONTINENT_DERIVED_FROM_COORDINATES', 'TAXON_CONCEPT_ID_NOT_FOUND']",
1345240714,4fa7b334-ce0d-4e88-aaae-2e0c138d049e,2026-07-18T18:05:43.430+00:00,"Buteo buteo (Linnaeus, 1758)",2480537,Buteo buteo,Animalia,Aves,Accipitriformes,Accipitridae,Buteo,SPECIES,ACCEPTED,2015-01-08,2015,1,8,46.38223,6.243153,,CH,HUMAN_OBSERVATION,PRESENT,"['COORDINATE_ROUNDED', 'CONTINENT_DERIVED_FROM_COORDINATES', 'TAXON_CONCEPT_ID_NOT_FOUND']",
1345241597,4fa7b334-ce0d-4e88-aaae-2e0c138d049e,2026-07-18T17:59:55.215+00:00,"Motacilla alba Linnaeus, 1758",9687165,Motacilla alba,Animalia,Aves,Passeriformes,Motacillidae,Motacilla,SPECIES,ACCEPTED,2015-01-08,2015,1,8,46.38223,6.243153,,CH,HUMAN_OBSERVATION,PRESENT,"['COORDINATE_ROUNDED', 'CONTINENT_DERIVED_FROM_COORDINATES', 'TAXON_CONCEPT_ID_NOT_FOUND']",
1345241625,4fa7b334-ce0d-4e88-aaae-2e0c138d049e,2026-07-18T17:59:27.800+00:00,"Aythya fuligula (Linnaeus, 1758)",2498261,Aythya fuligula,Animalia,Aves,Anseriformes,Anatidae,Aythya,SPECIES,ACCEPTED,2015-01-08,2015,1,8,46.38223,6.243153,,CH,HUMAN_OBSERVATION,PRESENT,"['COORDINATE_ROUNDED', 'CONTINENT_DERIVED_FROM_COORDINATES', 'TAXON_CONCEPT_ID_NOT_FOUND']",
1345241630,4fa7b334-ce0d-4e88-aaae-2e0c138d049e,2026-07-18T18:01:32.794+00:00,"Poecile palustris (Linnaeus, 1758)",2487843,Poecile palustris,Animalia,Aves,Passeriformes,Paridae,Poecile,SPECIES,ACCEPTED,2015-01-08,2015,1,8,46.38223,6.243153,,CH,HUMAN_OBSERVATION,PRESENT,"['COORDINATE_ROUNDED', 'CONTINENT_DERIVED_FROM_COORDINATES', 'TAXON_CONCEPT_ID_NOT_FOUND']",
1345241644,4fa7b334-ce0d-4e88-aaae-2e0c138d049e,2026-07-18T18:04:28.459+00:00,"Passer domesticus (Linnaeus, 1758)",5231190,Passer domesticus,Animalia,Aves,Passeriformes,Passeridae,Passer,SPECIES,ACCEPTED,2015-01-08,2015,1,8,46.38223,6.243153,,CH,HUMAN_OBSERVATION,PRESENT,"['COORDINATE_ROUNDED', 'CONTINENT_DERIVED_FROM_COORDINATES', 'TAXON_CONCEPT_ID_NOT_FOUND']",
1345241645,4fa7b334-ce0d-4e88-aaae-2e0c138d049e,2026-07-18T18:01:41.816+00:00,"Larus canus Linnaeus, 1758",7982160,Larus canus,Animalia,Aves,Charadriiformes,Laridae,Larus,SPECIES,ACCEPTED,2015-01-08,2015,1,8,46.38223,6.243153,,CH,HUMAN_OBSERVATION,PRESENT,"['COORDINATE_ROUNDED', 'CONTINENT_DERIVED_FROM_COORDINATES', 'TAXON_CONCEPT_ID_NOT_FOUND']",
1345241646,4fa7b334-ce0d-4e88-aaae-2e0c138d049e,2026-07-18T18:04:46.075+00:00,"Dendrocopos major (Linnaeus, 1758)",2477968,Dendrocopos major,Animalia,Aves,Piciformes,Picidae,Dendrocopos,SPECIES,ACCEPTED,2015-01-08,2015,1,8,46.38223,6.243153,,CH,HUMAN_OBSERVATION,PRESENT,"['COORDINATE_ROUNDED', 'CONTINENT_DERIVED_FROM_COORDINATES', 'TAXON_CONCEPT_ID_NOT_FOUND']",
1345241658,4fa7b334-ce0d-4e88-aaae-2e0c138d049e,2026-07-18T17:58:54.024+00:00,"Larus michahellis J.F.Naumann, 1840",9413670,Larus michahellis,Animalia,Aves,Charadriiformes,Laridae,Larus,SPECIES,ACCEPTED,2015-01-07,2015,1,7,47.653637,8.869314,,CH,HUMAN_OBSERVATION,PRESENT,"['CONTINENT_DERIVED_FROM_COORDINATES', 'TAXON_CONCEPT_ID_NOT_FOUND']",
1345241660,4fa7b334-ce0d-4e88-aaae-2e0c138d049e,2026-07-18T17:59:12.347+00:00,"Troglodytes troglodytes (Linnaeus, 1758)",5231438,Troglodytes troglodytes,Animalia,Aves,Passeriformes,Troglodytidae,Troglodytes,SPECIES,ACCEPTED,2015-01-07,2015,1,7,47.653637,8.869314,,CH,HUMAN_OBSERVATION,PRESENT,"['CONTINENT_DERIVED_FROM_COORDINATES', 'TAXON_CONCEPT_ID_NOT_FOUND']",
1345241665,4fa7b334-ce0d-4e88-aaae-2e0c138d049e,2026-07-18T18:02:23.245+00:00,"Tachybaptus ruficollis (Pallas, 1764)",2482048,Tachybaptus ruficollis,Animalia,Aves,Podicipediformes,Podicipedidae,Tachybaptus,SPECIES,ACCEPTED,2015-01-08,2015,1,8,46.38223,6.243153,,CH,HUMAN_OBSERVATION,PRESENT,"['COORDINATE_ROUNDED', 'CONTINENT_DERIVED_FROM_COORDINATES', 'TAXON_CONCEPT_ID_NOT_FOUND']",
1345241666,4fa7b334-ce0d-4e88-aaae-2e0c138d049e,2026-07-18T18:04:36.225+00:00,"Motacilla alba Linnaeus, 1758",9687165,Motacilla alba,Animalia,Aves,Passeriformes,Motacillidae,Motacilla,SPECIES,ACCEPTED,2015-01-07,2015,1,7,47.653637,8.869314,,CH,HUMAN_OBSERVATION,PRESENT,"['CONTINENT_DERIVED_FROM_COORDINATES', 'TAXON_CONCEPT_ID_NOT_FOUND']",
1345241679,4fa7b334-ce0d-4e88-aaae-2e0c138d049e,2026-07-18T18:01:27.022+00:00,"Aythya fuligula (Linnaeus, 1758)",2498261,Aythya fuligula,Animalia,Aves,Anseriformes,Anatidae,Aythya,SPECIES,ACCEPTED,2015-01-07,2015,1,7,47.653637,8.869314,,CH,HUMAN_OBSERVATION,PRESENT,"['CONTINENT_DERIVED_FROM_COORDINATES', 'TAXON_CONCEPT_ID_NOT_FOUND']",
1345241695,4fa7b334-ce0d-4e88-aaae-2e0c138d049e,2026-07-18T18:04:39.200+00:00,"Cygnus olor (J.F.Gmelin, 1789)",2498343,Cygnus olor,Animalia,Aves,Anseriformes,Anatidae,Cygnus,SPECIES,ACCEPTED,2015-01-08,2015,1,8,46.38223,6.243153,,CH,HUMAN_OBSERVATION,PRESENT,"['COORDINATE_ROUNDED', 'CONTINENT_DERIVED_FROM_COORDINATES', 'TAXON_CONCEPT_ID_NOT_FOUND']",
1345241700,4fa7b334-ce0d-4e88-aaae-2e0c138d049e,2026-07-18T18:05:28.317+00:00,"Turdus viscivorus Linnaeus, 1758",2490774,Turdus viscivorus,Animalia,Aves,Passeriformes,Turdidae,Turdus,SPECIES,ACCEPTED,2015-01-08,2015,1,8,46.38223,6.243153,,CH,HUMAN_OBSERVATION,PRESENT,"['COORDINATE_ROUNDED', 'CONTINENT_DERIVED_FROM_COORDINATES', 'TAXON_CONCEPT_ID_NOT_FOUND']",
1345241701,4fa7b334-ce0d-4e88-aaae-2e0c138d049e,2026-07-18T17:59:12.347+00:00,"Anas platyrhynchos Linnaeus, 1758",9761484,Anas platyrhynchos,Animalia,Aves,Anseriformes,Anatidae,Anas,SPECIES,ACCEPTED,2015-01-08,2015,1,8,46.38223,6.243153,,CH,HUMAN_OBSERVATION,PRESENT,"['COORDINATE_ROUNDED', 'CONTINENT_DERIVED_FROM_COORDINATES', 'TAXON_CONCEPT_ID_NOT_FOUND']",
1345241718,4fa7b334-ce0d-4e88-aaae-2e0c138d049e,2026-07-18T18:01:49.785+00:00,"Troglodytes troglodytes (Linnaeus, 1758)",5231438,Troglodytes troglodytes,Animalia,Aves,Passeriformes,Troglodytidae,Troglodytes,SPECIES,ACCEPTED,2015-01-08,2015,1,8,46.38223,6.243153,,CH,HUMAN_OBSERVATION,PRESENT,"['COORDINATE_ROUNDED', 'CONTINENT_DERIVED_FROM_COORDINATES', 'TAXON_CONCEPT_ID_NOT_FOUND']",
1345241727,4fa7b334-ce0d-4e88-aaae-2e0c138d049e,2026-07-18T18:03:09.960+00:00,"Larus michahellis J.F.Naumann, 1840",9413670,Larus michahellis,Animalia,Aves,Charadriiformes,Laridae,Larus,SPECIES,ACCEPTED,2015-01-08,2015,1,8,46.38223,6.243153,,CH,HUMAN_OBSERVATION,PRESENT,"['COORDINATE_ROUNDED', 'CONTINENT_DERIVED_FROM_COORDINATES', 'TAXON_CONCEPT_ID_NOT_FOUND']",
1345241743,4fa7b334-ce0d-4e88-aaae-2e0c138d049e,2026-07-18T18:01:11.694+00:00,"Motacilla cinerea Tunstall, 1771",2490310,Motacilla cinerea,Animalia,Aves,Passeriformes,Motacillidae,Motacilla,SPECIES,ACCEPTED,2015-01-08,2015,1,8,46.38223,6.243153,,CH,HUMAN_OBSERVATION,PRESENT,"['COORDINATE_ROUNDED', 'CONTINENT_DERIVED_FROM_COORDINATES', 'TAXON_CONCEPT_ID_NOT_FOUND']",
1345396292,4fa7b334-ce0d-4e88-aaae-2e0c138d049e,2026-07-18T17:58:49.275+00:00,"Mergus merganser Linnaeus, 1758",9537647,Mergus merganser,Animalia,Aves,Anseriformes,Anatidae,Mergus,SPECIES,ACCEPTED,2015-01-10,2015,1,10,47.67452,9.103804,,CH,HUMAN_OBSERVATION,PRESENT,"['CONTINENT_DERIVED_FROM_COORDINATES', 'TAXON_CONCEPT_ID_NOT_FOUND']",
1345396298,4fa7b334-ce0d-4e88-aaae-2e0c138d049e,2026-07-18T18:01:49.989+00:00,"Chroicocephalus ridibundus (Linnaeus, 1766)",6065824,Chroicocephalus ridibundus,Animalia,Aves,Charadriiformes,Laridae,Chroicocephalus,SPECIES,ACCEPTED,2015-01-10,2015,1,10,47.67452,9.103804,,CH,HUMAN_OBSERVATION,PRESENT,"['CONTINENT_DERIVED_FROM_COORDINATES', 'TAXON_CONCEPT_ID_NOT_FOUND']",
1345396309,4fa7b334-ce0d-4e88-aaae-2e0c138d049e,2026-07-18T18:00:34.673+00:00,"Phalacrocorax carbo (Linnaeus, 1758)",2481890,Phalacrocorax carbo,Animalia,Aves,Suliformes,Phalacrocoracidae,Phalacrocorax,SPECIES,ACCEPTED,2015-01-10,2015,1,10,47.67452,9.103804,,CH,HUMAN_OBSERVATION,PRESENT,"['CONTINENT_DERIVED_FROM_COORDINATES', 'TAXON_CONCEPT_ID_NOT_FOUND']",
1345396322,4fa7b334-ce0d-4e88-aaae-2e0c138d049e,2026-07-18T18:05:17.353+00:00,"Pica pica (Linnaeus, 1758)",5229490,Pica pica,Animalia,Aves,Passeriformes,Corvidae,Pica,SPECIES,ACCEPTED,2015-01-10,2015,1,10,47.67452,9.103804,,CH,HUMAN_OBSERVATION,PRESENT,"['CONTINENT_DERIVED_FROM_COORDINATES', 'TAXON_CONCEPT_ID_NOT_FOUND']",
1345396329,4fa7b334-ce0d-4e88-aaae-2e0c138d049e,2026-07-18T18:02:59.690+00:00,"Mareca strepera (Linnaeus, 1758)",9362027,Mareca strepera,Animalia,Aves,Anseriformes,Anatidae,Mareca,SPECIES,ACCEPTED,2015-01-10,2015,1,10,47.67452,9.103804,,CH,HUMAN_OBSERVATION,PRESENT,"['CONTINENT_DERIVED_FROM_COORDINATES', 'TAXON_CONCEPT_ID_NOT_FOUND']",
1345396346,4fa7b334-ce0d-4e88-aaae-2e0c138d049e,2026-07-18T18:01:29.844+00:00,"Turdus merula Linnaeus, 1758",2490719,Turdus merula,Animalia,Aves,Passeriformes,Turdidae,Turdus,SPECIES,ACCEPTED,2015-01-10,2015,1,10,47.67452,9.103804,,CH,HUMAN_OBSERVATION,PRESENT,"['CONTINENT_DERIVED_FROM_COORDINATES', 'TAXON_CONCEPT_ID_NOT_FOUND']",
1345396347,4fa7b334-ce0d-4e88-aaae-2e0c138d049e,2026-07-18T18:01:02.853+00:00,"Accipiter nisus (Linnaeus, 1758)",2480637,Accipiter nisus,Animalia,Aves,Accipitriformes,Accipitridae,Accipiter,SPECIES,ACCEPTED,2015-01-10,2015,1,10,47.67452,9.103804,,CH,HUMAN_OBSERVATION,PRESENT,"['CONTINENT_DERIVED_FROM_COORDINATES', 'TAXON_CONCEPT_ID_NOT_FOUND']",
1345396349,4fa7b334-ce0d-4e88-aaae-2e0c138d049e,2026-07-18T18:02:09.982+00:00,"Podiceps cristatus (Linnaeus, 1758)",2482054,Podiceps cristatus,Animalia,Aves,Podicipediformes,Podicipedidae,Podiceps,SPECIES,ACCEPTED,2015-01-10,2015,1,10,47.67452,9.103804,,CH,HUMAN_OBSERVATION,PRESENT,"['CONTINENT_DERIVED_FROM_COORDINATES', 'TAXON_CONCEPT_ID_NOT_FOUND']",
1345396362,4fa7b334-ce0d-4e88-aaae-2e0c138d049e,2026-07-18T18:00:34.784+00:00,"Sturnus vulgaris Linnaeus, 1758",9809229,Sturnus vulgaris,Animalia,Aves,Passeriformes,Sturnidae,Sturnus,SPECIES,ACCEPTED,2015-01-10,2015,1,10,47.67452,9.103804,,CH,HUMAN_OBSERVATION,PRESENT,"['CONTINENT_DERIVED_FROM_COORDINATES', 'TAXON_CONCEPT_ID_NOT_FOUND']",
1345396365,4fa7b334-ce0d-4e88-aaae-2e0c138d049e,2026-07-18T18:00:51.442+00:00,"Fulica atra Linnaeus, 1758",2474377,Fulica atra,Animalia,Aves,Gruiformes,Rallidae,Fulica,SPECIES,ACCEPTED,2015-01-10,2015,1,10,47.67452,9.103804,,CH,HUMAN_OBSERVATION,PRESENT,"['CONTINENT_DERIVED_FROM_COORDINATES', 'TAXON_CONCEPT_ID_NOT_FOUND']",
1345396372,4fa7b334-ce0d-4e88-aaae-2e0c138d049e,2026-07-18T18:00:52.489+00:00,"Parus major Linnaeus, 1758",9705453,Parus major,Animalia,Aves,Passeriformes,Paridae,Parus,SPECIES,ACCEPTED,2015-01-10,2015,1,10,47.67452,9.103804,,CH,HUMAN_OBSERVATION,PRESENT,"['CONTINENT_DERIVED_FROM_COORDINATES', 'TAXON_CONCEPT_ID_NOT_FOUND']",
1345396434,4fa7b334-ce0d-4e88-aaae-2e0c138d049e,2026-07-18T18:01:49.155+00:00,"Ardea cinerea Linnaeus, 1758",9797180,Ardea cinerea,Animalia,Aves,Pelecaniformes,Ardeidae,Ardea,SPECIES,ACCEPTED,2015-01-10,2015,1,10,47.67452,9.103804,,CH,HUMAN_OBSERVATION,PRESENT,"['CONTINENT_DERIVED_FROM_COORDINATES', 'TAXON_CONCEPT_ID_NOT_FOUND']",
1345397378,4fa7b334-ce0d-4e88-aaae-2e0c138d049e,2026-07-18T18:00:19.809+00:00,"Milvus milvus (Linnaeus, 1758)",5229168,Milvus milvus,Animalia,Aves,Accipitriformes,Accipitridae,Milvus,SPECIES,ACCEPTED,2015-01-10,2015,1,10,47.67452,9.103804,,CH,HUMAN_OBSERVATION,PRESENT,"['CONTINENT_DERIVED_FROM_COORDINATES', 'TAXON_CONCEPT_ID_NOT_FOUND']",
1345397417,4fa7b334-ce0d-4e88-aaae-2e0c138d049e,2026-07-18T18:02:24.798+00:00,"Tachybaptus ruficollis (Pallas, 1764)",2482048,Tachybaptus ruficollis,Animalia,Aves,Podicipediformes,Podicipedidae,Tachybaptus,SPECIES,ACCEPTED,2015-01-10,2015,1,10,47.67452,9.103804,,CH,HUMAN_OBSERVATION,PRESENT,"['CONTINENT_DERIVED_FROM_COORDINATES', 'TAXON_CONCEPT_ID_NOT_FOUND']",
1345397456,4fa7b334-ce0d-4e88-aaae-2e0c138d049e,2026-07-18T18:04:51.452+00:00,"Cygnus olor (J.F.Gmelin, 1789)",2498343,Cygnus olor,Animalia,Aves,Anseriformes,Anatidae,Cygnus,SPECIES,ACCEPTED,2015-01-10,2015,1,10,47.67452,9.103804,,CH,HUMAN_OBSERVATION,PRESENT,"['CONTINENT_DERIVED_FROM_COORDINATES', 'TAXON_CONCEPT_ID_NOT_FOUND']",
1345397459,4fa7b334-ce0d-4e88-aaae-2e0c138d049e,2026-07-18T18:00:51.443+00:00,"Motacilla alba Linnaeus, 1758",9687165,Motacilla alba,Animalia,Aves,Passeriformes,Motacillidae,Motacilla,SPECIES,ACCEPTED,2015-01-10,2015,1,10,47.67452,9.103804,,CH,HUMAN_OBSERVATION,PRESENT,"['CONTINENT_DERIVED_FROM_COORDINATES', 'TAXON_CONCEPT_ID_NOT_FOUND']",
1345397540,4fa7b334-ce0d-4e88-aaae-2e0c138d049e,2026-07-18T18:03:48.563+00:00,"Larus michahellis J.F.Naumann, 1840",9413670,Larus michahellis,Animalia,Aves,Charadriiformes,Laridae,Larus,SPECIES,ACCEPTED,2015-01-10,2015,1,10,47.67452,9.103804,,CH,HUMAN_OBSERVATION,PRESENT,"['CONTINENT_DERIVED_FROM_COORDINATES', 'TAXON_CONCEPT_ID_NOT_FOUND']",
1345397559,4fa7b334-ce0d-4e88-aaae-2e0c138d049e,2026-07-18T18:02:47.380+00:00,"Aythya fuligula (Linnaeus, 1758)",2498261,Aythya fuligula,Animalia,Aves,Anseriformes,Anatidae,Aythya,SPECIES,ACCEPTED,2015-01-10,2015,1,10,47.67452,9.103804,,CH,HUMAN_OBSERVATION,PRESENT,"['CONTINENT_DERIVED_FROM_COORDINATES', 'TAXON_CONCEPT_ID_NOT_FOUND']",
1345416017,4fa7b334-ce0d-4e88-aaae-2e0c138d049e,2026-07-18T18:03:44.440+00:00,"Milvus milvus (Linnaeus, 1758)",5229168,Milvus milvus,Animalia,Aves,Accipitriformes,Accipitridae,Milvus,SPECIES,ACCEPTED,2015-01-10,2015,1,10,47.135387,8.195087,,CH,HUMAN_OBSERVATION,PRESENT,"['CONTINENT_DERIVED_FROM_COORDINATES', 'TAXON_CONCEPT_ID_NOT_FOUND']",
1345425648,4fa7b334-ce0d-4e88-aaae-2e0c138d049e,2026-07-18T18:06:10.287+00:00,"Erithacus rubecula (Linnaeus, 1758)",2492462,Erithacus rubecula,Animalia,Aves,Passeriformes,Muscicapidae,Erithacus,SPECIES,ACCEPTED,2015-01-10,2015,1,10,46.157898,8.851032,,CH,HUMAN_OBSERVATION,PRESENT,"['CONTINENT_DERIVED_FROM_COORDINATES', 'TAXON_CONCEPT_ID_NOT_FOUND']",
1345425659,4fa7b334-ce0d-4e88-aaae-2e0c138d049e,2026-07-18T18:04:45.409+00:00,"Fulica atra Linnaeus, 1758",2474377,Fulica atra,Animalia,Aves,Gruiformes,Rallidae,Fulica,SPECIES,ACCEPTED,2015-01-10,2015,1,10,46.157898,8.851032,,CH,HUMAN_OBSERVATION,PRESENT,"['CONTINENT_DERIVED_FROM_COORDINATES', 'TAXON_CONCEPT_ID_NOT_FOUND']",
1345425670,4fa7b334-ce0d-4e88-aaae-2e0c138d049e,2026-07-18T18:06:02.693+00:00,"Garrulus glandarius (Linnaeus, 1758)",5229493,Garrulus glandarius,Animalia,Aves,Passeriformes,Corvidae,Garrulus,SPECIES,ACCEPTED,2015-01-10,2015,1,10,46.157898,8.851032,,CH,HUMAN_OBSERVATION,PRESENT,"['CONTINENT_DERIVED_FROM_COORDINATES', 'TAXON_CONCEPT_ID_NOT_FOUND']",
1345425672,4fa7b334-ce0d-4e88-aaae-2e0c138d049e,2026-07-18T18:01:42.746+00:00,"Turdus merula Linnaeus, 1758",2490719,Turdus merula,Animalia,Aves,Passeriformes,Turdidae,Turdus,SPECIES,ACCEPTED,2015-01-10,2015,1,10,46.157898,8.851032,,CH,HUMAN_OBSERVATION,PRESENT,"['CONTINENT_DERIVED_FROM_COORDINATES', 'TAXON_CONCEPT_ID_NOT_FOUND']",
1345425675,4fa7b334-ce0d-4e88-aaae-2e0c138d049e,2026-07-18T17:59:32.187+00:00,"Cyanistes caeruleus (Linnaeus, 1758)",2487879,Cyanistes caeruleus,Animalia,Aves,Passeriformes,Paridae,Cyanistes,SPECIES,ACCEPTED,2015-01-10,2015,1,10,46.157898,8.851032,,CH,HUMAN_OBSERVATION,PRESENT,"['CONTINENT_DERIVED_FROM_COORDINATES', 'TAXON_CONCEPT_ID_NOT_FOUND']",
1345425679,4fa7b334-ce0d-4e88-aaae-2e0c138d049e,2026-07-18T18:00:04.617+00:00,"Aythya ferina (Linnaeus, 1758)",2498255,Aythya ferina,Animalia,Aves,Anseriformes,Anatidae,Aythya,SPECIES,ACCEPTED,2015-01-10,2015,1,10,46.157898,8.851032,,CH,HUMAN_OBSERVATION,PRESENT,"['CONTINENT_DERIVED_FROM_COORDINATES', 'TAXON_CONCEPT_ID_NOT_FOUND']",
1345425714,4fa7b334-ce0d-4e88-aaae-2e0c138d049e,2026-07-18T18:00:12.878+00:00,"Anas crecca Linnaeus, 1758",8214667,Anas crecca,Animalia,Aves,Anseriformes,Anatidae,Anas,SPECIES,ACCEPTED,2015-01-10,2015,1,10,46.157898,8.851032,,CH,HUMAN_OBSERVATION,PRESENT,"['CONTINENT_DERIVED_FROM_COORDINATES', 'TAXON_CONCEPT_ID_NOT_FOUND']",
1345425740,4fa7b334-ce0d-4e88-aaae-2e0c138d049e,2026-07-18T18:03:02.464+00:00,"Dryocopus martius (Linnaeus, 1758)",2477872,Dryocopus martius,Animalia,Aves,Piciformes,Picidae,Dryocopus,SPECIES,ACCEPTED,2015-01-10,2015,1,10,46.157898,8.851032,,CH,HUMAN_OBSERVATION,PRESENT,"['CONTINENT_DERIVED_FROM_COORDINATES', 'TAXON_CONCEPT_ID_NOT_FOUND']",
1345425797,4fa7b334-ce0d-4e88-aaae-2e0c138d049e,2026-07-18T18:04:14.155+00:00,"Sitta europaea Linnaeus, 1758",2484916,Sitta europaea,Animalia,Aves,Passeriformes,Sittidae,Sitta,SPECIES,ACCEPTED,2015-01-10,2015,1,10,46.157898,8.851032,,CH,HUMAN_OBSERVATION,PRESENT,"['CONTINENT_DERIVED_FROM_COORDINATES', 'TAXON_CONCEPT_ID_NOT_FOUND']",
1345426622,4fa7b334-ce0d-4e88-aaae-2e0c138d049e,2026-07-18T18:04:03.746+00:00,"Motacilla cinerea Tunstall, 1771",2490310,Motacilla cinerea,Animalia,Aves,Passeriformes,Motacillidae,Motacilla,SPECIES,ACCEPTED,2015-01-10,2015,1,10,46.157898,8.851032,,CH,HUMAN_OBSERVATION,PRESENT,"['CONTINENT_DERIVED_FROM_COORDINATES', 'TAXON_CONCEPT_ID_NOT_FOUND']",
1345426638,4fa7b334-ce0d-4e88-aaae-2e0c138d049e,2026-07-18T18:05:32.992+00:00,"Regulus regulus (Linnaeus, 1758)",2484596,Regulus regulus,Animalia,Aves,Passeriformes,Regulidae,Regulus,SPECIES,ACCEPTED,2015-01-10,2015,1,10,46.157898,8.851032,,CH,HUMAN_OBSERVATION,PRESENT,"['CONTINENT_DERIVED_FROM_COORDINATES', 'TAXON_CONCEPT_ID_NOT_FOUND']",
1345426649,4fa7b334-ce0d-4e88-aaae-2e0c138d049e,2026-07-18T18:04:19.994+00:00,"Dendrocopos major (Linnaeus, 1758)",2477968,Dendrocopos major,Animalia,Aves,Piciformes,Picidae,Dendrocopos,SPECIES,ACCEPTED,2015-01-10,2015,1,10,46.157898,8.851032,,CH,HUMAN_OBSERVATION,PRESENT,"['CONTINENT_DERIVED_FROM_COORDINATES', 'TAXON_CONCEPT_ID_NOT_FOUND']",
1345426651,4fa7b334-ce0d-4e88-aaae-2e0c138d049e,2026-07-18T18:02:07.985+00:00,"Phalacrocorax carbo (Linnaeus, 1758)",2481890,Phalacrocorax carbo,Animalia,Aves,Suliformes,Phalacrocoracidae,Phalacrocorax,SPECIES,ACCEPTED,2015-01-10,2015,1,10,46.157898,8.851032,,CH,HUMAN_OBSERVATION,PRESENT,"['CONTINENT_DERIVED_FROM_COORDINATES', 'TAXON_CONCEPT_ID_NOT_FOUND']",
1345426664,4fa7b334-ce0d-4e88-aaae-2e0c138d049e,2026-07-18T18:02:51.544+00:00,"Picus viridis Linnaeus, 1758",2478523,Picus viridis,Animalia,Aves,Piciformes,Picidae,Picus,SPECIES,ACCEPTED,2015-01-10,2015,1,10,46.157898,8.851032,,CH,HUMAN_OBSERVATION,PRESENT,"['CONTINENT_DERIVED_FROM_COORDINATES', 'TAXON_CONCEPT_ID_NOT_FOUND']",
1345426667,4fa7b334-ce0d-4e88-aaae-2e0c138d049e,2026-07-18T18:05:55.334+00:00,"Podiceps cristatus (Linnaeus, 1758)",2482054,Podiceps cristatus,Animalia,Aves,Podicipediformes,Podicipedidae,Podiceps,SPECIES,ACCEPTED,2015-01-10,2015,1,10,46.157898,8.851032,,CH,HUMAN_OBSERVATION,PRESENT,"['CONTINENT_DERIVED_FROM_COORDINATES', 'TAXON_CONCEPT_ID_NOT_FOUND']",
1345426670,4fa7b334-ce0d-4e88-aaae-2e0c138d049e,2026-07-18T18:01:18.460+00:00,"Troglodytes troglodytes (Linnaeus, 1758)",5231438,Troglodytes troglodytes,Animalia,Aves,Passeriformes,Troglodytidae,Troglodytes,SPECIES,ACCEPTED,2015-01-10,2015,1,10,46.157898,8.851032,,CH,HUMAN_OBSERVATION,PRESENT,"['CONTINENT_DERIVED_FROM_COORDINATES', 'TAXON_CONCEPT_ID_NOT_FOUND']",
1345426682,4fa7b334-ce0d-4e88-aaae-2e0c138d049e,2026-07-18T18:01:02.209+00:00,"Poecile palustris (Linnaeus, 1758)",2487843,Poecile palustris,Animalia,Aves,Passeriformes,Paridae,Poecile,SPECIES,ACCEPTED,2015-01-10,2015,1,10,46.157898,8.851032,,CH,HUMAN_OBSERVATION,PRESENT,"['CONTINENT_DERIVED_FROM_COORDINATES', 'TAXON_CONCEPT_ID_NOT_FOUND']",
1345426685,4fa7b334-ce0d-4e88-aaae-2e0c138d049e,2026-07-18T18:00:13.808+00:00,"Ardea cinerea Linnaeus, 1758",9797180,Ardea cinerea,Animalia,Aves,Pelecaniformes,Ardeidae,Ardea,SPECIES,ACCEPTED,2015-01-10,2015,1,10,46.157898,8.851032,,CH,HUMAN_OBSERVATION,PRESENT,"['CONTINENT_DERIVED_FROM_COORDINATES', 'TAXON_CONCEPT_ID_NOT_FOUND']",
1345426693,4fa7b334-ce0d-4e88-aaae-2e0c138d049e,2026-07-18T18:00:04.352+00:00,"Anas platyrhynchos Linnaeus, 1758",9761484,Anas platyrhynchos,Animalia,Aves,Anseriformes,Anatidae,Anas,SPECIES,ACCEPTED,2015-01-10,2015,1,10,46.157898,8.851032,,CH,HUMAN_OBSERVATION,PRESENT,"['CONTINENT_DERIVED_FROM_COORDINATES', 'TAXON_CONCEPT_ID_NOT_FOUND']",
1345426706,4fa7b334-ce0d-4e88-aaae-2e0c138d049e,2026-07-18T18:03:25.899+00:00,"Certhia brachydactyla C.L.Brehm, 1820",7806848,Certhia brachydactyla,Animalia,Aves,Passeriformes,Certhiidae,Certhia,SPECIES,ACCEPTED,2015-01-10,2015,1,10,46.157898,8.851032,,CH,HUMAN_OBSERVATION,PRESENT,"['CONTINENT_DERIVED_FROM_COORDINATES', 'TAXON_CONCEPT_ID_NOT_FOUND']",
1345426707,4fa7b334-ce0d-4e88-aaae-2e0c138d049e,2026-07-18T18:01:03.120+00:00,"Rallus aquaticus Linnaeus, 1758",2474831,Rallus aquaticus,Animalia,Aves,Gruiformes,Rallidae,Rallus,SPECIES,ACCEPTED,2015-01-10,2015,1,10,46.157898,8.851032,,CH,HUMAN_OBSERVATION,PRESENT,"['CONTINENT_DERIVED_FROM_COORDINATES', 'TAXON_CONCEPT_ID_NOT_FOUND']",
1345426708,4fa7b334-ce0d-4e88-aaae-2e0c138d049e,2026-07-18T18:03:10.363+00:00,"Corvus cornix Linnaeus, 1758",2482515,Corvus cornix,Animalia,Aves,Passeriformes,Corvidae,Corvus,SPECIES,ACCEPTED,2015-01-10,2015,1,10,46.157898,8.851032,,CH,HUMAN_OBSERVATION,PRESENT,"['CONTINENT_DERIVED_FROM_COORDINATES', 'TAXON_CONCEPT_ID_NOT_FOUND']",
1345426721,4fa7b334-ce0d-4e88-aaae-2e0c138d049e,2026-07-18T18:00:07.542+00:00,"Dryobates minor (Linnaeus, 1758)",9015784,Dryobates minor,Animalia,Aves,Piciformes,Picidae,Dryobates,SPECIES,ACCEPTED,2015-01-10,2015,1,10,46.157898,8.851032,,CH,HUMAN_OBSERVATION,PRESENT,"['CONTINENT_DERIVED_FROM_COORDINATES', 'TAXON_CONCEPT_ID_NOT_FOUND']",
1345426725,4fa7b334-ce0d-4e88-aaae-2e0c138d049e,2026-07-18T18:02:10.881+00:00,"Aegithalos caudatus (Linnaeus, 1758)",2495000,Aegithalos caudatus,Animalia,Aves,Passeriformes,Aegithalidae,Aegithalos,SPECIES,PROVISIONALLY_ACCEPTED,2015-01-10,2015,1,10,46.157898,8.851032,,CH,HUMAN_OBSERVATION,PRESENT,"['CONTINENT_DERIVED_FROM_COORDINATES', 'TAXON_CONCEPT_ID_NOT_FOUND']",
1345426729,4fa7b334-ce0d-4e88-aaae-2e0c138d049e,2026-07-18T18:03:42.485+00:00,"Tachybaptus ruficollis (Pallas, 1764)",2482048,Tachybaptus ruficollis,Animalia,Aves,Podicipediformes,Podicipedidae,Tachybaptus,SPECIES,ACCEPTED,2015-01-10,2015,1,10,46.157898,8.851032,,CH,HUMAN_OBSERVATION,PRESENT,"['CONTINENT_DERIVED_FROM_COORDINATES', 'TAXON_CONCEPT_ID_NOT_FOUND']",
1345426737,4fa7b334-ce0d-4e88-aaae-2e0c138d049e,2026-07-18T18:00:34.481+00:00,"Cygnus olor (J.F.Gmelin, 1789)",2498343,Cygnus olor,Animalia,Aves,Anseriformes,Anatidae,Cygnus,SPECIES,ACCEPTED,2015-01-10,2015,1,10,46.157898,8.851032,,CH,HUMAN_OBSERVATION,PRESENT,"['CONTINENT_DERIVED_FROM_COORDINATES', 'TAXON_CONCEPT_ID_NOT_FOUND']",
1345426741,4fa7b334-ce0d-4e88-aaae-2e0c138d049e,2026-07-18T18:06:13.826+00:00,"Coccothraustes coccothraustes (Linnaeus, 1758)",2494329,Coccothraustes coccothraustes,Animalia,Aves,Passeriformes,Fringillidae,Coccothraustes,SPECIES,ACCEPTED,2015-01-10,2015,1,10,46.157898,8.851032,,CH,HUMAN_OBSERVATION,PRESENT,"['CONTINENT_DERIVED_FROM_COORDINATES', 'TAXON_CONCEPT_ID_NOT_FOUND']",
1345426775,4fa7b334-ce0d-4e88-aaae-2e0c138d049e,2026-07-18T18:01:36.433+00:00,"Aythya fuligula (Linnaeus, 1758)",2498261,Aythya fuligula,Animalia,Aves,Anseriformes,Anatidae,Aythya,SPECIES,ACCEPTED,2015-01-10,2015,1,10,46.157898,8.851032,,CH,HUMAN_OBSERVATION,PRESENT,"['CONTINENT_DERIVED_FROM_COORDINATES', 'TAXON_CONCEPT_ID_NOT_FOUND']",
1345426783,4fa7b334-ce0d-4e88-aaae-2e0c138d049e,2026-07-18T18:05:18.258+00:00,"Parus major Linnaeus, 1758",9705453,Parus major,Animalia,Aves,Passeriformes,Paridae,Parus,SPECIES,ACCEPTED,2015-01-10,2015,1,10,46.157898,8.851032,,CH,HUMAN_OBSERVATION,PRESENT,"['CONTINENT_DERIVED_FROM_COORDINATES', 'TAXON_CONCEPT_ID_NOT_FOUND']",
1345426790,4fa7b334-ce0d-4e88-aaae-2e0c138d049e,2026-07-18T18:03:21.413+00:00,"Larus michahellis J.F.Naumann, 1840",9413670,Larus michahellis,Animalia,Aves,Charadriiformes,Laridae,Larus,SPECIES,ACCEPTED,2015-01-10,2015,1,10,46.157898,8.851032,,CH,HUMAN_OBSERVATION,PRESENT,"['CONTINENT_DERIVED_FROM_COORDINATES', 'TAXON_CONCEPT_ID_NOT_FOUND']",
1345426816,4fa7b334-ce0d-4e88-aaae-2e0c138d049e,2026-07-18T18:01:00.538+00:00,"Columba livia J.F.Gmelin, 1789",2495414,Columba livia,Animalia,Aves,Columbiformes,Columbidae,Columba,SPECIES,ACCEPTED,2015-01-10,2015,1,10,46.157898,8.851032,,CH,HUMAN_OBSERVATION,PRESENT,"['CONTINENT_DERIVED_FROM_COORDINATES', 'TAXON_CONCEPT_ID_NOT_FOUND']",
1345430435,4fa7b334-ce0d-4e88-aaae-2e0c138d049e,2026-07-18T18:02:38.829+00:00,"Periparus ater (Linnaeus, 1758)",2487871,Periparus ater,Animalia,Aves,Passeriformes,Paridae,Periparus,SPECIES,ACCEPTED,2015-01-10,2015,1,10,46.06508,7.077131,,CH,HUMAN_OBSERVATION,PRESENT,"['CONTINENT_DERIVED_FROM_COORDINATES', 'TAXON_CONCEPT_ID_NOT_FOUND']",
1345430465,4fa7b334-ce0d-4e88-aaae-2e0c138d049e,2026-07-18T17:59:16.129+00:00,"Cyanistes caeruleus (Linnaeus, 1758)",2487879,Cyanistes caeruleus,Animalia,Aves,Passeriformes,Paridae,Cyanistes,SPECIES,ACCEPTED,2015-01-10,2015,1,10,46.06508,7.077131,,CH,HUMAN_OBSERVATION,PRESENT,"['CONTINENT_DERIVED_FROM_COORDINATES', 'TAXON_CONCEPT_ID_NOT_FOUND']",
1345430491,4fa7b334-ce0d-4e88-aaae-2e0c138d049e,2026-07-18T18:00:36.449+00:00,"Parus major Linnaeus, 1758",9705453,Parus major,Animalia,Aves,Passeriformes,Paridae,Parus,SPECIES,ACCEPTED,2015-01-10,2015,1,10,46.06508,7.077131,,CH,HUMAN_OBSERVATION,PRESENT,"['CONTINENT_DERIVED_FROM_COORDINATES', 'TAXON_CONCEPT_ID_NOT_FOUND']",
1345430545,4fa7b334-ce0d-4e88-aaae-2e0c138d049e,2026-07-18T18:02:43.095+00:00,"Fringilla coelebs Linnaeus, 1758",2494422,Fringilla coelebs,Animalia,Aves,Passeriformes,Fringillidae,Fringilla,SPECIES,ACCEPTED,2015-01-10,2015,1,10,46.06508,7.077131,,CH,HUMAN_OBSERVATION,PRESENT,"['CONTINENT_DERIVED_FROM_COORDINATES', 'TAXON_CONCEPT_ID_NOT_FOUND']",
1345526711,4fa7b334-ce0d-4e88-aaae-2e0c138d049e,2026-07-18T18:05:03.540+00:00,"Fringilla montifringilla Linnaeus, 1758",2494441,Fringilla montifringilla,Animalia,Aves,Passeriformes,Fringillidae,Fringilla,SPECIES,ACCEPTED,2015-01-11,2015,1,11,46.760902,7.426272,,CH,HUMAN_OBSERVATION,PRESENT,"['COORDINATE_ROUNDED', 'CONTINENT_DERIVED_FROM_COORDINATES', 'TAXON_CONCEPT_ID_NOT_FOUND']",
1345526716,4fa7b334-ce0d-4e88-aaae-2e0c138d049e,2026-07-18T17:59:16.835+00:00,"Chloris chloris (Linnaeus, 1758)",5845582,Chloris chloris,Animalia,Aves,Passeriformes,Fringillidae,Chloris,SPECIES,ACCEPTED,2015-01-11,2015,1,11,46.760902,7.426272,,CH,HUMAN_OBSERVATION,PRESENT,"['COORDINATE_ROUNDED', 'CONTINENT_DERIVED_FROM_COORDINATES', 'TAXON_CONCEPT_ID_NOT_FOUND']",
1345526723,4fa7b334-ce0d-4e88-aaae-2e0c138d049e,2026-07-18T18:05:16.126+00:00,"Cyanistes caeruleus (Linnaeus, 1758)",2487879,Cyanistes caeruleus,Animalia,Aves,Passeriformes,Paridae,Cyanistes,SPECIES,ACCEPTED,2015-01-11,2015,1,11,46.760902,7.426272,,CH,HUMAN_OBSERVATION,PRESENT,"['COORDINATE_ROUNDED', 'CONTINENT_DERIVED_FROM_COORDINATES', 'TAXON_CONCEPT_ID_NOT_FOUND']",
1345526724,4fa7b334-ce0d-4e88-aaae-2e0c138d049e,2026-07-18T18:01:06.279+00:00,"Fringilla coelebs Linnaeus, 1758",2494422,Fringilla coelebs,Animalia,Aves,Passeriformes,Fringillidae,Fringilla,SPECIES,ACCEPTED,2015-01-11,2015,1,11,46.760902,7.426272,,CH,HUMAN_OBSERVATION,PRESENT,"['COORDINATE_ROUNDED', 'CONTINENT_DERIVED_FROM_COORDINATES', 'TAXON_CONCEPT_ID_NOT_FOUND']",
1345526726,4fa7b334-ce0d-4e88-aaae-2e0c138d049e,2026-07-18T17:59:14.390+00:00,"Turdus merula Linnaeus, 1758",2490719,Turdus merula,Animalia,Aves,Passeriformes,Turdidae,Turdus,SPECIES,ACCEPTED,2015-01-11,2015,1,11,46.760902,7.426272,,CH,HUMAN_OBSERVATION,PRESENT,"['COORDINATE_ROUNDED', 'CONTINENT_DERIVED_FROM_COORDINATES', 'TAXON_CONCEPT_ID_NOT_FOUND']",
1345526746,4fa7b334-ce0d-4e88-aaae-2e0c138d049e,2026-07-18T17:59:21.006+00:00,"Spinus spinus (Linnaeus, 1758)",6092830,Spinus spinus,Animalia,Aves,Passeriformes,Fringillidae,Spinus,SPECIES,ACCEPTED,2015-01-11,2015,1,11,46.760902,7.426272,,CH,HUMAN_OBSERVATION,PRESENT,"['COORDINATE_ROUNDED', 'CONTINENT_DERIVED_FROM_COORDINATES', 'TAXON_CONCEPT_ID_NOT_FOUND']",
1345526747,4fa7b334-ce0d-4e88-aaae-2e0c138d049e,2026-07-18T18:04:17.627+00:00,"Lophophanes cristatus (Linnaeus, 1758)",2487883,Lophophanes cristatus,Animalia,Aves,Passeriformes,Paridae,Lophophanes,SPECIES,ACCEPTED,2015-01-11,2015,1,11,46.760902,7.426272,,CH,HUMAN_OBSERVATION,PRESENT,"['COORDINATE_ROUNDED', 'CONTINENT_DERIVED_FROM_COORDINATES', 'TAXON_CONCEPT_ID_NOT_FOUND']",
1345526753,4fa7b334-ce0d-4e88-aaae-2e0c138d049e,2026-07-18T18:05:58.415+00:00,"Pyrrhula pyrrhula (Linnaeus, 1758)",2494543,Pyrrhula pyrrhula,Animalia,Aves,Passeriformes,Fringillidae,Pyrrhula,SPECIES,ACCEPTED,2015-01-11,2015,1,11,46.760902,7.426272,,CH,HUMAN_OBSERVATION,PRESENT,"['COORDINATE_ROUNDED', 'CONTINENT_DERIVED_FROM_COORDINATES', 'TAXON_CONCEPT_ID_NOT_FOUND']",
1345526780,4fa7b334-ce0d-4e88-aaae-2e0c138d049e,2026-07-18T18:02:12.255+00:00,"Milvus milvus (Linnaeus, 1758)",5229168,Milvus milvus,Animalia,Aves,Accipitriformes,Accipitridae,Milvus,SPECIES,ACCEPTED,2015-01-10,2015,1,10,46.76175,7.416018,,CH,HUMAN_OBSERVATION,PRESENT,"['CONTINENT_DERIVED_FROM_COORDINATES', 'TAXON_CONCEPT_ID_NOT_FOUND']",
1345526781,4fa7b334-ce0d-4e88-aaae-2e0c138d049e,2026-07-18T18:04:41.856+00:00,"Parus major Linnaeus, 1758",9705453,Parus major,Animalia,Aves,Passeriformes,Paridae,Parus,SPECIES,ACCEPTED,2015-01-11,2015,1,11,46.760902,7.426272,,CH,HUMAN_OBSERVATION,PRESENT,"['COORDINATE_ROUNDED', 'CONTINENT_DERIVED_FROM_COORDINATES', 'TAXON_CONCEPT_ID_NOT_FOUND']",
1345526790,4fa7b334-ce0d-4e88-aaae-2e0c138d049e,2026-07-18T18:00:34.222+00:00,"Accipiter nisus (Linnaeus, 1758)",2480637,Accipiter nisus,Animalia,Aves,Accipitriformes,Accipitridae,Accipiter,SPECIES,ACCEPTED,2015-01-11,2015,1,11,46.760902,7.426272,,CH,HUMAN_OBSERVATION,PRESENT,"['COORDINATE_ROUNDED', 'CONTINENT_DERIVED_FROM_COORDINATES', 'TAXON_CONCEPT_ID_NOT_FOUND']",
1345526803,4fa7b334-ce0d-4e88-aaae-2e0c138d049e,2026-07-18T18:01:18.934+00:00,"Periparus ater (Linnaeus, 1758)",2487871,Periparus ater,Animalia,Aves,Passeriformes,Paridae,Periparus,SPECIES,ACCEPTED,2015-01-11,2015,1,11,46.760902,7.426272,,CH,HUMAN_OBSERVATION,PRESENT,"['COORDINATE_ROUNDED', 'CONTINENT_DERIVED_FROM_COORDINATES', 'TAXON_CONCEPT_ID_NOT_FOUND']",
1345527845,4fa7b334-ce0d-4e88-aaae-2e0c138d049e,2026-07-18T18:04:48.746+00:00,"Fringilla montifringilla Linnaeus, 1758",2494441,Fringilla montifringilla,Animalia,Aves,Passeriformes,Fringillidae,Fringilla,SPECIES,ACCEPTED,2015-01-11,2015,1,11,46.760902,7.426272,,CH,HUMAN_OBSERVATION,PRESENT,"['COORDINATE_ROUNDED', 'CONTINENT_DERIVED_FROM_COORDINATES', 'TAXON_CONCEPT_ID_NOT_FOUND']",
1345527858,4fa7b334-ce0d-4e88-aaae-2e0c138d049e,2026-07-18T17:59:59.287+00:00,"Cyanistes caeruleus (Linnaeus, 1758)",2487879,Cyanistes caeruleus,Animalia,Aves,Passeriformes,Paridae,Cyanistes,SPECIES,ACCEPTED,2015-01-11,2015,1,11,46.760902,7.426272,,CH,HUMAN_OBSERVATION,PRESENT,"['COORDINATE_ROUNDED', 'CONTINENT_DERIVED_FROM_COORDINATES', 'TAXON_CONCEPT_ID_NOT_FOUND']",
1345527899,4fa7b334-ce0d-4e88-aaae-2e0c138d049e,2026-07-18T18:03:29.591+00:00,"Loxia curvirostra Linnaeus, 1758",9629160,Loxia curvirostra,Animalia,Aves,Passeriformes,Fringillidae,Loxia,SPECIES,ACCEPTED,2015-01-11,2015,1,11,46.760902,7.426272,,CH,HUMAN_OBSERVATION,PRESENT,"['COORDINATE_ROUNDED', 'CONTINENT_DERIVED_FROM_COORDINATES', 'TAXON_CONCEPT_ID_NOT_FOUND']",
1345528875,4fa7b334-ce0d-4e88-aaae-2e0c138d049e,2026-07-18T18:00:11.833+00:00,"Pyrrhula pyrrhula (Linnaeus, 1758)",2494543,Pyrrhula pyrrhula,Animalia,Aves,Passeriformes,Fringillidae,Pyrrhula,SPECIES,ACCEPTED,2015-01-11,2015,1,11,46.760902,7.426272,,CH,HUMAN_OBSERVATION,PRESENT,"['COORDINATE_ROUNDED', 'CONTINENT_DERIVED_FROM_COORDINATES', 'TAXON_CONCEPT_ID_NOT_FOUND']",
1345528879,4fa7b334-ce0d-4e88-aaae-2e0c138d049e,2026-07-18T18:02:20.249+00:00,"Lophophanes cristatus (Linnaeus, 1758)",2487883,Lophophanes cristatus,Animalia,Aves,Passeriformes,Paridae,Lophophanes,SPECIES,ACCEPTED,2015-01-11,2015,1,11,46.760902,7.426272,,CH,HUMAN_OBSERVATION,PRESENT,"['COORDINATE_ROUNDED', 'CONTINENT_DERIVED_FROM_COORDINATES', 'TAXON_CONCEPT_ID_NOT_FOUND']",
1345528900,4fa7b334-ce0d-4e88-aaae-2e0c138d049e,2026-07-18T18:02:54.535+00:00,"Loxia curvirostra Linnaeus, 1758",9629160,Loxia curvirostra,Animalia,Aves,Passeriformes,Fringillidae,Loxia,SPECIES,ACCEPTED,2015-01-11,2015,1,11,46.760902,7.426272,,CH,HUMAN_OBSERVATION,PRESENT,"['COORDINATE_ROUNDED', 'CONTINENT_DERIVED_FROM_COORDINATES', 'TAXON_CONCEPT_ID_NOT_FOUND']",
1345528916,4fa7b334-ce0d-4e88-aaae-2e0c138d049e,2026-07-18T18:04:36.619+00:00,"Periparus ater (Linnaeus, 1758)",2487871,Periparus ater,Animalia,Aves,Passeriformes,Paridae,Periparus,SPECIES,ACCEPTED,2015-01-11,2015,1,11,46.760902,7.426272,,CH,HUMAN_OBSERVATION,PRESENT,"['COORDINATE_ROUNDED', 'CONTINENT_DERIVED_FROM_COORDINATES', 'TAXON_CONCEPT_ID_NOT_FOUND']",
1345528917,4fa7b334-ce0d-4e88-aaae-2e0c138d049e,2026-07-18T18:02:02.908+00:00,"Chloris chloris (Linnaeus, 1758)",5845582,Chloris chloris,Animalia,Aves,Passeriformes,Fringillidae,Chloris,SPECIES,ACCEPTED,2015-01-11,2015,1,11,46.760902,7.426272,,CH,HUMAN_OBSERVATION,PRESENT,"['COORDINATE_ROUNDED', 'CONTINENT_DERIVED_FROM_COORDINATES', 'TAXON_CONCEPT_ID_NOT_FOUND']",
1345528936,4fa7b334-ce0d-4e88-aaae-2e0c138d049e,2026-07-18T18:06:13.775+00:00,"Accipiter nisus (Linnaeus, 1758)",2480637,Accipiter nisus,Animalia,Aves,Accipitriformes,Accipitridae,Accipiter,SPECIES,ACCEPTED,2015-01-11,2015,1,11,46.760902,7.426272,,CH,HUMAN_OBSERVATION,PRESENT,"['COORDINATE_ROUNDED', 'CONTINENT_DERIVED_FROM_COORDINATES', 'TAXON_CONCEPT_ID_NOT_FOUND']",
1345528938,4fa7b334-ce0d-4e88-aaae-2e0c138d049e,2026-07-18T18:03:00.084+00:00,"Fringilla coelebs Linnaeus, 1758",2494422,Fringilla coelebs,Animalia,Aves,Passeriformes,Fringillidae,Fringilla,SPECIES,ACCEPTED,2015-01-11,2015,1,11,46.760902,7.426272,,CH,HUMAN_OBSERVATION,PRESENT,"['COORDINATE_ROUNDED', 'CONTINENT_DERIVED_FROM_COORDINATES', 'TAXON_CONCEPT_ID_NOT_FOUND']",
1345528940,4fa7b334-ce0d-4e88-aaae-2e0c138d049e,2026-07-18T18:02:07.934+00:00,"Parus major Linnaeus, 1758",9705453,Parus major,Animalia,Aves,Passeriformes,Paridae,Parus,SPECIES,ACCEPTED,2015-01-11,2015,1,11,46.760902,7.426272,,CH,HUMAN_OBSERVATION,PRESENT,"['COORDINATE_ROUNDED', 'CONTINENT_DERIVED_FROM_COORDINATES', 'TAXON_CONCEPT_ID_NOT_FOUND']",
1345528951,4fa7b334-ce0d-4e88-aaae-2e0c138d049e,2026-07-18T18:01:27.191+00:00,"Turdus merula Linnaeus, 1758",2490719,Turdus merula,Animalia,Aves,Passeriformes,Turdidae,Turdus,SPECIES,ACCEPTED,2015-01-11,2015,1,11,46.760902,7.426272,,CH,HUMAN_OBSERVATION,PRESENT,"['COORDINATE_ROUNDED', 'CONTINENT_DERIVED_FROM_COORDINATES', 'TAXON_CONCEPT_ID_NOT_FOUND']",
1345528961,4fa7b334-ce0d-4e88-aaae-2e0c138d049e,2026-07-18T17:59:16.767+00:00,"Spinus spinus (Linnaeus, 1758)",6092830,Spinus spinus,Animalia,Aves,Passeriformes,Fringillidae,Spinus,SPECIES,ACCEPTED,2015-01-11,2015,1,11,46.760902,7.426272,,CH,HUMAN_OBSERVATION,PRESENT,"['COORDINATE_ROUNDED', 'CONTINENT_DERIVED_FROM_COORDINATES', 'TAXON_CONCEPT_ID_NOT_FOUND']",
1345533135,4fa7b334-ce0d-4e88-aaae-2e0c138d049e,2026-07-18T18:03:17.940+00:00,"Milvus milvus (Linnaeus, 1758)",5229168,Milvus milvus,Animalia,Aves,Accipitriformes,Accipitridae,Milvus,SPECIES,ACCEPTED,2015-01-10,2015,1,10,46.76175,7.416018,,CH,HUMAN_OBSERVATION,PRESENT,"['CONTINENT_DERIVED_FROM_COORDINATES', 'TAXON_CONCEPT_ID_NOT_FOUND']",
1345574215,4fa7b334-ce0d-4e88-aaae-2e0c138d049e,2026-07-18T18:04:04.610+00:00,"Cyanistes caeruleus (Linnaeus, 1758)",2487879,Cyanistes caeruleus,Animalia,Aves,Passeriformes,Paridae,Cyanistes,SPECIES,ACCEPTED,2015-01-11,2015,1,11,46.97772,7.03699,,CH,HUMAN_OBSERVATION,PRESENT,"['COORDINATE_ROUNDED', 'CONTINENT_DERIVED_FROM_COORDINATES', 'TAXON_CONCEPT_ID_NOT_FOUND']",
1345574238,4fa7b334-ce0d-4e88-aaae-2e0c138d049e,2026-07-18T18:04:04.659+00:00,"Mareca penelope (Linnaeus, 1758)",8000602,Mareca penelope,Animalia,Aves,Anseriformes,Anatidae,Mareca,SPECIES,ACCEPTED,2015-01-11,2015,1,11,46.97772,7.03699,,CH,HUMAN_OBSERVATION,PRESENT,"['COORDINATE_ROUNDED', 'CONTINENT_DERIVED_FROM_COORDINATES', 'TAXON_CONCEPT_ID_NOT_FOUND']",
1345574241,4fa7b334-ce0d-4e88-aaae-2e0c138d049e,2026-07-18T18:04:39.327+00:00,"Fulica atra Linnaeus, 1758",2474377,Fulica atra,Animalia,Aves,Gruiformes,Rallidae,Fulica,SPECIES,ACCEPTED,2015-01-11,2015,1,11,46.97772,7.03699,,CH,HUMAN_OBSERVATION,PRESENT,"['COORDINATE_ROUNDED', 'CONTINENT_DERIVED_FROM_COORDINATES', 'TAXON_CONCEPT_ID_NOT_FOUND']",
1345574264,4fa7b334-ce0d-4e88-aaae-2e0c138d049e,2026-07-18T18:01:29.276+00:00,"Podiceps cristatus (Linnaeus, 1758)",2482054,Podiceps cristatus,Animalia,Aves,Podicipediformes,Podicipedidae,Podiceps,SPECIES,ACCEPTED,2015-01-11,2015,1,11,46.97772,7.03699,,CH,HUMAN_OBSERVATION,PRESENT,"['COORDINATE_ROUNDED', 'CONTINENT_DERIVED_FROM_COORDINATES', 'TAXON_CONCEPT_ID_NOT_FOUND']",
1345574282,4fa7b334-ce0d-4e88-aaae-2e0c138d049e,2026-07-18T18:00:53.334+00:00,"Falco tinnunculus Linnaeus, 1758",9616058,Falco tinnunculus,Animalia,Aves,Falconiformes,Falconidae,Falco,SPECIES,ACCEPTED,2015-01-11,2015,1,11,46.97772,7.03699,,CH,HUMAN_OBSERVATION,PRESENT,"['COORDINATE_ROUNDED', 'CONTINENT_DERIVED_FROM_COORDINATES', 'TAXON_CONCEPT_ID_NOT_FOUND']",
1345574296,4fa7b334-ce0d-4e88-aaae-2e0c138d049e,2026-07-18T17:59:17.162+00:00,"Regulus regulus (Linnaeus, 1758)",2484596,Regulus regulus,Animalia,Aves,Passeriformes,Regulidae,Regulus,SPECIES,ACCEPTED,2015-01-11,2015,1,11,46.97772,7.03699,,CH,HUMAN_OBSERVATION,PRESENT,"['COORDINATE_ROUNDED', 'CONTINENT_DERIVED_FROM_COORDINATES', 'TAXON_CONCEPT_ID_NOT_FOUND']",
1345574298,4fa7b334-ce0d-4e88-aaae-2e0c138d049e,2026-07-18T18:04:33.048+00:00,"Corvus corone Linnaeus, 1758",9409796,Corvus corone,Animalia,Aves,Passeriformes,Corvidae,Corvus,SPECIES,ACCEPTED,2015-01-11,2015,1,11,46.97772,7.03699,,CH,HUMAN_OBSERVATION,PRESENT,"['COORDINATE_ROUNDED', 'CONTINENT_DERIVED_FROM_COORDINATES', 'TAXON_CONCEPT_ID_NOT_FOUND']",
1345574310,4fa7b334-ce0d-4e88-aaae-2e0c138d049e,2026-07-18T18:03:36.663+00:00,"Sturnus vulgaris Linnaeus, 1758",9809229,Sturnus vulgaris,Animalia,Aves,Passeriformes,Sturnidae,Sturnus,SPECIES,ACCEPTED,2015-01-11,2015,1,11,46.97772,7.03699,,CH,HUMAN_OBSERVATION,PRESENT,"['COORDINATE_ROUNDED', 'CONTINENT_DERIVED_FROM_COORDINATES', 'TAXON_CONCEPT_ID_NOT_FOUND']",
1345574311,4fa7b334-ce0d-4e88-aaae-2e0c138d049e,2026-07-18T18:05:56.619+00:00,"Actitis hypoleucos (Linnaeus, 1758)",2481800,Actitis hypoleucos,Animalia,Aves,Charadriiformes,Scolopacidae,Actitis,SPECIES,ACCEPTED,2015-01-11,2015,1,11,46.97772,7.03699,,CH,HUMAN_OBSERVATION,PRESENT,"['COORDINATE_ROUNDED', 'CONTINENT_DERIVED_FROM_COORDINATES', 'TAXON_CONCEPT_ID_NOT_FOUND']",
1345574315,4fa7b334-ce0d-4e88-aaae-2e0c138d049e,2026-07-18T18:03:37.704+00:00,"Anser anser (Linnaeus, 1758)",2498036,Anser anser,Animalia,Aves,Anseriformes,Anatidae,Anser,SPECIES,ACCEPTED,2015-01-11,2015,1,11,46.97772,7.03699,,CH,HUMAN_OBSERVATION,PRESENT,"['COORDINATE_ROUNDED', 'CONTINENT_DERIVED_FROM_COORDINATES', 'TAXON_CONCEPT_ID_NOT_FOUND']",
1345574319,4fa7b334-ce0d-4e88-aaae-2e0c138d049e,2026-07-18T18:02:08.529+00:00,"Turdus merula Linnaeus, 1758",2490719,Turdus merula,Animalia,Aves,Passeriformes,Turdidae,Turdus,SPECIES,ACCEPTED,2015-01-11,2015,1,11,46.97772,7.03699,,CH,HUMAN_OBSERVATION,PRESENT,"['COORDINATE_ROUNDED', 'CONTINENT_DERIVED_FROM_COORDINATES', 'TAXON_CONCEPT_ID_NOT_FOUND']",
1345574322,4fa7b334-ce0d-4e88-aaae-2e0c138d049e,2026-07-18T18:02:38.392+00:00,"Mareca strepera (Linnaeus, 1758)",9362027,Mareca strepera,Animalia,Aves,Anseriformes,Anatidae,Mareca,SPECIES,ACCEPTED,2015-01-11,2015,1,11,46.97772,7.03699,,CH,HUMAN_OBSERVATION,PRESENT,"['COORDINATE_ROUNDED', 'CONTINENT_DERIVED_FROM_COORDINATES', 'TAXON_CONCEPT_ID_NOT_FOUND']",
1345574334,4fa7b334-ce0d-4e88-aaae-2e0c138d049e,2026-07-18T17:59:34.632+00:00,"Ardea cinerea Linnaeus, 1758",9797180,Ardea cinerea,Animalia,Aves,Pelecaniformes,Ardeidae,Ardea,SPECIES,ACCEPTED,2015-01-11,2015,1,11,46.97772,7.03699,,CH,HUMAN_OBSERVATION,PRESENT,"['COORDINATE_ROUNDED', 'CONTINENT_DERIVED_FROM_COORDINATES', 'TAXON_CONCEPT_ID_NOT_FOUND']",
1345574338,4fa7b334-ce0d-4e88-aaae-2e0c138d049e,2026-07-18T18:06:05.720+00:00,"Fringilla coelebs Linnaeus, 1758",2494422,Fringilla coelebs,Animalia,Aves,Passeriformes,Fringillidae,Fringilla,SPECIES,ACCEPTED,2015-01-11,2015,1,11,46.97772,7.03699,,CH,HUMAN_OBSERVATION,PRESENT,"['COORDINATE_ROUNDED', 'CONTINENT_DERIVED_FROM_COORDINATES', 'TAXON_CONCEPT_ID_NOT_FOUND']",
1345574341,4fa7b334-ce0d-4e88-aaae-2e0c138d049e,2026-07-18T18:00:08.184+00:00,"Chroicocephalus ridibundus (Linnaeus, 1766)",6065824,Chroicocephalus ridibundus,Animalia,Aves,Charadriiformes,Laridae,Chroicocephalus,SPECIES,ACCEPTED,2015-01-11,2015,1,11,46.97772,7.03699,,CH,HUMAN_OBSERVATION,PRESENT,"['COORDINATE_ROUNDED', 'CONTINENT_DERIVED_FROM_COORDINATES', 'TAXON_CONCEPT_ID_NOT_FOUND']",
1345574343,4fa7b334-ce0d-4e88-aaae-2e0c138d049e,2026-07-18T18:01:55.248+00:00,"Sitta europaea Linnaeus, 1758",2484916,Sitta europaea,Animalia,Aves,Passeriformes,Sittidae,Sitta,SPECIES,ACCEPTED,2015-01-11,2015,1,11,46.97772,7.03699,,CH,HUMAN_OBSERVATION,PRESENT,"['COORDINATE_ROUNDED', 'CONTINENT_DERIVED_FROM_COORDINATES', 'TAXON_CONCEPT_ID_NOT_FOUND']",
1345574344,4fa7b334-ce0d-4e88-aaae-2e0c138d049e,2026-07-18T18:04:07.008+00:00,"Phalacrocorax carbo (Linnaeus, 1758)",2481890,Phalacrocorax carbo,Animalia,Aves,Suliformes,Phalacrocoracidae,Phalacrocorax,SPECIES,ACCEPTED,2015-01-11,2015,1,11,46.97772,7.03699,,CH,HUMAN_OBSERVATION,PRESENT,"['COORDINATE_ROUNDED', 'CONTINENT_DERIVED_FROM_COORDINATES', 'TAXON_CONCEPT_ID_NOT_FOUND']",
1345574348,4fa7b334-ce0d-4e88-aaae-2e0c138d049e,2026-07-18T17:59:18.990+00:00,"Mergus merganser Linnaeus, 1758",9537647,Mergus merganser,Animalia,Aves,Anseriformes,Anatidae,Mergus,SPECIES,ACCEPTED,2015-01-11,2015,1,11,46.97772,7.03699,,CH,HUMAN_OBSERVATION,PRESENT,"['COORDINATE_ROUNDED', 'CONTINENT_DERIVED_FROM_COORDINATES', 'TAXON_CONCEPT_ID_NOT_FOUND']",
1345574349,4fa7b334-ce0d-4e88-aaae-2e0c138d049e,2026-07-18T18:01:32.199+00:00,"Anas crecca Linnaeus, 1758",8214667,Anas crecca,Animalia,Aves,Anseriformes,Anatidae,Anas,SPECIES,ACCEPTED,2015-01-11,2015,1,11,46.97772,7.03699,,CH,HUMAN_OBSERVATION,PRESENT,"['COORDINATE_ROUNDED', 'CONTINENT_DERIVED_FROM_COORDINATES', 'TAXON_CONCEPT_ID_NOT_FOUND']",
1345574363,4fa7b334-ce0d-4e88-aaae-2e0c138d049e,2026-07-18T17:59:52.117+00:00,"Ardea alba Linnaeus, 1758",9752617,Ardea alba,Animalia,Aves,Pelecaniformes,Ardeidae,Ardea,SPECIES,ACCEPTED,2015-01-11,2015,1,11,46.97772,7.03699,,CH,HUMAN_OBSERVATION,PRESENT,"['COORDINATE_ROUNDED', 'CONTINENT_DERIVED_FROM_COORDINATES', 'TAXON_CONCEPT_ID_NOT_FOUND']",
1345575334,4fa7b334-ce0d-4e88-aaae-2e0c138d049e,2026-07-18T18:05:09.367+00:00,"Passer domesticus (Linnaeus, 1758)",5231190,Passer domesticus,Animalia,Aves,Passeriformes,Passeridae,Passer,SPECIES,ACCEPTED,2015-01-11,2015,1,11,46.97772,7.03699,,CH,HUMAN_OBSERVATION,PRESENT,"['COORDINATE_ROUNDED', 'CONTINENT_DERIVED_FROM_COORDINATES', 'TAXON_CONCEPT_ID_NOT_FOUND']",
1345575336,4fa7b334-ce0d-4e88-aaae-2e0c138d049e,2026-07-18T18:02:02.742+00:00,"Cygnus olor (J.F.Gmelin, 1789)",2498343,Cygnus olor,Animalia,Aves,Anseriformes,Anatidae,Cygnus,SPECIES,ACCEPTED,2015-01-11,2015,1,11,46.97772,7.03699,,CH,HUMAN_OBSERVATION,PRESENT,"['COORDINATE_ROUNDED', 'CONTINENT_DERIVED_FROM_COORDINATES', 'TAXON_CONCEPT_ID_NOT_FOUND']",
1345575363,4fa7b334-ce0d-4e88-aaae-2e0c138d049e,2026-07-18T18:03:13.005+00:00,"Anas platyrhynchos Linnaeus, 1758",9761484,Anas platyrhynchos,Animalia,Aves,Anseriformes,Anatidae,Anas,SPECIES,ACCEPTED,2015-01-11,2015,1,11,46.97772,7.03699,,CH,HUMAN_OBSERVATION,PRESENT,"['COORDINATE_ROUNDED', 'CONTINENT_DERIVED_FROM_COORDINATES', 'TAXON_CONCEPT_ID_NOT_FOUND']",
1345575394,4fa7b334-ce0d-4e88-aaae-2e0c138d049e,2026-07-18T18:06:03.098+00:00,"Aythya fuligula (Linnaeus, 1758)",2498261,Aythya fuligula,Animalia,Aves,Anseriformes,Anatidae,Aythya,SPECIES,ACCEPTED,2015-01-11,2015,1,11,46.97772,7.03699,,CH,HUMAN_OBSERVATION,PRESENT,"['COORDINATE_ROUNDED', 'CONTINENT_DERIVED_FROM_COORDINATES', 'TAXON_CONCEPT_ID_NOT_FOUND']",
1345575395,4fa7b334-ce0d-4e88-aaae-2e0c138d049e,2026-07-18T18:02:29.794+00:00,"Anas acuta Linnaeus, 1758",2498112,Anas acuta,Animalia,Aves,Anseriformes,Anatidae,Anas,SPECIES,ACCEPTED,2015-01-11,2015,1,11,46.97772,7.03699,,CH,HUMAN_OBSERVATION,PRESENT,"['COORDINATE_ROUNDED', 'CONTINENT_DERIVED_FROM_COORDINATES', 'TAXON_CONCEPT_ID_NOT_FOUND']",
1345575406,4fa7b334-ce0d-4e88-aaae-2e0c138d049e,2026-07-18T18:02:22.033+00:00,"Poecile palustris (Linnaeus, 1758)",2487843,Poecile palustris,Animalia,Aves,Passeriformes,Paridae,Poecile,SPECIES,ACCEPTED,2015-01-11,2015,1,11,46.97772,7.03699,,CH,HUMAN_OBSERVATION,PRESENT,"['COORDINATE_ROUNDED', 'CONTINENT_DERIVED_FROM_COORDINATES', 'TAXON_CONCEPT_ID_NOT_FOUND']",
1345575424,4fa7b334-ce0d-4e88-aaae-2e0c138d049e,2026-07-18T18:00:08.398+00:00,"Larus michahellis J.F.Naumann, 1840",9413670,Larus michahellis,Animalia,Aves,Charadriiformes,Laridae,Larus,SPECIES,ACCEPTED,2015-01-11,2015,1,11,46.97772,7.03699,,CH,HUMAN_OBSERVATION,PRESENT,"['COORDINATE_ROUNDED', 'CONTINENT_DERIVED_FROM_COORDINATES', 'TAXON_CONCEPT_ID_NOT_FOUND']",
1345575430,4fa7b334-ce0d-4e88-aaae-2e0c138d049e,2026-07-18T18:00:42.339+00:00,"Motacilla alba Linnaeus, 1758",9687165,Motacilla alba,Animalia,Aves,Passeriformes,Motacillidae,Motacilla,SPECIES,ACCEPTED,2015-01-11,2015,1,11,46.97772,7.03699,,CH,HUMAN_OBSERVATION,PRESENT,"['COORDINATE_ROUNDED', 'CONTINENT_DERIVED_FROM_COORDINATES', 'TAXON_CONCEPT_ID_NOT_FOUND']",
1345575432,4fa7b334-ce0d-4e88-aaae-2e0c138d049e,2026-07-18T18:02:31.140+00:00,"Corvus frugilegus Linnaeus, 1758",2482513,Corvus frugilegus,Animalia,Aves,Passeriformes,Corvidae,Corvus,SPECIES,ACCEPTED,2015-01-11,2015,1,11,46.97772,7.03699,,CH,HUMAN_OBSERVATION,PRESENT,"['COORDINATE_ROUNDED', 'CONTINENT_DERIVED_FROM_COORDINATES', 'TAXON_CONCEPT_ID_NOT_FOUND']",
1345587236,4fa7b334-ce0d-4e88-aaae-2e0c138d049e,2026-07-18T18:04:29.090+00:00,"Corvus corone Linnaeus, 1758",9409796,Corvus corone,Animalia,Aves,Passeriformes,Corvidae,Corvus,SPECIES,ACCEPTED,2015-01-11,2015,1,11,46.792187,6.642544,,CH,HUMAN_OBSERVATION,PRESENT,"['COORDINATE_ROUNDED', 'CONTINENT_DERIVED_FROM_COORDINATES', 'TAXON_CONCEPT_ID_NOT_FOUND']",
1345587276,4fa7b334-ce0d-4e88-aaae-2e0c138d049e,2026-07-18T18:02:23.339+00:00,"Aythya ferina (Linnaeus, 1758)",2498255,Aythya ferina,Animalia,Aves,Anseriformes,Anatidae,Aythya,SPECIES,ACCEPTED,2015-01-11,2015,1,11,46.792187,6.642544,,CH,HUMAN_OBSERVATION,PRESENT,"['COORDINATE_ROUNDED', 'CONTINENT_DERIVED_FROM_COORDINATES', 'TAXON_CONCEPT_ID_NOT_FOUND']",
1345587288,4fa7b334-ce0d-4e88-aaae-2e0c138d049e,2026-07-18T18:02:09.621+00:00,"Fulica atra Linnaeus, 1758",2474377,Fulica atra,Animalia,Aves,Gruiformes,Rallidae,Fulica,SPECIES,ACCEPTED,2015-01-11,2015,1,11,46.792187,6.642544,,CH,HUMAN_OBSERVATION,PRESENT,"['COORDINATE_ROUNDED', 'CONTINENT_DERIVED_FROM_COORDINATES', 'TAXON_CONCEPT_ID_NOT_FOUND']",
1345587293,4fa7b334-ce0d-4e88-aaae-2e0c138d049e,2026-07-18T18:02:36.208+00:00,"Turdus merula Linnaeus, 1758",2490719,Turdus merula,Animalia,Aves,Passeriformes,Turdidae,Turdus,SPECIES,ACCEPTED,2015-01-11,2015,1,11,46.792187,6.642544,,CH,HUMAN_OBSERVATION,PRESENT,"['COORDINATE_ROUNDED', 'CONTINENT_DERIVED_FROM_COORDINATES', 'TAXON_CONCEPT_ID_NOT_FOUND']",
1345587307,4fa7b334-ce0d-4e88-aaae-2e0c138d049e,2026-07-18T18:06:11.104+00:00,"Mareca strepera (Linnaeus, 1758)",9362027,Mareca strepera,Animalia,Aves,Anseriformes,Anatidae,Mareca,SPECIES,ACCEPTED,2015-01-11,2015,1,11,46.792187,6.642544,,CH,HUMAN_OBSERVATION,PRESENT,"['COORDINATE_ROUNDED', 'CONTINENT_DERIVED_FROM_COORDINATES', 'TAXON_CONCEPT_ID_NOT_FOUND']",
1345587310,4fa7b334-ce0d-4e88-aaae-2e0c138d049e,2026-07-18T17:59:14.831+00:00,"Aegithalos caudatus (Linnaeus, 1758)",2495000,Aegithalos caudatus,Animalia,Aves,Passeriformes,Aegithalidae,Aegithalos,SPECIES,PROVISIONALLY_ACCEPTED,2015-01-11,2015,1,11,46.807693,6.741687,,CH,HUMAN_OBSERVATION,PRESENT,"['CONTINENT_DERIVED_FROM_COORDINATES', 'TAXON_CONCEPT_ID_NOT_FOUND']",
1345587314,4fa7b334-ce0d-4e88-aaae-2e0c138d049e,2026-07-18T18:02:34.189+00:00,"Ardea cinerea Linnaeus, 1758",9797180,Ardea cinerea,Animalia,Aves,Pelecaniformes,Ardeidae,Ardea,SPECIES,ACCEPTED,2015-01-11,2015,1,11,46.792187,6.642544,,CH,HUMAN_OBSERVATION,PRESENT,"['COORDINATE_ROUNDED', 'CONTINENT_DERIVED_FROM_COORDINATES', 'TAXON_CONCEPT_ID_NOT_FOUND']",
1345587317,4fa7b334-ce0d-4e88-aaae-2e0c138d049e,2026-07-18T17:59:12.298+00:00,"Mergus merganser Linnaeus, 1758",9537647,Mergus merganser,Animalia,Aves,Anseriformes,Anatidae,Mergus,SPECIES,ACCEPTED,2015-01-11,2015,1,11,46.807693,6.741687,,CH,HUMAN_OBSERVATION,PRESENT,"['CONTINENT_DERIVED_FROM_COORDINATES', 'TAXON_CONCEPT_ID_NOT_FOUND']",
1345587333,4fa7b334-ce0d-4e88-aaae-2e0c138d049e,2026-07-18T18:03:59.558+00:00,"Podiceps cristatus (Linnaeus, 1758)",2482054,Podiceps cristatus,Animalia,Aves,Podicipediformes,Podicipedidae,Podiceps,SPECIES,ACCEPTED,2015-01-11,2015,1,11,46.807693,6.741687,,CH,HUMAN_OBSERVATION,PRESENT,"['CONTINENT_DERIVED_FROM_COORDINATES', 'TAXON_CONCEPT_ID_NOT_FOUND']",
1345587335,4fa7b334-ce0d-4e88-aaae-2e0c138d049e,2026-07-18T18:01:40.081+00:00,"Phalacrocorax carbo (Linnaeus, 1758)",2481890,Phalacrocorax carbo,Animalia,Aves,Suliformes,Phalacrocoracidae,Phalacrocorax,SPECIES,ACCEPTED,2015-01-11,2015,1,11,46.792187,6.642544,,CH,HUMAN_OBSERVATION,PRESENT,"['COORDINATE_ROUNDED', 'CONTINENT_DERIVED_FROM_COORDINATES', 'TAXON_CONCEPT_ID_NOT_FOUND']",
1345587350,4fa7b334-ce0d-4e88-aaae-2e0c138d049e,2026-07-18T18:05:48.353+00:00,"Podiceps cristatus (Linnaeus, 1758)",2482054,Podiceps cristatus,Animalia,Aves,Podicipediformes,Podicipedidae,Podiceps,SPECIES,ACCEPTED,2015-01-11,2015,1,11,46.792187,6.642544,,CH,HUMAN_OBSERVATION,PRESENT,"['COORDINATE_ROUNDED', 'CONTINENT_DERIVED_FROM_COORDINATES', 'TAXON_CONCEPT_ID_NOT_FOUND']",
1345587351,4fa7b334-ce0d-4e88-aaae-2e0c138d049e,2026-07-18T18:05:44.181+00:00,"Mergus merganser Linnaeus, 1758",9537647,Mergus merganser,Animalia,Aves,Anseriformes,Anatidae,Mergus,SPECIES,ACCEPTED,2015-01-11,2015,1,11,46.792187,6.642544,,CH,HUMAN_OBSERVATION,PRESENT,"['COORDINATE_ROUNDED', 'CONTINENT_DERIVED_FROM_COORDINATES', 'TAXON_CONCEPT_ID_NOT_FOUND']",
1345587356,4fa7b334-ce0d-4e88-aaae-2e0c138d049e,2026-07-18T18:03:05.352+00:00,"Chroicocephalus ridibundus (Linnaeus, 1766)",6065824,Chroicocephalus ridibundus,Animalia,Aves,Charadriiformes,Laridae,Chroicocephalus,SPECIES,ACCEPTED,2015-01-11,2015,1,11,46.792187,6.642544,,CH,HUMAN_OBSERVATION,PRESENT,"['COORDINATE_ROUNDED', 'CONTINENT_DERIVED_FROM_COORDINATES', 'TAXON_CONCEPT_ID_NOT_FOUND']",
1345587358,4fa7b334-ce0d-4e88-aaae-2e0c138d049e,2026-07-18T18:01:53.015+00:00,"Motacilla alba Linnaeus, 1758",9687165,Motacilla alba,Animalia,Aves,Passeriformes,Motacillidae,Motacilla,SPECIES,ACCEPTED,2015-01-11,2015,1,11,46.807693,6.741687,,CH,HUMAN_OBSERVATION,PRESENT,"['CONTINENT_DERIVED_FROM_COORDINATES', 'TAXON_CONCEPT_ID_NOT_FOUND']",
1345587370,4fa7b334-ce0d-4e88-aaae-2e0c138d049e,2026-07-18T18:01:01.200+00:00,"Sitta europaea Linnaeus, 1758",2484916,Sitta europaea,Animalia,Aves,Passeriformes,Sittidae,Sitta,SPECIES,ACCEPTED,2015-01-11,2015,1,11,46.807693,6.741687,,CH,HUMAN_OBSERVATION,PRESENT,"['CONTINENT_DERIVED_FROM_COORDINATES', 'TAXON_CONCEPT_ID_NOT_FOUND']",
1345587379,4fa7b334-ce0d-4e88-aaae-2e0c138d049e,2026-07-18T18:04:33.278+00:00,"Erithacus rubecula (Linnaeus, 1758)",2492462,Erithacus rubecula,Animalia,Aves,Passeriformes,Muscicapidae,Erithacus,SPECIES,ACCEPTED,2015-01-11,2015,1,11,46.792187,6.642544,,CH,HUMAN_OBSERVATION,PRESENT,"['COORDINATE_ROUNDED', 'CONTINENT_DERIVED_FROM_COORDINATES', 'TAXON_CONCEPT_ID_NOT_FOUND']",
1345587380,4fa7b334-ce0d-4e88-aaae-2e0c138d049e,2026-07-18T18:03:49.692+00:00,"Parus major Linnaeus, 1758",9705453,Parus major,Animalia,Aves,Passeriformes,Paridae,Parus,SPECIES,ACCEPTED,2015-01-11,2015,1,11,46.792187,6.642544,,CH,HUMAN_OBSERVATION,PRESENT,"['COORDINATE_ROUNDED', 'CONTINENT_DERIVED_FROM_COORDINATES', 'TAXON_CONCEPT_ID_NOT_FOUND']",
1345587382,4fa7b334-ce0d-4e88-aaae-2e0c138d049e,2026-07-18T18:06:19.089+00:00,"Alcedo atthis (Linnaeus, 1758)",2475532,Alcedo atthis,Animalia,Aves,Coraciiformes,Alcedinidae,Alcedo,SPECIES,ACCEPTED,2015-01-11,2015,1,11,46.807693,6.741687,,CH,HUMAN_OBSERVATION,PRESENT,"['CONTINENT_DERIVED_FROM_COORDINATES', 'TAXON_CONCEPT_ID_NOT_FOUND']",
1345587385,4fa7b334-ce0d-4e88-aaae-2e0c138d049e,2026-07-18T17:58:49.526+00:00,"Fulica atra Linnaeus, 1758",2474377,Fulica atra,Animalia,Aves,Gruiformes,Rallidae,Fulica,SPECIES,ACCEPTED,2015-01-11,2015,1,11,46.807693,6.741687,,CH,HUMAN_OBSERVATION,PRESENT,"['CONTINENT_DERIVED_FROM_COORDINATES', 'TAXON_CONCEPT_ID_NOT_FOUND']",
1345587391,4fa7b334-ce0d-4e88-aaae-2e0c138d049e,2026-07-18T17:59:57.536+00:00,"Cygnus olor (J.F.Gmelin, 1789)",2498343,Cygnus olor,Animalia,Aves,Anseriformes,Anatidae,Cygnus,SPECIES,ACCEPTED,2015-01-11,2015,1,11,46.807693,6.741687,,CH,HUMAN_OBSERVATION,PRESENT,"['CONTINENT_DERIVED_FROM_COORDINATES', 'TAXON_CONCEPT_ID_NOT_FOUND']",
1345587392,4fa7b334-ce0d-4e88-aaae-2e0c138d049e,2026-07-18T18:01:21.247+00:00,"Mareca strepera (Linnaeus, 1758)",9362027,Mareca strepera,Animalia,Aves,Anseriformes,Anatidae,Mareca,SPECIES,ACCEPTED,2015-01-11,2015,1,11,46.807693,6.741687,,CH,HUMAN_OBSERVATION,PRESENT,"['CONTINENT_DERIVED_FROM_COORDINATES', 'TAXON_CONCEPT_ID_NOT_FOUND']",
1345587395,4fa7b334-ce0d-4e88-aaae-2e0c138d049e,2026-07-18T18:03:13.182+00:00,"Anas platyrhynchos Linnaeus, 1758",9761484,Anas platyrhynchos,Animalia,Aves,Anseriformes,Anatidae,Anas,SPECIES,ACCEPTED,2015-01-11,2015,1,11,46.807693,6.741687,,CH,HUMAN_OBSERVATION,PRESENT,"['CONTINENT_DERIVED_FROM_COORDINATES', 'TAXON_CONCEPT_ID_NOT_FOUND']",
1345588514,4fa7b334-ce0d-4e88-aaae-2e0c138d049e,2026-07-18T18:03:53.763+00:00,"Motacilla alba Linnaeus, 1758",9687165,Motacilla alba,Animalia,Aves,Passeriformes,Motacillidae,Motacilla,SPECIES,ACCEPTED,2015-01-11,2015,1,11,46.792187,6.642544,,CH,HUMAN_OBSERVATION,PRESENT,"['COORDINATE_ROUNDED', 'CONTINENT_DERIVED_FROM_COORDINATES', 'TAXON_CONCEPT_ID_NOT_FOUND']",
1345588519,4fa7b334-ce0d-4e88-aaae-2e0c138d049e,2026-07-18T17:59:39.331+00:00,"Troglodytes troglodytes (Linnaeus, 1758)",5231438,Troglodytes troglodytes,Animalia,Aves,Passeriformes,Troglodytidae,Troglodytes,SPECIES,ACCEPTED,2015-01-11,2015,1,11,46.792187,6.642544,,CH,HUMAN_OBSERVATION,PRESENT,"['COORDINATE_ROUNDED', 'CONTINENT_DERIVED_FROM_COORDINATES', 'TAXON_CONCEPT_ID_NOT_FOUND']",
1345588535,4fa7b334-ce0d-4e88-aaae-2e0c138d049e,2026-07-18T18:06:20.640+00:00,"Cygnus olor (J.F.Gmelin, 1789)",2498343,Cygnus olor,Animalia,Aves,Anseriformes,Anatidae,Cygnus,SPECIES,ACCEPTED,2015-01-11,2015,1,11,46.792187,6.642544,,CH,HUMAN_OBSERVATION,PRESENT,"['COORDINATE_ROUNDED', 'CONTINENT_DERIVED_FROM_COORDINATES', 'TAXON_CONCEPT_ID_NOT_FOUND']",
1345588550,4fa7b334-ce0d-4e88-aaae-2e0c138d049e,2026-07-18T18:05:59.513+00:00,"Turdus viscivorus Linnaeus, 1758",2490774,Turdus viscivorus,Animalia,Aves,Passeriformes,Turdidae,Turdus,SPECIES,ACCEPTED,2015-01-11,2015,1,11,46.792187,6.642544,,CH,HUMAN_OBSERVATION,PRESENT,"['COORDINATE_ROUNDED', 'CONTINENT_DERIVED_FROM_COORDINATES', 'TAXON_CONCEPT_ID_NOT_FOUND']",
1345588555,4fa7b334-ce0d-4e88-aaae-2e0c138d049e,2026-07-18T18:03:28.910+00:00,"Aythya fuligula (Linnaeus, 1758)",2498261,Aythya fuligula,Animalia,Aves,Anseriformes,Anatidae,Aythya,SPECIES,ACCEPTED,2015-01-11,2015,1,11,46.792187,6.642544,,CH,HUMAN_OBSERVATION,PRESENT,"['COORDINATE_ROUNDED', 'CONTINENT_DERIVED_FROM_COORDINATES', 'TAXON_CONCEPT_ID_NOT_FOUND']",
1345588566,4fa7b334-ce0d-4e88-aaae-2e0c138d049e,2026-07-18T18:00:50.129+00:00,"Anas platyrhynchos Linnaeus, 1758",9761484,Anas platyrhynchos,Animalia,Aves,Anseriformes,Anatidae,Anas,SPECIES,ACCEPTED,2015-01-11,2015,1,11,46.792187,6.642544,,CH,HUMAN_OBSERVATION,PRESENT,"['COORDINATE_ROUNDED', 'CONTINENT_DERIVED_FROM_COORDINATES', 'TAXON_CONCEPT_ID_NOT_FOUND']",
1345588567,4fa7b334-ce0d-4e88-aaae-2e0c138d049e,2026-07-18T18:04:34.351+00:00,"Larus canus Linnaeus, 1758",7982160,Larus canus,Animalia,Aves,Charadriiformes,Laridae,Larus,SPECIES,ACCEPTED,2015-01-11,2015,1,11,46.792187,6.642544,,CH,HUMAN_OBSERVATION,PRESENT,"['COORDINATE_ROUNDED', 'CONTINENT_DERIVED_FROM_COORDINATES', 'TAXON_CONCEPT_ID_NOT_FOUND']",
1345717317,4fa7b334-ce0d-4e88-aaae-2e0c138d049e,2026-07-18T17:58:54.626+00:00,"Sitta europaea Linnaeus, 1758",2484916,Sitta europaea,Animalia,Aves,Passeriformes,Sittidae,Sitta,SPECIES,ACCEPTED,2015-01-05,2015,1,5,47.594097,8.219422,,CH,HUMAN_OBSERVATION,PRESENT,"['CONTINENT_DERIVED_FROM_COORDINATES', 'TAXON_CONCEPT_ID_NOT_FOUND']",
1345717376,4fa7b334-ce0d-4e88-aaae-2e0c138d049e,2026-07-18T18:06:24.266+00:00,"Aythya ferina (Linnaeus, 1758)",2498255,Aythya ferina,Animalia,Aves,Anseriformes,Anatidae,Aythya,SPECIES,ACCEPTED,2015-01-05,2015,1,5,47.594097,8.219422,,CH,HUMAN_OBSERVATION,PRESENT,"['CONTINENT_DERIVED_FROM_COORDINATES', 'TAXON_CONCEPT_ID_NOT_FOUND']",
1345717397,4fa7b334-ce0d-4e88-aaae-2e0c138d049e,2026-07-18T18:03:40.336+00:00,"Phalacrocorax carbo (Linnaeus, 1758)",2481890,Phalacrocorax carbo,Animalia,Aves,Suliformes,Phalacrocoracidae,Phalacrocorax,SPECIES,ACCEPTED,2015-01-05,2015,1,5,47.594097,8.219422,,CH,HUMAN_OBSERVATION,PRESENT,"['CONTINENT_DERIVED_FROM_COORDINATES', 'TAXON_CONCEPT_ID_NOT_FOUND']",
1345717399,4fa7b334-ce0d-4e88-aaae-2e0c138d049e,2026-07-18T18:01:05.723+00:00,"Garrulus glandarius (Linnaeus, 1758)",5229493,Garrulus glandarius,Animalia,Aves,Passeriformes,Corvidae,Garrulus,SPECIES,ACCEPTED,2015-01-05,2015,1,5,47.594097,8.219422,,CH,HUMAN_OBSERVATION,PRESENT,"['CONTINENT_DERIVED_FROM_COORDINATES', 'TAXON_CONCEPT_ID_NOT_FOUND']",
1345717420,4fa7b334-ce0d-4e88-aaae-2e0c138d049e,2026-07-18T18:00:11.841+00:00,"Erithacus rubecula (Linnaeus, 1758)",2492462,Erithacus rubecula,Animalia,Aves,Passeriformes,Muscicapidae,Erithacus,SPECIES,ACCEPTED,2015-01-05,2015,1,5,47.594097,8.219422,,CH,HUMAN_OBSERVATION,PRESENT,"['CONTINENT_DERIVED_FROM_COORDINATES', 'TAXON_CONCEPT_ID_NOT_FOUND']",
1345717424,4fa7b334-ce0d-4e88-aaae-2e0c138d049e,2026-07-18T18:05:37.198+00:00,"Cyanistes caeruleus (Linnaeus, 1758)",2487879,Cyanistes caeruleus,Animalia,Aves,Passeriformes,Paridae,Cyanistes,SPECIES,ACCEPTED,2015-01-05,2015,1,5,47.594097,8.219422,,CH,HUMAN_OBSERVATION,PRESENT,"['CONTINENT_DERIVED_FROM_COORDINATES', 'TAXON_CONCEPT_ID_NOT_FOUND']",
1345717427,4fa7b334-ce0d-4e88-aaae-2e0c138d049e,2026-07-18T18:03:36.647+00:00,"Buteo buteo (Linnaeus, 1758)",2480537,Buteo buteo,Animalia,Aves,Accipitriformes,Accipitridae,Buteo,SPECIES,ACCEPTED,2015-01-05,2015,1,5,47.594097,8.219422,,CH,HUMAN_OBSERVATION,PRESENT,"['CONTINENT_DERIVED_FROM_COORDINATES', 'TAXON_CONCEPT_ID_NOT_FOUND']",
1345717437,4fa7b334-ce0d-4e88-aaae-2e0c138d049e,2026-07-18T18:04:53.747+00:00,"Fringilla coelebs Linnaeus, 1758",2494422,Fringilla coelebs,Animalia,Aves,Passeriformes,Fringillidae,Fringilla,SPECIES,ACCEPTED,2015-01-05,2015,1,5,47.594097,8.219422,,CH,HUMAN_OBSERVATION,PRESENT,"['CONTINENT_DERIVED_FROM_COORDINATES', 'TAXON_CONCEPT_ID_NOT_FOUND']",
1345717440,4fa7b334-ce0d-4e88-aaae-2e0c138d049e,2026-07-18T18:03:19.917+00:00,"Corvus corone Linnaeus, 1758",9409796,Corvus corone,Animalia,Aves,Passeriformes,Corvidae,Corvus,SPECIES,ACCEPTED,2015-01-05,2015,1,5,47.594097,8.219422,,CH,HUMAN_OBSERVATION,PRESENT,"['CONTINENT_DERIVED_FROM_COORDINATES', 'TAXON_CONCEPT_ID_NOT_FOUND']",
1345717442,4fa7b334-ce0d-4e88-aaae-2e0c138d049e,2026-07-18T18:01:24.548+00:00,"Fulica atra Linnaeus, 1758",2474377,Fulica atra,Animalia,Aves,Gruiformes,Rallidae,Fulica,SPECIES,ACCEPTED,2015-01-05,2015,1,5,47.594097,8.219422,,CH,HUMAN_OBSERVATION,PRESENT,"['CONTINENT_DERIVED_FROM_COORDINATES', 'TAXON_CONCEPT_ID_NOT_FOUND']",
1345717456,4fa7b334-ce0d-4e88-aaae-2e0c138d049e,2026-07-18T18:01:38.755+00:00,"Turdus merula Linnaeus, 1758",2490719,Turdus merula,Animalia,Aves,Passeriformes,Turdidae,Turdus,SPECIES,ACCEPTED,2015-01-05,2015,1,5,47.594097,8.219422,,CH,HUMAN_OBSERVATION,PRESENT,"['CONTINENT_DERIVED_FROM_COORDINATES', 'TAXON_CONCEPT_ID_NOT_FOUND']",
1345717459,4fa7b334-ce0d-4e88-aaae-2e0c138d049e,2026-07-18T18:02:38.611+00:00,"Anas crecca Linnaeus, 1758",8214667,Anas crecca,Animalia,Aves,Anseriformes,Anatidae,Anas,SPECIES,ACCEPTED,2015-01-05,2015,1,5,47.594097,8.219422,,CH,HUMAN_OBSERVATION,PRESENT,"['CONTINENT_DERIVED_FROM_COORDINATES', 'TAXON_CONCEPT_ID_NOT_FOUND']",
1345717461,4fa7b334-ce0d-4e88-aaae-2e0c138d049e,2026-07-18T18:01:50.743+00:00,"Mareca strepera (Linnaeus, 1758)",9362027,Mareca strepera,Animalia,Aves,Anseriformes,Anatidae,Mareca,SPECIES,ACCEPTED,2015-01-05,2015,1,5,47.594097,8.219422,,CH,HUMAN_OBSERVATION,PRESENT,"['CONTINENT_DERIVED_FROM_COORDINATES', 'TAXON_CONCEPT_ID_NOT_FOUND']",
1345717477,4fa7b334-ce0d-4e88-aaae-2e0c138d049e,2026-07-18T17:59:29.535+00:00,"Regulus regulus (Linnaeus, 1758)",2484596,Regulus regulus,Animalia,Aves,Passeriformes,Regulidae,Regulus,SPECIES,ACCEPTED,2015-01-05,2015,1,5,47.594097,8.219422,,CH,HUMAN_OBSERVATION,PRESENT,"['CONTINENT_DERIVED_FROM_COORDINATES', 'TAXON_CONCEPT_ID_NOT_FOUND']",
1345717486,4fa7b334-ce0d-4e88-aaae-2e0c138d049e,2026-07-18T18:02:33.244+00:00,"Gallinula chloropus (Linnaeus, 1758)",5228199,Gallinula chloropus,Animalia,Aves,Gruiformes,Rallidae,Gallinula,SPECIES,ACCEPTED,2015-01-05,2015,1,5,47.594097,8.219422,,CH,HUMAN_OBSERVATION,PRESENT,"['CONTINENT_DERIVED_FROM_COORDINATES', 'TAXON_CONCEPT_ID_NOT_FOUND']",
1345717490,4fa7b334-ce0d-4e88-aaae-2e0c138d049e,2026-07-18T18:01:50.073+00:00,"Ardea alba Linnaeus, 1758",9752617,Ardea alba,Animalia,Aves,Pelecaniformes,Ardeidae,Ardea,SPECIES,ACCEPTED,2015-01-05,2015,1,5,47.594097,8.219422,,CH,HUMAN_OBSERVATION,PRESENT,"['CONTINENT_DERIVED_FROM_COORDINATES', 'TAXON_CONCEPT_ID_NOT_FOUND']",
1345717493,4fa7b334-ce0d-4e88-aaae-2e0c138d049e,2026-07-18T18:02:57.906+00:00,"Parus major Linnaeus, 1758",9705453,Parus major,Animalia,Aves,Passeriformes,Paridae,Parus,SPECIES,ACCEPTED,2015-01-05,2015,1,5,47.594097,8.219422,,CH,HUMAN_OBSERVATION,PRESENT,"['CONTINENT_DERIVED_FROM_COORDINATES', 'TAXON_CONCEPT_ID_NOT_FOUND']",
1345717496,4fa7b334-ce0d-4e88-aaae-2e0c138d049e,2026-07-18T18:05:38.348+00:00,"Periparus ater (Linnaeus, 1758)",2487871,Periparus ater,Animalia,Aves,Passeriformes,Paridae,Periparus,SPECIES,ACCEPTED,2015-01-05,2015,1,5,47.594097,8.219422,,CH,HUMAN_OBSERVATION,PRESENT,"['CONTINENT_DERIVED_FROM_COORDINATES', 'TAXON_CONCEPT_ID_NOT_FOUND']",
1345717512,4fa7b334-ce0d-4e88-aaae-2e0c138d049e,2026-07-18T17:59:58.694+00:00,"Chloris chloris (Linnaeus, 1758)",5845582,Chloris chloris,Animalia,Aves,Passeriformes,Fringillidae,Chloris,SPECIES,ACCEPTED,2015-01-05,2015,1,5,47.594097,8.219422,,CH,HUMAN_OBSERVATION,PRESENT,"['CONTINENT_DERIVED_FROM_COORDINATES', 'TAXON_CONCEPT_ID_NOT_FOUND']",
1345718287,4fa7b334-ce0d-4e88-aaae-2e0c138d049e,2026-07-18T18:05:59.368+00:00,"Motacilla cinerea Tunstall, 1771",2490310,Motacilla cinerea,Animalia,Aves,Passeriformes,Motacillidae,Motacilla,SPECIES,ACCEPTED,2015-01-05,2015,1,5,47.594097,8.219422,,CH,HUMAN_OBSERVATION,PRESENT,"['CONTINENT_DERIVED_FROM_COORDINATES', 'TAXON_CONCEPT_ID_NOT_FOUND']",
1345718321,4fa7b334-ce0d-4e88-aaae-2e0c138d049e,2026-07-18T18:03:19.655+00:00,"Certhia brachydactyla C.L.Brehm, 1820",7806848,Certhia brachydactyla,Animalia,Aves,Passeriformes,Certhiidae,Certhia,SPECIES,ACCEPTED,2015-01-05,2015,1,5,47.594097,8.219422,,CH,HUMAN_OBSERVATION,PRESENT,"['CONTINENT_DERIVED_FROM_COORDINATES', 'TAXON_CONCEPT_ID_NOT_FOUND']",
1345718349,4fa7b334-ce0d-4e88-aaae-2e0c138d049e,2026-07-18T18:01:23.783+00:00,"Dendrocopos major (Linnaeus, 1758)",2477968,Dendrocopos major,Animalia,Aves,Piciformes,Picidae,Dendrocopos,SPECIES,ACCEPTED,2015-01-05,2015,1,5,47.594097,8.219422,,CH,HUMAN_OBSERVATION,PRESENT,"['CONTINENT_DERIVED_FROM_COORDINATES', 'TAXON_CONCEPT_ID_NOT_FOUND']",
1345718361,4fa7b334-ce0d-4e88-aaae-2e0c138d049e,2026-07-18T18:05:53.848+00:00,"Coccothraustes coccothraustes (Linnaeus, 1758)",2494329,Coccothraustes coccothraustes,Animalia,Aves,Passeriformes,Fringillidae,Coccothraustes,SPECIES,ACCEPTED,2015-01-05,2015,1,5,47.594097,8.219422,,CH,HUMAN_OBSERVATION,PRESENT,"['CONTINENT_DERIVED_FROM_COORDINATES', 'TAXON_CONCEPT_ID_NOT_FOUND']",
1345718367,4fa7b334-ce0d-4e88-aaae-2e0c138d049e,2026-07-18T18:00:57.814+00:00,"Aegithalos caudatus (Linnaeus, 1758)",2495000,Aegithalos caudatus,Animalia,Aves,Passeriformes,Aegithalidae,Aegithalos,SPECIES,PROVISIONALLY_ACCEPTED,2015-01-05,2015,1,5,47.594097,8.219422,,CH,HUMAN_OBSERVATION,PRESENT,"['CONTINENT_DERIVED_FROM_COORDINATES', 'TAXON_CONCEPT_ID_NOT_FOUND']",
1345718369,4fa7b334-ce0d-4e88-aaae-2e0c138d049e,2026-07-18T18:00:59.301+00:00,"Anas platyrhynchos Linnaeus, 1758",9761484,Anas platyrhynchos,Animalia,Aves,Anseriformes,Anatidae,Anas,SPECIES,ACCEPTED,2015-01-05,2015,1,5,47.594097,8.219422,,CH,HUMAN_OBSERVATION,PRESENT,"['CONTINENT_DERIVED_FROM_COORDINATES', 'TAXON_CONCEPT_ID_NOT_FOUND']",
1345718382,4fa7b334-ce0d-4e88-aaae-2e0c138d049e,2026-07-18T18:04:26.089+00:00,"Tachybaptus ruficollis (Pallas, 1764)",2482048,Tachybaptus ruficollis,Animalia,Aves,Podicipediformes,Podicipedidae,Tachybaptus,SPECIES,ACCEPTED,2015-01-05,2015,1,5,47.594097,8.219422,,CH,HUMAN_OBSERVATION,PRESENT,"['CONTINENT_DERIVED_FROM_COORDINATES', 'TAXON_CONCEPT_ID_NOT_FOUND']",
1345718390,4fa7b334-ce0d-4e88-aaae-2e0c138d049e,2026-07-18T18:03:23.759+00:00,"Poecile palustris (Linnaeus, 1758)",2487843,Poecile palustris,Animalia,Aves,Passeriformes,Paridae,Poecile,SPECIES,ACCEPTED,2015-01-05,2015,1,5,47.594097,8.219422,,CH,HUMAN_OBSERVATION,PRESENT,"['CONTINENT_DERIVED_FROM_COORDINATES', 'TAXON_CONCEPT_ID_NOT_FOUND']",
1345718406,4fa7b334-ce0d-4e88-aaae-2e0c138d049e,2026-07-18T18:02:47.300+00:00,"Aythya fuligula (Linnaeus, 1758)",2498261,Aythya fuligula,Animalia,Aves,Anseriformes,Anatidae,Aythya,SPECIES,ACCEPTED,2015-01-05,2015,1,5,47.594097,8.219422,,CH,HUMAN_OBSERVATION,PRESENT,"['CONTINENT_DERIVED_FROM_COORDINATES', 'TAXON_CONCEPT_ID_NOT_FOUND']",
1345718411,4fa7b334-ce0d-4e88-aaae-2e0c138d049e,2026-07-18T18:01:50.108+00:00,"Troglodytes troglodytes (Linnaeus, 1758)",5231438,Troglodytes troglodytes,Animalia,Aves,Passeriformes,Troglodytidae,Troglodytes,SPECIES,ACCEPTED,2015-01-05,2015,1,5,47.594097,8.219422,,CH,HUMAN_OBSERVATION,PRESENT,"['CONTINENT_DERIVED_FROM_COORDINATES', 'TAXON_CONCEPT_ID_NOT_FOUND']",
1345723241,4fa7b334-ce0d-4e88-aaae-2e0c138d049e,2026-07-18T18:01:35.620+00:00,"Fringilla coelebs Linnaeus, 1758",2494422,Fringilla coelebs,Animalia,Aves,Passeriformes,Fringillidae,Fringilla,SPECIES,ACCEPTED,2015-01-12,2015,1,12,46.76175,7.416018,,CH,HUMAN_OBSERVATION,PRESENT,"['CONTINENT_DERIVED_FROM_COORDINATES', 'TAXON_CONCEPT_ID_NOT_FOUND']",
1345723272,4fa7b334-ce0d-4e88-aaae-2e0c138d049e,2026-07-18T18:01:01.305+00:00,"Loxia curvirostra Linnaeus, 1758",9629160,Loxia curvirostra,Animalia,Aves,Passeriformes,Fringillidae,Loxia,SPECIES,ACCEPTED,2015-01-12,2015,1,12,46.76175,7.416018,,CH,HUMAN_OBSERVATION,PRESENT,"['CONTINENT_DERIVED_FROM_COORDINATES', 'TAXON_CONCEPT_ID_NOT_FOUND']",
1345723284,4fa7b334-ce0d-4e88-aaae-2e0c138d049e,2026-07-18T18:03:47.605+00:00,"Lophophanes cristatus (Linnaeus, 1758)",2487883,Lophophanes cristatus,Animalia,Aves,Passeriformes,Paridae,Lophophanes,SPECIES,ACCEPTED,2015-01-12,2015,1,12,46.76175,7.416018,,CH,HUMAN_OBSERVATION,PRESENT,"['CONTINENT_DERIVED_FROM_COORDINATES', 'TAXON_CONCEPT_ID_NOT_FOUND']",
1345723286,4fa7b334-ce0d-4e88-aaae-2e0c138d049e,2026-07-18T17:58:51.216+00:00,"Spinus spinus (Linnaeus, 1758)",6092830,Spinus spinus,Animalia,Aves,Passeriformes,Fringillidae,Spinus,SPECIES,ACCEPTED,2015-01-12,2015,1,12,46.76175,7.416018,,CH,HUMAN_OBSERVATION,PRESENT,"['CONTINENT_DERIVED_FROM_COORDINATES', 'TAXON_CONCEPT_ID_NOT_FOUND']",
1345723331,4fa7b334-ce0d-4e88-aaae-2e0c138d049e,2026-07-18T18:01:17.046+00:00,"Parus major Linnaeus, 1758",9705453,Parus major,Animalia,Aves,Passeriformes,Paridae,Parus,SPECIES,ACCEPTED,2015-01-12,2015,1,12,46.76175,7.416018,,CH,HUMAN_OBSERVATION,PRESENT,"['CONTINENT_DERIVED_FROM_COORDINATES', 'TAXON_CONCEPT_ID_NOT_FOUND']",
1345723340,4fa7b334-ce0d-4e88-aaae-2e0c138d049e,2026-07-18T18:03:20.630+00:00,"Cyanistes caeruleus (Linnaeus, 1758)",2487879,Cyanistes caeruleus,Animalia,Aves,Passeriformes,Paridae,Cyanistes,SPECIES,ACCEPTED,2015-01-12,2015,1,12,46.76175,7.416018,,CH,HUMAN_OBSERVATION,PRESENT,"['CONTINENT_DERIVED_FROM_COORDINATES', 'TAXON_CONCEPT_ID_NOT_FOUND']",
1345723363,4fa7b334-ce0d-4e88-aaae-2e0c138d049e,2026-07-18T17:58:52.034+00:00,"Dendrocopos major (Linnaeus, 1758)",2477968,Dendrocopos major,Animalia,Aves,Piciformes,Picidae,Dendrocopos,SPECIES,ACCEPTED,2015-01-12,2015,1,12,46.76175,7.416018,,CH,HUMAN_OBSERVATION,PRESENT,"['CONTINENT_DERIVED_FROM_COORDINATES', 'TAXON_CONCEPT_ID_NOT_FOUND']",
1345723427,4fa7b334-ce0d-4e88-aaae-2e0c138d049e,2026-07-18T18:02:29.797+00:00,"Turdus merula Linnaeus, 1758",2490719,Turdus merula,Animalia,Aves,Passeriformes,Turdidae,Turdus,SPECIES,ACCEPTED,2015-01-12,2015,1,12,46.76175,7.416018,,CH,HUMAN_OBSERVATION,PRESENT,"['CONTINENT_DERIVED_FROM_COORDINATES', 'TAXON_CONCEPT_ID_NOT_FOUND']",
1345723452,4fa7b334-ce0d-4e88-aaae-2e0c138d049e,2026-07-18T18:04:42.722+00:00,"Chloris chloris (Linnaeus, 1758)",5845582,Chloris chloris,Animalia,Aves,Passeriformes,Fringillidae,Chloris,SPECIES,ACCEPTED,2015-01-12,2015,1,12,46.76175,7.416018,,CH,HUMAN_OBSERVATION,PRESENT,"['CONTINENT_DERIVED_FROM_COORDINATES', 'TAXON_CONCEPT_ID_NOT_FOUND']",
1345724158,4fa7b334-ce0d-4e88-aaae-2e0c138d049e,2026-07-18T18:01:35.542+00:00,"Dendrocopos major (Linnaeus, 1758)",2477968,Dendrocopos major,Animalia,Aves,Piciformes,Picidae,Dendrocopos,SPECIES,ACCEPTED,2015-01-12,2015,1,12,46.76175,7.416018,,CH,HUMAN_OBSERVATION,PRESENT,"['CONTINENT_DERIVED_FROM_COORDINATES', 'TAXON_CONCEPT_ID_NOT_FOUND']",
1345724163,4fa7b334-ce0d-4e88-aaae-2e0c138d049e,2026-07-18T18:06:09.610+00:00,"Fringilla coelebs Linnaeus, 1758",2494422,Fringilla coelebs,Animalia,Aves,Passeriformes,Fringillidae,Fringilla,SPECIES,ACCEPTED,2015-01-12,2015,1,12,46.76175,7.416018,,CH,HUMAN_OBSERVATION,PRESENT,"['CONTINENT_DERIVED_FROM_COORDINATES', 'TAXON_CONCEPT_ID_NOT_FOUND']",
1345724171,4fa7b334-ce0d-4e88-aaae-2e0c138d049e,2026-07-18T17:59:44.192+00:00,"Parus major Linnaeus, 1758",9705453,Parus major,Animalia,Aves,Passeriformes,Paridae,Parus,SPECIES,ACCEPTED,2015-01-12,2015,1,12,46.76175,7.416018,,CH,HUMAN_OBSERVATION,PRESENT,"['CONTINENT_DERIVED_FROM_COORDINATES', 'TAXON_CONCEPT_ID_NOT_FOUND']",
1345724172,4fa7b334-ce0d-4e88-aaae-2e0c138d049e,2026-07-18T17:59:14.051+00:00,"Chloris chloris (Linnaeus, 1758)",5845582,Chloris chloris,Animalia,Aves,Passeriformes,Fringillidae,Chloris,SPECIES,ACCEPTED,2015-01-12,2015,1,12,46.76175,7.416018,,CH,HUMAN_OBSERVATION,PRESENT,"['CONTINENT_DERIVED_FROM_COORDINATES', 'TAXON_CONCEPT_ID_NOT_FOUND']",
1345724174,4fa7b334-ce0d-4e88-aaae-2e0c138d049e,2026-07-18T18:05:09.707+00:00,"Turdus merula Linnaeus, 1758",2490719,Turdus merula,Animalia,Aves,Passeriformes,Turdidae,Turdus,SPECIES,ACCEPTED,2015-01-12,2015,1,12,46.76175,7.416018,,CH,HUMAN_OBSERVATION,PRESENT,"['CONTINENT_DERIVED_FROM_COORDINATES', 'TAXON_CONCEPT_ID_NOT_FOUND']",
1345724180,4fa7b334-ce0d-4e88-aaae-2e0c138d049e,2026-07-18T17:59:57.164+00:00,"Loxia curvirostra Linnaeus, 1758",9629160,Loxia curvirostra,Animalia,Aves,Passeriformes,Fringillidae,Loxia,SPECIES,ACCEPTED,2015-01-12,2015,1,12,46.76175,7.416018,,CH,HUMAN_OBSERVATION,PRESENT,"['CONTINENT_DERIVED_FROM_COORDINATES', 'TAXON_CONCEPT_ID_NOT_FOUND']",
1345724210,4fa7b334-ce0d-4e88-aaae-2e0c138d049e,2026-07-18T18:02:40.367+00:00,"Cyanistes caeruleus (Linnaeus, 1758)",2487879,Cyanistes caeruleus,Animalia,Aves,Passeriformes,Paridae,Cyanistes,SPECIES,ACCEPTED,2015-01-12,2015,1,12,46.76175,7.416018,,CH,HUMAN_OBSERVATION,PRESENT,"['CONTINENT_DERIVED_FROM_COORDINATES', 'TAXON_CONCEPT_ID_NOT_FOUND']",
1345724222,4fa7b334-ce0d-4e88-aaae-2e0c138d049e,2026-07-18T18:06:22.482+00:00,"Lophophanes cristatus (Linnaeus, 1758)",2487883,Lophophanes cristatus,Animalia,Aves,Passeriformes,Paridae,Lophophanes,SPECIES,ACCEPTED,2015-01-12,2015,1,12,46.76175,7.416018,,CH,HUMAN_OBSERVATION,PRESENT,"['CONTINENT_DERIVED_FROM_COORDINATES', 'TAXON_CONCEPT_ID_NOT_FOUND']",
1345724264,4fa7b334-ce0d-4e88-aaae-2e0c138d049e,2026-07-18T18:02:57.308+00:00,"Spinus spinus (Linnaeus, 1758)",6092830,Spinus spinus,Animalia,Aves,Passeriformes,Fringillidae,Spinus,SPECIES,ACCEPTED,2015-01-12,2015,1,12,46.76175,7.416018,,CH,HUMAN_OBSERVATION,PRESENT,"['CONTINENT_DERIVED_FROM_COORDINATES', 'TAXON_CONCEPT_ID_NOT_FOUND']",
1345726012,4fa7b334-ce0d-4e88-aaae-2e0c138d049e,2026-07-18T18:02:14.975+00:00,"Alcedo atthis (Linnaeus, 1758)",2475532,Alcedo atthis,Animalia,Aves,Coraciiformes,Alcedinidae,Alcedo,SPECIES,ACCEPTED,2015-01-05,2015,1,5,47.583332,8.233332,,CH,HUMAN_OBSERVATION,PRESENT,"['CONTINENT_DERIVED_FROM_COORDINATES', 'TAXON_CONCEPT_ID_NOT_FOUND']",
1345726021,4fa7b334-ce0d-4e88-aaae-2e0c138d049e,2026-07-18T17:59:41.169+00:00,"Turdus merula Linnaeus, 1758",2490719,Turdus merula,Animalia,Aves,Passeriformes,Turdidae,Turdus,SPECIES,ACCEPTED,2015-01-05,2015,1,5,47.583332,8.233332,,CH,HUMAN_OBSERVATION,PRESENT,"['CONTINENT_DERIVED_FROM_COORDINATES', 'TAXON_CONCEPT_ID_NOT_FOUND']",
1345726027,4fa7b334-ce0d-4e88-aaae-2e0c138d049e,2026-07-18T17:58:50.015+00:00,"Larus cachinnans Pallas, 1811",2481181,Larus cachinnans,Animalia,Aves,Charadriiformes,Laridae,Larus,SPECIES,ACCEPTED,2015-01-05,2015,1,5,47.583332,8.233332,,CH,HUMAN_OBSERVATION,PRESENT,"['CONTINENT_DERIVED_FROM_COORDINATES', 'TAXON_CONCEPT_ID_NOT_FOUND']",
1345726033,4fa7b334-ce0d-4e88-aaae-2e0c138d049e,2026-07-18T17:59:46.420+00:00,"Cyanistes caeruleus (Linnaeus, 1758)",2487879,Cyanistes caeruleus,Animalia,Aves,Passeriformes,Paridae,Cyanistes,SPECIES,ACCEPTED,2015-01-05,2015,1,5,47.583332,8.233332,,CH,HUMAN_OBSERVATION,PRESENT,"['CONTINENT_DERIVED_FROM_COORDINATES', 'TAXON_CONCEPT_ID_NOT_FOUND']",
1345726038,4fa7b334-ce0d-4e88-aaae-2e0c138d049e,2026-07-18T17:59:16.437+00:00,"Fulica atra Linnaeus, 1758",2474377,Fulica atra,Animalia,Aves,Gruiformes,Rallidae,Fulica,SPECIES,ACCEPTED,2015-01-05,2015,1,5,47.583332,8.233332,,CH,HUMAN_OBSERVATION,PRESENT,"['CONTINENT_DERIVED_FROM_COORDINATES', 'TAXON_CONCEPT_ID_NOT_FOUND']",
1345726051,4fa7b334-ce0d-4e88-aaae-2e0c138d049e,2026-07-18T18:00:04.131+00:00,"Carduelis carduelis (Linnaeus, 1758)",2494686,Carduelis carduelis,Animalia,Aves,Passeriformes,Fringillidae,Carduelis,SPECIES,ACCEPTED,2015-01-05,2015,1,5,47.583332,8.233332,,CH,HUMAN_OBSERVATION,PRESENT,"['CONTINENT_DERIVED_FROM_COORDINATES', 'TAXON_CONCEPT_ID_NOT_FOUND']",
1345726073,4fa7b334-ce0d-4e88-aaae-2e0c138d049e,2026-07-18T18:04:02.870+00:00,"Panurus biarmicus (Linnaeus, 1758)",2493367,Panurus biarmicus,Animalia,Aves,Passeriformes,Panuridae,Panurus,SPECIES,ACCEPTED,2015-01-05,2015,1,5,47.583332,8.233332,,CH,HUMAN_OBSERVATION,PRESENT,"['CONTINENT_DERIVED_FROM_COORDINATES', 'TAXON_CONCEPT_ID_NOT_FOUND']",
1345726075,4fa7b334-ce0d-4e88-aaae-2e0c138d049e,2026-07-18T18:03:57.613+00:00,"Aythya ferina (Linnaeus, 1758)",2498255,Aythya ferina,Animalia,Aves,Anseriformes,Anatidae,Aythya,SPECIES,ACCEPTED,2015-01-05,2015,1,5,47.583332,8.233332,,CH,HUMAN_OBSERVATION,PRESENT,"['CONTINENT_DERIVED_FROM_COORDINATES', 'TAXON_CONCEPT_ID_NOT_FOUND']",
1345726077,4fa7b334-ce0d-4e88-aaae-2e0c138d049e,2026-07-18T18:04:28.492+00:00,"Corvus corone Linnaeus, 1758",9409796,Corvus corone,Animalia,Aves,Passeriformes,Corvidae,Corvus,SPECIES,ACCEPTED,2015-01-05,2015,1,5,47.583332,8.233332,,CH,HUMAN_OBSERVATION,PRESENT,"['CONTINENT_DERIVED_FROM_COORDINATES', 'TAXON_CONCEPT_ID_NOT_FOUND']",
1345726082,4fa7b334-ce0d-4e88-aaae-2e0c138d049e,2026-07-18T18:00:29.777+00:00,"Chroicocephalus ridibundus (Linnaeus, 1766)",6065824,Chroicocephalus ridibundus,Animalia,Aves,Charadriiformes,Laridae,Chroicocephalus,SPECIES,ACCEPTED,2015-01-05,2015,1,5,47.583332,8.233332,,CH,HUMAN_OBSERVATION,PRESENT,"['CONTINENT_DERIVED_FROM_COORDINATES', 'TAXON_CONCEPT_ID_NOT_FOUND']",
1345726086,4fa7b334-ce0d-4e88-aaae-2e0c138d049e,2026-07-18T17:58:54.627+00:00,"Gallinula chloropus (Linnaeus, 1758)",5228199,Gallinula chloropus,Animalia,Aves,Gruiformes,Rallidae,Gallinula,SPECIES,ACCEPTED,2015-01-05,2015,1,5,47.583332,8.233332,,CH,HUMAN_OBSERVATION,PRESENT,"['CONTINENT_DERIVED_FROM_COORDINATES', 'TAXON_CONCEPT_ID_NOT_FOUND']",
1345726095,4fa7b334-ce0d-4e88-aaae-2e0c138d049e,2026-07-18T17:59:31.199+00:00,"Phylloscopus collybita (Vieillot, 1817)",2493091,Phylloscopus collybita,Animalia,Aves,Passeriformes,Phylloscopidae,Phylloscopus,SPECIES,ACCEPTED,2015-01-05,2015,1,5,47.583332,8.233332,,CH,HUMAN_OBSERVATION,PRESENT,"['CONTINENT_DERIVED_FROM_COORDINATES', 'TAXON_CONCEPT_ID_NOT_FOUND']",
1345726099,4fa7b334-ce0d-4e88-aaae-2e0c138d049e,2026-07-18T18:04:16.364+00:00,"Fringilla coelebs Linnaeus, 1758",2494422,Fringilla coelebs,Animalia,Aves,Passeriformes,Fringillidae,Fringilla,SPECIES,ACCEPTED,2015-01-05,2015,1,5,47.583332,8.233332,,CH,HUMAN_OBSERVATION,PRESENT,"['CONTINENT_DERIVED_FROM_COORDINATES', 'TAXON_CONCEPT_ID_NOT_FOUND']",
1345726102,4fa7b334-ce0d-4e88-aaae-2e0c138d049e,2026-07-18T18:00:07.959+00:00,"Gallinago gallinago (Linnaeus, 1758)",2481819,Gallinago gallinago,Animalia,Aves,Charadriiformes,Scolopacidae,Gallinago,SPECIES,ACCEPTED,2015-01-05,2015,1,5,47.583332,8.233332,,CH,HUMAN_OBSERVATION,PRESENT,"['CONTINENT_DERIVED_FROM_COORDINATES', 'TAXON_CONCEPT_ID_NOT_FOUND']",
1345726106,4fa7b334-ce0d-4e88-aaae-2e0c138d049e,2026-07-18T18:05:59.964+00:00,"Mergus merganser Linnaeus, 1758",9537647,Mergus merganser,Animalia,Aves,Anseriformes,Anatidae,Mergus,SPECIES,ACCEPTED,2015-01-05,2015,1,5,47.583332,8.233332,,CH,HUMAN_OBSERVATION,PRESENT,"['CONTINENT_DERIVED_FROM_COORDINATES', 'TAXON_CONCEPT_ID_NOT_FOUND']",
1345726114,4fa7b334-ce0d-4e88-aaae-2e0c138d049e,2026-07-18T18:01:34.449+00:00,"Bucephala clangula (Linnaeus, 1758)",2498326,Bucephala clangula,Animalia,Aves,Anseriformes,Anatidae,Bucephala,SPECIES,ACCEPTED,2015-01-05,2015,1,5,47.583332,8.233332,,CH,HUMAN_OBSERVATION,PRESENT,"['CONTINENT_DERIVED_FROM_COORDINATES', 'TAXON_CONCEPT_ID_NOT_FOUND']",
1345726132,4fa7b334-ce0d-4e88-aaae-2e0c138d049e,2026-07-18T17:58:55.908+00:00,"Buteo buteo (Linnaeus, 1758)",2480537,Buteo buteo,Animalia,Aves,Accipitriformes,Accipitridae,Buteo,SPECIES,ACCEPTED,2015-01-05,2015,1,5,47.583332,8.233332,,CH,HUMAN_OBSERVATION,PRESENT,"['CONTINENT_DERIVED_FROM_COORDINATES', 'TAXON_CONCEPT_ID_NOT_FOUND']",
1345726154,4fa7b334-ce0d-4e88-aaae-2e0c138d049e,2026-07-18T18:05:01.326+00:00,"Numenius arquata (Linnaeus, 1758)",2481792,Numenius arquata,Animalia,Aves,Charadriiformes,Scolopacidae,Numenius,SPECIES,ACCEPTED,2015-01-05,2015,1,5,47.583332,8.233332,,CH,HUMAN_OBSERVATION,PRESENT,"['CONTINENT_DERIVED_FROM_COORDINATES', 'TAXON_CONCEPT_ID_NOT_FOUND']",
1345726185,4fa7b334-ce0d-4e88-aaae-2e0c138d049e,2026-07-18T18:00:56.785+00:00,"Tadorna tadorna (Linnaeus, 1758)",2498009,Tadorna tadorna,Animalia,Aves,Anseriformes,Anatidae,Tadorna,SPECIES,ACCEPTED,2015-01-05,2015,1,5,47.583332,8.233332,,CH,HUMAN_OBSERVATION,PRESENT,"['CONTINENT_DERIVED_FROM_COORDINATES', 'TAXON_CONCEPT_ID_NOT_FOUND']",
1345726857,4fa7b334-ce0d-4e88-aaae-2e0c138d049e,2026-07-18T18:04:59.327+00:00,"Pica pica (Linnaeus, 1758)",5229490,Pica pica,Animalia,Aves,Passeriformes,Corvidae,Pica,SPECIES,ACCEPTED,2015-01-05,2015,1,5,47.583332,8.233332,,CH,HUMAN_OBSERVATION,PRESENT,"['CONTINENT_DERIVED_FROM_COORDINATES', 'TAXON_CONCEPT_ID_NOT_FOUND']",
1345726925,4fa7b334-ce0d-4e88-aaae-2e0c138d049e,2026-07-18T18:00:10.442+00:00,"Anser anser (Linnaeus, 1758)",2498036,Anser anser,Animalia,Aves,Anseriformes,Anatidae,Anser,SPECIES,ACCEPTED,2015-01-05,2015,1,5,47.583332,8.233332,,CH,HUMAN_OBSERVATION,PRESENT,"['CONTINENT_DERIVED_FROM_COORDINATES', 'TAXON_CONCEPT_ID_NOT_FOUND']",
1345726928,4fa7b334-ce0d-4e88-aaae-2e0c138d049e,2026-07-18T18:02:25.663+00:00,"Coloeus monedula (Linnaeus, 1758)",6100954,Coloeus monedula,Animalia,Aves,Passeriformes,Corvidae,Coloeus,SPECIES,ACCEPTED,2015-01-05,2015,1,5,47.583332,8.233332,,CH,HUMAN_OBSERVATION,PRESENT,"['CONTINENT_DERIVED_FROM_COORDINATES', 'TAXON_CONCEPT_ID_NOT_FOUND']",
1345726943,4fa7b334-ce0d-4e88-aaae-2e0c138d049e,2026-07-18T18:00:29.881+00:00,"Erithacus rubecula (Linnaeus, 1758)",2492462,Erithacus rubecula,Animalia,Aves,Passeriformes,Muscicapidae,Erithacus,SPECIES,ACCEPTED,2015-01-05,2015,1,5,47.583332,8.233332,,CH,HUMAN_OBSERVATION,PRESENT,"['CONTINENT_DERIVED_FROM_COORDINATES', 'TAXON_CONCEPT_ID_NOT_FOUND']",
1345726947,4fa7b334-ce0d-4e88-aaae-2e0c138d049e,2026-07-18T18:00:39.593+00:00,"Ardea cinerea Linnaeus, 1758",9797180,Ardea cinerea,Animalia,Aves,Pelecaniformes,Ardeidae,Ardea,SPECIES,ACCEPTED,2015-01-05,2015,1,5,47.583332,8.233332,,CH,HUMAN_OBSERVATION,PRESENT,"['CONTINENT_DERIVED_FROM_COORDINATES', 'TAXON_CONCEPT_ID_NOT_FOUND']",
1345726954,4fa7b334-ce0d-4e88-aaae-2e0c138d049e,2026-07-18T18:05:16.891+00:00,"Mareca strepera (Linnaeus, 1758)",9362027,Mareca strepera,Animalia,Aves,Anseriformes,Anatidae,Mareca,SPECIES,ACCEPTED,2015-01-05,2015,1,5,47.583332,8.233332,,CH,HUMAN_OBSERVATION,PRESENT,"['CONTINENT_DERIVED_FROM_COORDINATES', 'TAXON_CONCEPT_ID_NOT_FOUND']",
1345726956,4fa7b334-ce0d-4e88-aaae-2e0c138d049e,2026-07-18T18:01:38.903+00:00,"Garrulus glandarius (Linnaeus, 1758)",5229493,Garrulus glandarius,Animalia,Aves,Passeriformes,Corvidae,Garrulus,SPECIES,ACCEPTED,2015-01-05,2015,1,5,47.583332,8.233332,,CH,HUMAN_OBSERVATION,PRESENT,"['CONTINENT_DERIVED_FROM_COORDINATES', 'TAXON_CONCEPT_ID_NOT_FOUND']",
1345726958,4fa7b334-ce0d-4e88-aaae-2e0c138d049e,2026-07-18T18:02:35.549+00:00,"Passer montanus (Linnaeus, 1758)",5231198,Passer montanus,Animalia,Aves,Passeriformes,Passeridae,Passer,SPECIES,ACCEPTED,2015-01-05,2015,1,5,47.583332,8.233332,,CH,HUMAN_OBSERVATION,PRESENT,"['CONTINENT_DERIVED_FROM_COORDINATES', 'TAXON_CONCEPT_ID_NOT_FOUND']",
1345726961,4fa7b334-ce0d-4e88-aaae-2e0c138d049e,2026-07-18T18:03:27.573+00:00,"Dendrocopos major (Linnaeus, 1758)",2477968,Dendrocopos major,Animalia,Aves,Piciformes,Picidae,Dendrocopos,SPECIES,ACCEPTED,2015-01-05,2015,1,5,47.583332,8.233332,,CH,HUMAN_OBSERVATION,PRESENT,"['CONTINENT_DERIVED_FROM_COORDINATES', 'TAXON_CONCEPT_ID_NOT_FOUND']",
1345726968,4fa7b334-ce0d-4e88-aaae-2e0c138d049e,2026-07-18T17:58:54.832+00:00,"Parus major Linnaeus, 1758",9705453,Parus major,Animalia,Aves,Passeriformes,Paridae,Parus,SPECIES,ACCEPTED,2015-01-05,2015,1,5,47.583332,8.233332,,CH,HUMAN_OBSERVATION,PRESENT,"['CONTINENT_DERIVED_FROM_COORDINATES', 'TAXON_CONCEPT_ID_NOT_FOUND']",
1345726971,4fa7b334-ce0d-4e88-aaae-2e0c138d049e,2026-07-18T18:04:19.849+00:00,"Falco tinnunculus Linnaeus, 1758",9616058,Falco tinnunculus,Animalia,Aves,Falconiformes,Falconidae,Falco,SPECIES,ACCEPTED,2015-01-05,2015,1,5,47.583332,8.233332,,CH,HUMAN_OBSERVATION,PRESENT,"['CONTINENT_DERIVED_FROM_COORDINATES', 'TAXON_CONCEPT_ID_NOT_FOUND']",
1345726973,4fa7b334-ce0d-4e88-aaae-2e0c138d049e,2026-07-18T18:02:09.064+00:00,"Sturnus vulgaris Linnaeus, 1758",9809229,Sturnus vulgaris,Animalia,Aves,Passeriformes,Sturnidae,Sturnus,SPECIES,ACCEPTED,2015-01-05,2015,1,5,47.583332,8.233332,,CH,HUMAN_OBSERVATION,PRESENT,"['CONTINENT_DERIVED_FROM_COORDINATES', 'TAXON_CONCEPT_ID_NOT_FOUND']",
1345726975,4fa7b334-ce0d-4e88-aaae-2e0c138d049e,2026-07-18T18:00:29.212+00:00,"Sitta europaea Linnaeus, 1758",2484916,Sitta europaea,Animalia,Aves,Passeriformes,Sittidae,Sitta,SPECIES,ACCEPTED,2015-01-05,2015,1,5,47.583332,8.233332,,CH,HUMAN_OBSERVATION,PRESENT,"['CONTINENT_DERIVED_FROM_COORDINATES', 'TAXON_CONCEPT_ID_NOT_FOUND']",
1345726977,4fa7b334-ce0d-4e88-aaae-2e0c138d049e,2026-07-18T18:04:47.863+00:00,"Podiceps cristatus (Linnaeus, 1758)",2482054,Podiceps cristatus,Animalia,Aves,Podicipediformes,Podicipedidae,Podiceps,SPECIES,ACCEPTED,2015-01-05,2015,1,5,47.583332,8.233332,,CH,HUMAN_OBSERVATION,PRESENT,"['CONTINENT_DERIVED_FROM_COORDINATES', 'TAXON_CONCEPT_ID_NOT_FOUND']",
1345726982,4fa7b334-ce0d-4e88-aaae-2e0c138d049e,2026-07-18T18:05:01.326+00:00,"Spinus spinus (Linnaeus, 1758)",6092830,Spinus spinus,Animalia,Aves,Passeriformes,Fringillidae,Spinus,SPECIES,ACCEPTED,2015-01-05,2015,1,5,47.583332,8.233332,,CH,HUMAN_OBSERVATION,PRESENT,"['CONTINENT_DERIVED_FROM_COORDINATES', 'TAXON_CONCEPT_ID_NOT_FOUND']",
1345726992,4fa7b334-ce0d-4e88-aaae-2e0c138d049e,2026-07-18T18:01:42.752+00:00,"Mareca penelope (Linnaeus, 1758)",8000602,Mareca penelope,Animalia,Aves,Anseriformes,Anatidae,Mareca,SPECIES,ACCEPTED,2015-01-05,2015,1,5,47.583332,8.233332,,CH,HUMAN_OBSERVATION,PRESENT,"['CONTINENT_DERIVED_FROM_COORDINATES', 'TAXON_CONCEPT_ID_NOT_FOUND']",
1345726994,4fa7b334-ce0d-4e88-aaae-2e0c138d049e,2026-07-18T18:04:06.423+00:00,"Phalacrocorax carbo (Linnaeus, 1758)",2481890,Phalacrocorax carbo,Animalia,Aves,Suliformes,Phalacrocoracidae,Phalacrocorax,SPECIES,ACCEPTED,2015-01-05,2015,1,5,47.583332,8.233332,,CH,HUMAN_OBSERVATION,PRESENT,"['CONTINENT_DERIVED_FROM_COORDINATES', 'TAXON_CONCEPT_ID_NOT_FOUND']",
1345726996,4fa7b334-ce0d-4e88-aaae-2e0c138d049e,2026-07-18T18:04:20.282+00:00,"Anser albifrons (Scopoli, 1769)",2498017,Anser albifrons,Animalia,Aves,Anseriformes,Anatidae,Anser,SPECIES,ACCEPTED,2015-01-05,2015,1,5,47.583332,8.233332,,CH,HUMAN_OBSERVATION,PRESENT,"['CONTINENT_DERIVED_FROM_COORDINATES', 'TAXON_CONCEPT_ID_NOT_FOUND']",
1345726998,4fa7b334-ce0d-4e88-aaae-2e0c138d049e,2026-07-18T17:58:49.456+00:00,"Chloris chloris (Linnaeus, 1758)",5845582,Chloris chloris,Animalia,Aves,Passeriformes,Fringillidae,Chloris,SPECIES,ACCEPTED,2015-01-05,2015,1,5,47.583332,8.233332,,CH,HUMAN_OBSERVATION,PRESENT,"['CONTINENT_DERIVED_FROM_COORDINATES', 'TAXON_CONCEPT_ID_NOT_FOUND']",
1345726999,4fa7b334-ce0d-4e88-aaae-2e0c138d049e,2026-07-18T18:02:58.141+00:00,"Anas crecca Linnaeus, 1758",8214667,Anas crecca,Animalia,Aves,Anseriformes,Anatidae,Anas,SPECIES,ACCEPTED,2015-01-05,2015,1,5,47.583332,8.233332,,CH,HUMAN_OBSERVATION,PRESENT,"['CONTINENT_DERIVED_FROM_COORDINATES', 'TAXON_CONCEPT_ID_NOT_FOUND']",
1345727004,4fa7b334-ce0d-4e88-aaae-2e0c138d049e,2026-07-18T18:03:05.667+00:00,"Coccothraustes coccothraustes (Linnaeus, 1758)",2494329,Coccothraustes coccothraustes,Animalia,Aves,Passeriformes,Fringillidae,Coccothraustes,SPECIES,ACCEPTED,2015-01-05,2015,1,5,47.583332,8.233332,,CH,HUMAN_OBSERVATION,PRESENT,"['CONTINENT_DERIVED_FROM_COORDINATES', 'TAXON_CONCEPT_ID_NOT_FOUND']",
1345727008,4fa7b334-ce0d-4e88-aaae-2e0c138d049e,2026-07-18T18:01:06.684+00:00,"Motacilla cinerea Tunstall, 1771",2490310,Motacilla cinerea,Animalia,Aves,Passeriformes,Motacillidae,Motacilla,SPECIES,ACCEPTED,2015-01-05,2015,1,5,47.583332,8.233332,,CH,HUMAN_OBSERVATION,PRESENT,"['CONTINENT_DERIVED_FROM_COORDINATES', 'TAXON_CONCEPT_ID_NOT_FOUND']",
1345727016,4fa7b334-ce0d-4e88-aaae-2e0c138d049e,2026-07-18T17:58:52.312+00:00,"Turdus pilaris Linnaeus, 1758",2490737,Turdus pilaris,Animalia,Aves,Passeriformes,Turdidae,Turdus,SPECIES,ACCEPTED,2015-01-05,2015,1,5,47.583332,8.233332,,CH,HUMAN_OBSERVATION,PRESENT,"['CONTINENT_DERIVED_FROM_COORDINATES', 'TAXON_CONCEPT_ID_NOT_FOUND']",
1345727028,4fa7b334-ce0d-4e88-aaae-2e0c138d049e,2026-07-18T18:05:08.061+00:00,"Ardea alba Linnaeus, 1758",9752617,Ardea alba,Animalia,Aves,Pelecaniformes,Ardeidae,Ardea,SPECIES,ACCEPTED,2015-01-05,2015,1,5,47.583332,8.233332,,CH,HUMAN_OBSERVATION,PRESENT,"['CONTINENT_DERIVED_FROM_COORDINATES', 'TAXON_CONCEPT_ID_NOT_FOUND']",
1345727838,4fa7b334-ce0d-4e88-aaae-2e0c138d049e,2026-07-18T18:00:42.342+00:00,"Milvus milvus (Linnaeus, 1758)",5229168,Milvus milvus,Animalia,Aves,Accipitriformes,Accipitridae,Milvus,SPECIES,ACCEPTED,2015-01-05,2015,1,5,47.583332,8.233332,,CH,HUMAN_OBSERVATION,PRESENT,"['CONTINENT_DERIVED_FROM_COORDINATES', 'TAXON_CONCEPT_ID_NOT_FOUND']",
1345727872,4fa7b334-ce0d-4e88-aaae-2e0c138d049e,2026-07-18T18:02:38.851+00:00,"Spatula clypeata (Linnaeus, 1758)",8332393,Spatula clypeata,Animalia,Aves,Anseriformes,Anatidae,Spatula,SPECIES,ACCEPTED,2015-01-05,2015,1,5,47.583332,8.233332,,CH,HUMAN_OBSERVATION,PRESENT,"['CONTINENT_DERIVED_FROM_COORDINATES', 'TAXON_CONCEPT_ID_NOT_FOUND']",
1345727877,4fa7b334-ce0d-4e88-aaae-2e0c138d049e,2026-07-18T17:59:22.172+00:00,"Tachybaptus ruficollis (Pallas, 1764)",2482048,Tachybaptus ruficollis,Animalia,Aves,Podicipediformes,Podicipedidae,Tachybaptus,SPECIES,ACCEPTED,2015-01-05,2015,1,5,47.583332,8.233332,,CH,HUMAN_OBSERVATION,PRESENT,"['CONTINENT_DERIVED_FROM_COORDINATES', 'TAXON_CONCEPT_ID_NOT_FOUND']",
1345727893,4fa7b334-ce0d-4e88-aaae-2e0c138d049e,2026-07-18T18:00:50.859+00:00,"Aythya fuligula (Linnaeus, 1758)",2498261,Aythya fuligula,Animalia,Aves,Anseriformes,Anatidae,Aythya,SPECIES,ACCEPTED,2015-01-05,2015,1,5,47.583332,8.233332,,CH,HUMAN_OBSERVATION,PRESENT,"['CONTINENT_DERIVED_FROM_COORDINATES', 'TAXON_CONCEPT_ID_NOT_FOUND']",
1345727894,4fa7b334-ce0d-4e88-aaae-2e0c138d049e,2026-07-18T18:00:53.929+00:00,"Emberiza schoeniclus (Linnaeus, 1758)",2491557,Emberiza schoeniclus,Animalia,Aves,Passeriformes,Emberizidae,Emberiza,SPECIES,ACCEPTED,2015-01-05,2015,1,5,47.583332,8.233332,,CH,HUMAN_OBSERVATION,PRESENT,"['CONTINENT_DERIVED_FROM_COORDINATES', 'TAXON_CONCEPT_ID_NOT_FOUND']",
1345727900,4fa7b334-ce0d-4e88-aaae-2e0c138d049e,2026-07-18T18:06:16.045+00:00,"Tadorna ferruginea (Pallas, 1764)",2498015,Tadorna ferruginea,Animalia,Aves,Anseriformes,Anatidae,Tadorna,SPECIES,ACCEPTED,2015-01-05,2015,1,5,47.583332,8.233332,,CH,HUMAN_OBSERVATION,PRESENT,"['CONTINENT_DERIVED_FROM_COORDINATES', 'TAXON_CONCEPT_ID_NOT_FOUND']",
1345727906,4fa7b334-ce0d-4e88-aaae-2e0c138d049e,2026-07-18T18:06:20.875+00:00,"Egretta garzetta (Linnaeus, 1766)",2480876,Egretta garzetta,Animalia,Aves,Pelecaniformes,Ardeidae,Egretta,SPECIES,ACCEPTED,2015-01-05,2015,1,5,47.583332,8.233332,,CH,HUMAN_OBSERVATION,PRESENT,"['CONTINENT_DERIVED_FROM_COORDINATES', 'TAXON_CONCEPT_ID_NOT_FOUND']",
1345727914,4fa7b334-ce0d-4e88-aaae-2e0c138d049e,2026-07-18T18:01:40.089+00:00,"Troglodytes troglodytes (Linnaeus, 1758)",5231438,Troglodytes troglodytes,Animalia,Aves,Passeriformes,Troglodytidae,Troglodytes,SPECIES,ACCEPTED,2015-01-05,2015,1,5,47.583332,8.233332,,CH,HUMAN_OBSERVATION,PRESENT,"['CONTINENT_DERIVED_FROM_COORDINATES', 'TAXON_CONCEPT_ID_NOT_FOUND']",
1345727917,4fa7b334-ce0d-4e88-aaae-2e0c138d049e,2026-07-18T17:59:57.538+00:00,"Passer domesticus (Linnaeus, 1758)",5231190,Passer domesticus,Animalia,Aves,Passeriformes,Passeridae,Passer,SPECIES,ACCEPTED,2015-01-05,2015,1,5,47.583332,8.233332,,CH,HUMAN_OBSERVATION,PRESENT,"['CONTINENT_DERIVED_FROM_COORDINATES', 'TAXON_CONCEPT_ID_NOT_FOUND']",
1345727926,4fa7b334-ce0d-4e88-aaae-2e0c138d049e,2026-07-18T18:02:39.022+00:00,"Larus canus Linnaeus, 1758",7982160,Larus canus,Animalia,Aves,Charadriiformes,Laridae,Larus,SPECIES,ACCEPTED,2015-01-05,2015,1,5,47.583332,8.233332,,CH,HUMAN_OBSERVATION,PRESENT,"['CONTINENT_DERIVED_FROM_COORDINATES', 'TAXON_CONCEPT_ID_NOT_FOUND']",
1345727931,4fa7b334-ce0d-4e88-aaae-2e0c138d049e,2026-07-18T18:04:41.859+00:00,"Cygnus olor (J.F.Gmelin, 1789)",2498343,Cygnus olor,Animalia,Aves,Anseriformes,Anatidae,Cygnus,SPECIES,ACCEPTED,2015-01-05,2015,1,5,47.583332,8.233332,,CH,HUMAN_OBSERVATION,PRESENT,"['CONTINENT_DERIVED_FROM_COORDINATES', 'TAXON_CONCEPT_ID_NOT_FOUND']",
1345727932,4fa7b334-ce0d-4e88-aaae-2e0c138d049e,2026-07-18T17:58:49.746+00:00,"Anas platyrhynchos Linnaeus, 1758",9761484,Anas platyrhynchos,Animalia,Aves,Anseriformes,Anatidae,Anas,SPECIES,ACCEPTED,2015-01-05,2015,1,5,47.583332,8.233332,,CH,HUMAN_OBSERVATION,PRESENT,"['CONTINENT_DERIVED_FROM_COORDINATES', 'TAXON_CONCEPT_ID_NOT_FOUND']",
1345727935,4fa7b334-ce0d-4e88-aaae-2e0c138d049e,2026-07-18T18:05:49.260+00:00,"Poecile palustris (Linnaeus, 1758)",2487843,Poecile palustris,Animalia,Aves,Passeriformes,Paridae,Poecile,SPECIES,ACCEPTED,2015-01-05,2015,1,5,47.583332,8.233332,,CH,HUMAN_OBSERVATION,PRESENT,"['CONTINENT_DERIVED_FROM_COORDINATES', 'TAXON_CONCEPT_ID_NOT_FOUND']",
1345727941,4fa7b334-ce0d-4e88-aaae-2e0c138d049e,2026-07-18T17:58:54.398+00:00,"Circus cyaneus (Linnaeus, 1766)",2480487,Circus cyaneus,Animalia,Aves,Accipitriformes,Accipitridae,Circus,SPECIES,ACCEPTED,2015-01-05,2015,1,5,47.583332,8.233332,,CH,HUMAN_OBSERVATION,PRESENT,"['CONTINENT_DERIVED_FROM_COORDINATES', 'TAXON_CONCEPT_ID_NOT_FOUND']",
1345727950,4fa7b334-ce0d-4e88-aaae-2e0c138d049e,2026-07-18T18:00:51.831+00:00,"Ciconia ciconia (Linnaeus, 1758)",2481912,Ciconia ciconia,Animalia,Aves,Ciconiiformes,Ciconiidae,Ciconia,SPECIES,ACCEPTED,2015-01-05,2015,1,5,47.583332,8.233332,,CH,HUMAN_OBSERVATION,PRESENT,"['CONTINENT_DERIVED_FROM_COORDINATES', 'TAXON_CONCEPT_ID_NOT_FOUND']",
1345727955,4fa7b334-ce0d-4e88-aaae-2e0c138d049e,2026-07-18T18:02:00.429+00:00,"Certhia brachydactyla C.L.Brehm, 1820",7806848,Certhia brachydactyla,Animalia,Aves,Passeriformes,Certhiidae,Certhia,SPECIES,ACCEPTED,2015-01-05,2015,1,5,47.583332,8.233332,,CH,HUMAN_OBSERVATION,PRESENT,"['CONTINENT_DERIVED_FROM_COORDINATES', 'TAXON_CONCEPT_ID_NOT_FOUND']",
1345727958,4fa7b334-ce0d-4e88-aaae-2e0c138d049e,2026-07-18T18:02:36.646+00:00,"Rallus aquaticus Linnaeus, 1758",2474831,Rallus aquaticus,Animalia,Aves,Gruiformes,Rallidae,Rallus,SPECIES,ACCEPTED,2015-01-05,2015,1,5,47.583332,8.233332,,CH,HUMAN_OBSERVATION,PRESENT,"['CONTINENT_DERIVED_FROM_COORDINATES', 'TAXON_CONCEPT_ID_NOT_FOUND']",
1345727969,4fa7b334-ce0d-4e88-aaae-2e0c138d049e,2026-07-18T18:04:48.185+00:00,"Anas acuta Linnaeus, 1758",2498112,Anas acuta,Animalia,Aves,Anseriformes,Anatidae,Anas,SPECIES,ACCEPTED,2015-01-05,2015,1,5,47.583332,8.233332,,CH,HUMAN_OBSERVATION,PRESENT,"['CONTINENT_DERIVED_FROM_COORDINATES', 'TAXON_CONCEPT_ID_NOT_FOUND']",
1345727982,4fa7b334-ce0d-4e88-aaae-2e0c138d049e,2026-07-18T17:59:36.168+00:00,"Larus michahellis J.F.Naumann, 1840",9413670,Larus michahellis,Animalia,Aves,Charadriiformes,Laridae,Larus,SPECIES,ACCEPTED,2015-01-05,2015,1,5,47.583332,8.233332,,CH,HUMAN_OBSERVATION,PRESENT,"['CONTINENT_DERIVED_FROM_COORDINATES', 'TAXON_CONCEPT_ID_NOT_FOUND']",
1345748109,4fa7b334-ce0d-4e88-aaae-2e0c138d049e,2026-07-18T18:02:14.684+00:00,"Spinus spinus (Linnaeus, 1758)",6092830,Spinus spinus,Animalia,Aves,Passeriformes,Fringillidae,Spinus,SPECIES,ACCEPTED,2015-01-12,2015,1,12,47.13465,8.189053,,CH,HUMAN_OBSERVATION,PRESENT,"['CONTINENT_DERIVED_FROM_COORDINATES', 'TAXON_CONCEPT_ID_NOT_FOUND']",
1345748128,4fa7b334-ce0d-4e88-aaae-2e0c138d049e,2026-07-18T17:59:00.599+00:00,"Gallinula chloropus (Linnaeus, 1758)",5228199,Gallinula chloropus,Animalia,Aves,Gruiformes,Rallidae,Gallinula,SPECIES,ACCEPTED,2015-01-12,2015,1,12,47.13465,8.189053,,CH,HUMAN_OBSERVATION,PRESENT,"['CONTINENT_DERIVED_FROM_COORDINATES', 'TAXON_CONCEPT_ID_NOT_FOUND']",
1345748138,4fa7b334-ce0d-4e88-aaae-2e0c138d049e,2026-07-18T18:00:49.374+00:00,"Ardea cinerea Linnaeus, 1758",9797180,Ardea cinerea,Animalia,Aves,Pelecaniformes,Ardeidae,Ardea,SPECIES,ACCEPTED,2015-01-12,2015,1,12,47.13465,8.189053,,CH,HUMAN_OBSERVATION,PRESENT,"['CONTINENT_DERIVED_FROM_COORDINATES', 'TAXON_CONCEPT_ID_NOT_FOUND']",
1345748146,4fa7b334-ce0d-4e88-aaae-2e0c138d049e,2026-07-18T18:06:03.075+00:00,"Podiceps cristatus (Linnaeus, 1758)",2482054,Podiceps cristatus,Animalia,Aves,Podicipediformes,Podicipedidae,Podiceps,SPECIES,ACCEPTED,2015-01-12,2015,1,12,47.13465,8.189053,,CH,HUMAN_OBSERVATION,PRESENT,"['CONTINENT_DERIVED_FROM_COORDINATES', 'TAXON_CONCEPT_ID_NOT_FOUND']",
1345748150,4fa7b334-ce0d-4e88-aaae-2e0c138d049e,2026-07-18T18:04:36.986+00:00,"Aythya fuligula (Linnaeus, 1758)",2498261,Aythya fuligula,Animalia,Aves,Anseriformes,Anatidae,Aythya,SPECIES,ACCEPTED,2015-01-12,2015,1,12,47.13465,8.189053,,CH,HUMAN_OBSERVATION,PRESENT,"['CONTINENT_DERIVED_FROM_COORDINATES', 'TAXON_CONCEPT_ID_NOT_FOUND']",
1345748153,4fa7b334-ce0d-4e88-aaae-2e0c138d049e,2026-07-18T17:58:49.499+00:00,"Passer montanus (Linnaeus, 1758)",5231198,Passer montanus,Animalia,Aves,Passeriformes,Passeridae,Passer,SPECIES,ACCEPTED,2015-01-12,2015,1,12,47.13465,8.189053,,CH,HUMAN_OBSERVATION,PRESENT,"['CONTINENT_DERIVED_FROM_COORDINATES', 'TAXON_CONCEPT_ID_NOT_FOUND']",
1345748159,4fa7b334-ce0d-4e88-aaae-2e0c138d049e,2026-07-18T18:00:23.595+00:00,"Coccothraustes coccothraustes (Linnaeus, 1758)",2494329,Coccothraustes coccothraustes,Animalia,Aves,Passeriformes,Fringillidae,Coccothraustes,SPECIES,ACCEPTED,2015-01-12,2015,1,12,47.13465,8.189053,,CH,HUMAN_OBSERVATION,PRESENT,"['CONTINENT_DERIVED_FROM_COORDINATES', 'TAXON_CONCEPT_ID_NOT_FOUND']",
1345748171,4fa7b334-ce0d-4e88-aaae-2e0c138d049e,2026-07-18T18:04:38.228+00:00,"Sitta europaea Linnaeus, 1758",2484916,Sitta europaea,Animalia,Aves,Passeriformes,Sittidae,Sitta,SPECIES,ACCEPTED,2015-01-12,2015,1,12,47.13465,8.189053,,CH,HUMAN_OBSERVATION,PRESENT,"['CONTINENT_DERIVED_FROM_COORDINATES', 'TAXON_CONCEPT_ID_NOT_FOUND']",
1345748174,4fa7b334-ce0d-4e88-aaae-2e0c138d049e,2026-07-18T18:04:17.158+00:00,"Cygnus olor (J.F.Gmelin, 1789)",2498343,Cygnus olor,Animalia,Aves,Anseriformes,Anatidae,Cygnus,SPECIES,ACCEPTED,2015-01-12,2015,1,12,47.13465,8.189053,,CH,HUMAN_OBSERVATION,PRESENT,"['CONTINENT_DERIVED_FROM_COORDINATES', 'TAXON_CONCEPT_ID_NOT_FOUND']",
1345748186,4fa7b334-ce0d-4e88-aaae-2e0c138d049e,2026-07-18T18:05:58.143+00:00,"Milvus milvus (Linnaeus, 1758)",5229168,Milvus milvus,Animalia,Aves,Accipitriformes,Accipitridae,Milvus,SPECIES,ACCEPTED,2015-01-12,2015,1,12,47.13465,8.189053,,CH,HUMAN_OBSERVATION,PRESENT,"['CONTINENT_DERIVED_FROM_COORDINATES', 'TAXON_CONCEPT_ID_NOT_FOUND']",
1345748190,4fa7b334-ce0d-4e88-aaae-2e0c138d049e,2026-07-18T18:03:44.585+00:00,"Passer domesticus (Linnaeus, 1758)",5231190,Passer domesticus,Animalia,Aves,Passeriformes,Passeridae,Passer,SPECIES,ACCEPTED,2015-01-12,2015,1,12,47.13465,8.189053,,CH,HUMAN_OBSERVATION,PRESENT,"['CONTINENT_DERIVED_FROM_COORDINATES', 'TAXON_CONCEPT_ID_NOT_FOUND']",
1345748203,4fa7b334-ce0d-4e88-aaae-2e0c138d049e,2026-07-18T18:06:04.615+00:00,"Larus canus Linnaeus, 1758",7982160,Larus canus,Animalia,Aves,Charadriiformes,Laridae,Larus,SPECIES,ACCEPTED,2015-01-12,2015,1,12,47.13465,8.189053,,CH,HUMAN_OBSERVATION,PRESENT,"['CONTINENT_DERIVED_FROM_COORDINATES', 'TAXON_CONCEPT_ID_NOT_FOUND']",
1345748204,4fa7b334-ce0d-4e88-aaae-2e0c138d049e,2026-07-18T17:58:53.480+00:00,"Turdus merula Linnaeus, 1758",2490719,Turdus merula,Animalia,Aves,Passeriformes,Turdidae,Turdus,SPECIES,ACCEPTED,2015-01-12,2015,1,12,47.13465,8.189053,,CH,HUMAN_OBSERVATION,PRESENT,"['CONTINENT_DERIVED_FROM_COORDINATES', 'TAXON_CONCEPT_ID_NOT_FOUND']",
1345748212,4fa7b334-ce0d-4e88-aaae-2e0c138d049e,2026-07-18T18:04:08.673+00:00,"Anas platyrhynchos Linnaeus, 1758",9761484,Anas platyrhynchos,Animalia,Aves,Anseriformes,Anatidae,Anas,SPECIES,ACCEPTED,2015-01-12,2015,1,12,47.13465,8.189053,,CH,HUMAN_OBSERVATION,PRESENT,"['CONTINENT_DERIVED_FROM_COORDINATES', 'TAXON_CONCEPT_ID_NOT_FOUND']",
1345748214,4fa7b334-ce0d-4e88-aaae-2e0c138d049e,2026-07-18T18:02:05.830+00:00,"Fringilla coelebs Linnaeus, 1758",2494422,Fringilla coelebs,Animalia,Aves,Passeriformes,Fringillidae,Fringilla,SPECIES,ACCEPTED,2015-01-12,2015,1,12,47.13465,8.189053,,CH,HUMAN_OBSERVATION,PRESENT,"['CONTINENT_DERIVED_FROM_COORDINATES', 'TAXON_CONCEPT_ID_NOT_FOUND']",
1345748221,4fa7b334-ce0d-4e88-aaae-2e0c138d049e,2026-07-18T18:02:06.267+00:00,"Corvus corone Linnaeus, 1758",9409796,Corvus corone,Animalia,Aves,Passeriformes,Corvidae,Corvus,SPECIES,ACCEPTED,2015-01-12,2015,1,12,47.13465,8.189053,,CH,HUMAN_OBSERVATION,PRESENT,"['CONTINENT_DERIVED_FROM_COORDINATES', 'TAXON_CONCEPT_ID_NOT_FOUND']",
1345748224,4fa7b334-ce0d-4e88-aaae-2e0c138d049e,2026-07-18T18:00:18.869+00:00,"Erithacus rubecula (Linnaeus, 1758)",2492462,Erithacus rubecula,Animalia,Aves,Passeriformes,Muscicapidae,Erithacus,SPECIES,ACCEPTED,2015-01-12,2015,1,12,47.13465,8.189053,,CH,HUMAN_OBSERVATION,PRESENT,"['CONTINENT_DERIVED_FROM_COORDINATES', 'TAXON_CONCEPT_ID_NOT_FOUND']",
1345748225,4fa7b334-ce0d-4e88-aaae-2e0c138d049e,2026-07-18T17:59:49.563+00:00,"Phalacrocorax carbo (Linnaeus, 1758)",2481890,Phalacrocorax carbo,Animalia,Aves,Suliformes,Phalacrocoracidae,Phalacrocorax,SPECIES,ACCEPTED,2015-01-12,2015,1,12,47.13465,8.189053,,CH,HUMAN_OBSERVATION,PRESENT,"['CONTINENT_DERIVED_FROM_COORDINATES', 'TAXON_CONCEPT_ID_NOT_FOUND']",
1345748226,4fa7b334-ce0d-4e88-aaae-2e0c138d049e,2026-07-18T18:05:18.249+00:00,"Aegithalos caudatus (Linnaeus, 1758)",2495000,Aegithalos caudatus,Animalia,Aves,Passeriformes,Aegithalidae,Aegithalos,SPECIES,PROVISIONALLY_ACCEPTED,2015-01-12,2015,1,12,47.13465,8.189053,,CH,HUMAN_OBSERVATION,PRESENT,"['CONTINENT_DERIVED_FROM_COORDINATES', 'TAXON_CONCEPT_ID_NOT_FOUND']",
1345748245,4fa7b334-ce0d-4e88-aaae-2e0c138d049e,2026-07-18T17:59:19.255+00:00,"Troglodytes troglodytes (Linnaeus, 1758)",5231438,Troglodytes troglodytes,Animalia,Aves,Passeriformes,Troglodytidae,Troglodytes,SPECIES,ACCEPTED,2015-01-12,2015,1,12,47.13465,8.189053,,CH,HUMAN_OBSERVATION,PRESENT,"['CONTINENT_DERIVED_FROM_COORDINATES', 'TAXON_CONCEPT_ID_NOT_FOUND']",
1345748247,4fa7b334-ce0d-4e88-aaae-2e0c138d049e,2026-07-18T18:01:32.109+00:00,"Chroicocephalus ridibundus (Linnaeus, 1766)",6065824,Chroicocephalus ridibundus,Animalia,Aves,Charadriiformes,Laridae,Chroicocephalus,SPECIES,ACCEPTED,2015-01-12,2015,1,12,47.13465,8.189053,,CH,HUMAN_OBSERVATION,PRESENT,"['CONTINENT_DERIVED_FROM_COORDINATES', 'TAXON_CONCEPT_ID_NOT_FOUND']",
1345748251,4fa7b334-ce0d-4e88-aaae-2e0c138d049e,2026-07-18T18:01:17.126+00:00,"Streptopelia decaocto (Frivaldszky, 1838)",2495696,Streptopelia decaocto,Animalia,Aves,Columbiformes,Columbidae,Streptopelia,SPECIES,ACCEPTED,2015-01-12,2015,1,12,47.13465,8.189053,,CH,HUMAN_OBSERVATION,PRESENT,"['CONTINENT_DERIVED_FROM_COORDINATES', 'TAXON_CONCEPT_ID_NOT_FOUND']",
1345748253,4fa7b334-ce0d-4e88-aaae-2e0c138d049e,2026-07-18T18:04:47.154+00:00,"Fulica atra Linnaeus, 1758",2474377,Fulica atra,Animalia,Aves,Gruiformes,Rallidae,Fulica,SPECIES,ACCEPTED,2015-01-12,2015,1,12,47.13465,8.189053,,CH,HUMAN_OBSERVATION,PRESENT,"['CONTINENT_DERIVED_FROM_COORDINATES', 'TAXON_CONCEPT_ID_NOT_FOUND']",
1345748259,4fa7b334-ce0d-4e88-aaae-2e0c138d049e,2026-07-18T18:02:19.824+00:00,"Chloris chloris (Linnaeus, 1758)",5845582,Chloris chloris,Animalia,Aves,Passeriformes,Fringillidae,Chloris,SPECIES,ACCEPTED,2015-01-12,2015,1,12,47.13465,8.189053,,CH,HUMAN_OBSERVATION,PRESENT,"['CONTINENT_DERIVED_FROM_COORDINATES', 'TAXON_CONCEPT_ID_NOT_FOUND']",
1345748261,4fa7b334-ce0d-4e88-aaae-2e0c138d049e,2026-07-18T17:59:47.323+00:00,"Cyanistes caeruleus (Linnaeus, 1758)",2487879,Cyanistes caeruleus,Animalia,Aves,Passeriformes,Paridae,Cyanistes,SPECIES,ACCEPTED,2015-01-12,2015,1,12,47.13465,8.189053,,CH,HUMAN_OBSERVATION,PRESENT,"['CONTINENT_DERIVED_FROM_COORDINATES', 'TAXON_CONCEPT_ID_NOT_FOUND']",
1345748274,4fa7b334-ce0d-4e88-aaae-2e0c138d049e,2026-07-18T18:02:57.907+00:00,"Parus major Linnaeus, 1758",9705453,Parus major,Animalia,Aves,Passeriformes,Paridae,Parus,SPECIES,ACCEPTED,2015-01-12,2015,1,12,47.13465,8.189053,,CH,HUMAN_OBSERVATION,PRESENT,"['CONTINENT_DERIVED_FROM_COORDINATES', 'TAXON_CONCEPT_ID_NOT_FOUND']",
1345748299,4fa7b334-ce0d-4e88-aaae-2e0c138d049e,2026-07-18T18:00:04.634+00:00,"Larus michahellis J.F.Naumann, 1840",9413670,Larus michahellis,Animalia,Aves,Charadriiformes,Laridae,Larus,SPECIES,ACCEPTED,2015-01-12,2015,1,12,47.13465,8.189053,,CH,HUMAN_OBSERVATION,PRESENT,"['CONTINENT_DERIVED_FROM_COORDINATES', 'TAXON_CONCEPT_ID_NOT_FOUND']",
1345748961,4fa7b334-ce0d-4e88-aaae-2e0c138d049e,2026-07-18T18:04:57.247+00:00,"Periparus ater (Linnaeus, 1758)",2487871,Periparus ater,Animalia,Aves,Passeriformes,Paridae,Periparus,SPECIES,ACCEPTED,2015-01-11,2015,1,11,46.06508,7.077131,,CH,HUMAN_OBSERVATION,PRESENT,"['CONTINENT_DERIVED_FROM_COORDINATES', 'TAXON_CONCEPT_ID_NOT_FOUND']",
1345748967,4fa7b334-ce0d-4e88-aaae-2e0c138d049e,2026-07-18T18:02:00.431+00:00,"Poecile palustris (Linnaeus, 1758)",2487843,Poecile palustris,Animalia,Aves,Passeriformes,Paridae,Poecile,SPECIES,ACCEPTED,2015-01-10,2015,1,10,46.06508,7.077131,,CH,HUMAN_OBSERVATION,PRESENT,"['CONTINENT_DERIVED_FROM_COORDINATES', 'TAXON_CONCEPT_ID_NOT_FOUND']",
1345748980,4fa7b334-ce0d-4e88-aaae-2e0c138d049e,2026-07-18T18:03:54.547+00:00,"Sitta europaea Linnaeus, 1758",2484916,Sitta europaea,Animalia,Aves,Passeriformes,Sittidae,Sitta,SPECIES,ACCEPTED,2015-01-11,2015,1,11,46.06508,7.077131,,CH,HUMAN_OBSERVATION,PRESENT,"['CONTINENT_DERIVED_FROM_COORDINATES', 'TAXON_CONCEPT_ID_NOT_FOUND']",
1345748981,4fa7b334-ce0d-4e88-aaae-2e0c138d049e,2026-07-18T18:04:39.326+00:00,"Corvus corax Linnaeus, 1758",2482492,Corvus corax,Animalia,Aves,Passeriformes,Corvidae,Corvus,SPECIES,ACCEPTED,2015-01-11,2015,1,11,46.06508,7.077131,,CH,HUMAN_OBSERVATION,PRESENT,"['CONTINENT_DERIVED_FROM_COORDINATES', 'TAXON_CONCEPT_ID_NOT_FOUND']",
1345748991,4fa7b334-ce0d-4e88-aaae-2e0c138d049e,2026-07-18T18:03:01.570+00:00,"Cyanistes caeruleus (Linnaeus, 1758)",2487879,Cyanistes caeruleus,Animalia,Aves,Passeriformes,Paridae,Cyanistes,SPECIES,ACCEPTED,2015-01-11,2015,1,11,46.06508,7.077131,,CH,HUMAN_OBSERVATION,PRESENT,"['CONTINENT_DERIVED_FROM_COORDINATES', 'TAXON_CONCEPT_ID_NOT_FOUND']",
1345749007,4fa7b334-ce0d-4e88-aaae-2e0c138d049e,2026-07-18T18:05:54.583+00:00,"Poecile palustris (Linnaeus, 1758)",2487843,Poecile palustris,Animalia,Aves,Passeriformes,Paridae,Poecile,SPECIES,ACCEPTED,2015-01-11,2015,1,11,46.06508,7.077131,,CH,HUMAN_OBSERVATION,PRESENT,"['CONTINENT_DERIVED_FROM_COORDINATES', 'TAXON_CONCEPT_ID_NOT_FOUND']",
1345749009,4fa7b334-ce0d-4e88-aaae-2e0c138d049e,2026-07-18T18:01:50.806+00:00,"Spinus spinus (Linnaeus, 1758)",6092830,Spinus spinus,Animalia,Aves,Passeriformes,Fringillidae,Spinus,SPECIES,ACCEPTED,2015-01-11,2015,1,11,46.06508,7.077131,,CH,HUMAN_OBSERVATION,PRESENT,"['CONTINENT_DERIVED_FROM_COORDINATES', 'TAXON_CONCEPT_ID_NOT_FOUND']",
1345749013,4fa7b334-ce0d-4e88-aaae-2e0c138d049e,2026-07-18T18:05:02.941+00:00,"Loxia curvirostra Linnaeus, 1758",9629160,Loxia curvirostra,Animalia,Aves,Passeriformes,Fringillidae,Loxia,SPECIES,ACCEPTED,2015-01-11,2015,1,11,46.06508,7.077131,,CH,HUMAN_OBSERVATION,PRESENT,"['CONTINENT_DERIVED_FROM_COORDINATES', 'TAXON_CONCEPT_ID_NOT_FOUND']",
1345749019,4fa7b334-ce0d-4e88-aaae-2e0c138d049e,2026-07-18T18:03:32.235+00:00,"Pyrrhula pyrrhula (Linnaeus, 1758)",2494543,Pyrrhula pyrrhula,Animalia,Aves,Passeriformes,Fringillidae,Pyrrhula,SPECIES,ACCEPTED,2015-01-11,2015,1,11,46.06508,7.077131,,CH,HUMAN_OBSERVATION,PRESENT,"['CONTINENT_DERIVED_FROM_COORDINATES', 'TAXON_CONCEPT_ID_NOT_FOUND']",
1345749024,4fa7b334-ce0d-4e88-aaae-2e0c138d049e,2026-07-18T18:06:03.623+00:00,"Erithacus rubecula (Linnaeus, 1758)",2492462,Erithacus rubecula,Animalia,Aves,Passeriformes,Muscicapidae,Erithacus,SPECIES,ACCEPTED,2015-01-10,2015,1,10,46.06508,7.077131,,CH,HUMAN_OBSERVATION,PRESENT,"['CONTINENT_DERIVED_FROM_COORDINATES', 'TAXON_CONCEPT_ID_NOT_FOUND']",
1345749032,4fa7b334-ce0d-4e88-aaae-2e0c138d049e,2026-07-18T18:00:18.308+00:00,"Dendrocopos major (Linnaeus, 1758)",2477968,Dendrocopos major,Animalia,Aves,Piciformes,Picidae,Dendrocopos,SPECIES,ACCEPTED,2015-01-10,2015,1,10,46.06508,7.077131,,CH,HUMAN_OBSERVATION,PRESENT,"['CONTINENT_DERIVED_FROM_COORDINATES', 'TAXON_CONCEPT_ID_NOT_FOUND']",
1345749037,4fa7b334-ce0d-4e88-aaae-2e0c138d049e,2026-07-18T18:01:06.749+00:00,"Cyanistes caeruleus (Linnaeus, 1758)",2487879,Cyanistes caeruleus,Animalia,Aves,Passeriformes,Paridae,Cyanistes,SPECIES,ACCEPTED,2015-01-11,2015,1,11,46.06508,7.077131,,CH,HUMAN_OBSERVATION,PRESENT,"['CONTINENT_DERIVED_FROM_COORDINATES', 'TAXON_CONCEPT_ID_NOT_FOUND']",
1345749038,4fa7b334-ce0d-4e88-aaae-2e0c138d049e,2026-07-18T18:04:38.313+00:00,"Fringilla coelebs Linnaeus, 1758",2494422,Fringilla coelebs,Animalia,Aves,Passeriformes,Fringillidae,Fringilla,SPECIES,ACCEPTED,2015-01-11,2015,1,11,46.06508,7.077131,,CH,HUMAN_OBSERVATION,PRESENT,"['CONTINENT_DERIVED_FROM_COORDINATES', 'TAXON_CONCEPT_ID_NOT_FOUND']",
1345749042,4fa7b334-ce0d-4e88-aaae-2e0c138d049e,2026-07-18T17:59:35.161+00:00,"Parus major Linnaeus, 1758",9705453,Parus major,Animalia,Aves,Passeriformes,Paridae,Parus,SPECIES,ACCEPTED,2015-01-11,2015,1,11,46.06508,7.077131,,CH,HUMAN_OBSERVATION,PRESENT,"['CONTINENT_DERIVED_FROM_COORDINATES', 'TAXON_CONCEPT_ID_NOT_FOUND']",
1345749048,4fa7b334-ce0d-4e88-aaae-2e0c138d049e,2026-07-18T18:04:27.542+00:00,"Periparus ater (Linnaeus, 1758)",2487871,Periparus ater,Animalia,Aves,Passeriformes,Paridae,Periparus,SPECIES,ACCEPTED,2015-01-11,2015,1,11,46.06508,7.077131,,CH,HUMAN_OBSERVATION,PRESENT,"['CONTINENT_DERIVED_FROM_COORDINATES', 'TAXON_CONCEPT_ID_NOT_FOUND']",
1345749050,4fa7b334-ce0d-4e88-aaae-2e0c138d049e,2026-07-18T17:58:49.480+00:00,"Erithacus rubecula (Linnaeus, 1758)",2492462,Erithacus rubecula,Animalia,Aves,Passeriformes,Muscicapidae,Erithacus,SPECIES,ACCEPTED,2015-01-11,2015,1,11,46.06508,7.077131,,CH,HUMAN_OBSERVATION,PRESENT,"['CONTINENT_DERIVED_FROM_COORDINATES', 'TAXON_CONCEPT_ID_NOT_FOUND']",
1345749056,4fa7b334-ce0d-4e88-aaae-2e0c138d049e,2026-07-18T18:03:53.201+00:00,"Erithacus rubecula (Linnaeus, 1758)",2492462,Erithacus rubecula,Animalia,Aves,Passeriformes,Muscicapidae,Erithacus,SPECIES,ACCEPTED,2015-01-11,2015,1,11,46.06508,7.077131,,CH,HUMAN_OBSERVATION,PRESENT,"['CONTINENT_DERIVED_FROM_COORDINATES', 'TAXON_CONCEPT_ID_NOT_FOUND']",
1345749062,4fa7b334-ce0d-4e88-aaae-2e0c138d049e,2026-07-18T18:03:20.631+00:00,"Nucifraga caryocatactes (Linnaeus, 1758)",2482613,Nucifraga caryocatactes,Animalia,Aves,Passeriformes,Corvidae,Nucifraga,SPECIES,ACCEPTED,2015-01-11,2015,1,11,46.06508,7.077131,,CH,HUMAN_OBSERVATION,PRESENT,"['CONTINENT_DERIVED_FROM_COORDINATES', 'TAXON_CONCEPT_ID_NOT_FOUND']",
1345749065,4fa7b334-ce0d-4e88-aaae-2e0c138d049e,2026-07-18T17:59:50.964+00:00,"Dendrocopos major (Linnaeus, 1758)",2477968,Dendrocopos major,Animalia,Aves,Piciformes,Picidae,Dendrocopos,SPECIES,ACCEPTED,2015-01-11,2015,1,11,46.06508,7.077131,,CH,HUMAN_OBSERVATION,PRESENT,"['CONTINENT_DERIVED_FROM_COORDINATES', 'TAXON_CONCEPT_ID_NOT_FOUND']",
1345749067,4fa7b334-ce0d-4e88-aaae-2e0c138d049e,2026-07-18T18:03:33.482+00:00,"Parus major Linnaeus, 1758",9705453,Parus major,Animalia,Aves,Passeriformes,Paridae,Parus,SPECIES,ACCEPTED,2015-01-11,2015,1,11,46.06508,7.077131,,CH,HUMAN_OBSERVATION,PRESENT,"['CONTINENT_DERIVED_FROM_COORDINATES', 'TAXON_CONCEPT_ID_NOT_FOUND']",
1345749074,4fa7b334-ce0d-4e88-aaae-2e0c138d049e,2026-07-18T18:01:27.965+00:00,"Lophophanes cristatus (Linnaeus, 1758)",2487883,Lophophanes cristatus,Animalia,Aves,Passeriformes,Paridae,Lophophanes,SPECIES,ACCEPTED,2015-01-10,2015,1,10,46.06508,7.077131,,CH,HUMAN_OBSERVATION,PRESENT,"['CONTINENT_DERIVED_FROM_COORDINATES', 'TAXON_CONCEPT_ID_NOT_FOUND']",
1345749075,4fa7b334-ce0d-4e88-aaae-2e0c138d049e,2026-07-18T18:00:28.090+00:00,"Fringilla coelebs Linnaeus, 1758",2494422,Fringilla coelebs,Animalia,Aves,Passeriformes,Fringillidae,Fringilla,SPECIES,ACCEPTED,2015-01-11,2015,1,11,46.06508,7.077131,,CH,HUMAN_OBSERVATION,PRESENT,"['CONTINENT_DERIVED_FROM_COORDINATES', 'TAXON_CONCEPT_ID_NOT_FOUND']",
1345749079,4fa7b334-ce0d-4e88-aaae-2e0c138d049e,2026-07-18T18:00:23.595+00:00,"Nucifraga caryocatactes (Linnaeus, 1758)",2482613,Nucifraga caryocatactes,Animalia,Aves,Passeriformes,Corvidae,Nucifraga,SPECIES,ACCEPTED,2015-01-10,2015,1,10,46.06508,7.077131,,CH,HUMAN_OBSERVATION,PRESENT,"['CONTINENT_DERIVED_FROM_COORDINATES', 'TAXON_CONCEPT_ID_NOT_FOUND']",
1345749082,4fa7b334-ce0d-4e88-aaae-2e0c138d049e,2026-07-18T18:01:58.671+00:00,"Lophophanes cristatus (Linnaeus, 1758)",2487883,Lophophanes cristatus,Animalia,Aves,Passeriformes,Paridae,Lophophanes,SPECIES,ACCEPTED,2015-01-11,2015,1,11,46.06508,7.077131,,CH,HUMAN_OBSERVATION,PRESENT,"['CONTINENT_DERIVED_FROM_COORDINATES', 'TAXON_CONCEPT_ID_NOT_FOUND']",
1345749094,4fa7b334-ce0d-4e88-aaae-2e0c138d049e,2026-07-18T18:05:01.092+00:00,"Poecile montanus (Conrad von Baldenstein, 1827)",2487866,Poecile montanus,Animalia,Aves,Passeriformes,Paridae,Poecile,SPECIES,ACCEPTED,2015-01-11,2015,1,11,46.06508,7.077131,,CH,HUMAN_OBSERVATION,PRESENT,"['CONTINENT_DERIVED_FROM_COORDINATES', 'TAXON_CONCEPT_ID_NOT_FOUND']",
1345749100,4fa7b334-ce0d-4e88-aaae-2e0c138d049e,2026-07-18T18:06:03.737+00:00,"Turdus merula Linnaeus, 1758",2490719,Turdus merula,Animalia,Aves,Passeriformes,Turdidae,Turdus,SPECIES,ACCEPTED,2015-01-11,2015,1,11,46.06508,7.077131,,CH,HUMAN_OBSERVATION,PRESENT,"['CONTINENT_DERIVED_FROM_COORDINATES', 'TAXON_CONCEPT_ID_NOT_FOUND']",
1345749127,4fa7b334-ce0d-4e88-aaae-2e0c138d049e,2026-07-18T17:59:25.227+00:00,"Garrulus glandarius (Linnaeus, 1758)",5229493,Garrulus glandarius,Animalia,Aves,Passeriformes,Corvidae,Garrulus,SPECIES,ACCEPTED,2015-01-11,2015,1,11,46.06508,7.077131,,CH,HUMAN_OBSERVATION,PRESENT,"['CONTINENT_DERIVED_FROM_COORDINATES', 'TAXON_CONCEPT_ID_NOT_FOUND']",
1345843901,4fa7b334-ce0d-4e88-aaae-2e0c138d049e,2026-07-18T18:02:44.517+00:00,"Chroicocephalus ridibundus (Linnaeus, 1766)",6065824,Chroicocephalus ridibundus,Animalia,Aves,Charadriiformes,Laridae,Chroicocephalus,SPECIES,ACCEPTED,2015-01-03,2015,1,3,46.507374,6.535472,,CH,HUMAN_OBSERVATION,PRESENT,"['CONTINENT_DERIVED_FROM_COORDINATES', 'TAXON_CONCEPT_ID_NOT_FOUND']",
1345844814,4fa7b334-ce0d-4e88-aaae-2e0c138d049e,2026-07-18T18:02:10.322+00:00,"Parus major Linnaeus, 1758",9705453,Parus major,Animalia,Aves,Passeriformes,Paridae,Parus,SPECIES,ACCEPTED,2015-01-03,2015,1,3,46.507374,6.535472,,CH,HUMAN_OBSERVATION,PRESENT,"['CONTINENT_DERIVED_FROM_COORDINATES', 'TAXON_CONCEPT_ID_NOT_FOUND']",
1345844843,4fa7b334-ce0d-4e88-aaae-2e0c138d049e,2026-07-18T17:59:38.002+00:00,"Cygnus olor (J.F.Gmelin, 1789)",2498343,Cygnus olor,Animalia,Aves,Anseriformes,Anatidae,Cygnus,SPECIES,ACCEPTED,2015-01-03,2015,1,3,46.507374,6.535472,,CH,HUMAN_OBSERVATION,PRESENT,"['CONTINENT_DERIVED_FROM_COORDINATES', 'TAXON_CONCEPT_ID_NOT_FOUND']",
1345844850,4fa7b334-ce0d-4e88-aaae-2e0c138d049e,2026-07-18T17:59:37.985+00:00,"Ardea cinerea Linnaeus, 1758",9797180,Ardea cinerea,Animalia,Aves,Pelecaniformes,Ardeidae,Ardea,SPECIES,ACCEPTED,2015-01-03,2015,1,3,46.507374,6.535472,,CH,HUMAN_OBSERVATION,PRESENT,"['CONTINENT_DERIVED_FROM_COORDINATES', 'TAXON_CONCEPT_ID_NOT_FOUND']",
1345844879,4fa7b334-ce0d-4e88-aaae-2e0c138d049e,2026-07-18T18:05:49.244+00:00,"Regulus regulus (Linnaeus, 1758)",2484596,Regulus regulus,Animalia,Aves,Passeriformes,Regulidae,Regulus,SPECIES,ACCEPTED,2015-01-03,2015,1,3,46.507374,6.535472,,CH,HUMAN_OBSERVATION,PRESENT,"['CONTINENT_DERIVED_FROM_COORDINATES', 'TAXON_CONCEPT_ID_NOT_FOUND']",
1345844882,4fa7b334-ce0d-4e88-aaae-2e0c138d049e,2026-07-18T18:00:12.455+00:00,"Columba palumbus Linnaeus, 1758",2495455,Columba palumbus,Animalia,Aves,Columbiformes,Columbidae,Columba,SPECIES,ACCEPTED,2015-01-03,2015,1,3,46.507374,6.535472,,CH,HUMAN_OBSERVATION,PRESENT,"['CONTINENT_DERIVED_FROM_COORDINATES', 'TAXON_CONCEPT_ID_NOT_FOUND']",
1345844899,4fa7b334-ce0d-4e88-aaae-2e0c138d049e,2026-07-18T18:06:14.976+00:00,"Buteo buteo (Linnaeus, 1758)",2480537,Buteo buteo,Animalia,Aves,Accipitriformes,Accipitridae,Buteo,SPECIES,ACCEPTED,2015-01-03,2015,1,3,46.507374,6.535472,,CH,HUMAN_OBSERVATION,PRESENT,"['CONTINENT_DERIVED_FROM_COORDINATES', 'TAXON_CONCEPT_ID_NOT_FOUND']",
1345844907,4fa7b334-ce0d-4e88-aaae-2e0c138d049e,2026-07-18T18:05:59.641+00:00,"Podiceps cristatus (Linnaeus, 1758)",2482054,Podiceps cristatus,Animalia,Aves,Podicipediformes,Podicipedidae,Podiceps,SPECIES,ACCEPTED,2015-01-03,2015,1,3,46.507374,6.535472,,CH,HUMAN_OBSERVATION,PRESENT,"['CONTINENT_DERIVED_FROM_COORDINATES', 'TAXON_CONCEPT_ID_NOT_FOUND']",
1345844910,4fa7b334-ce0d-4e88-aaae-2e0c138d049e,2026-07-18T18:05:10.298+00:00,"Turdus merula Linnaeus, 1758",2490719,Turdus merula,Animalia,Aves,Passeriformes,Turdidae,Turdus,SPECIES,ACCEPTED,2015-01-03,2015,1,3,46.507374,6.535472,,CH,HUMAN_OBSERVATION,PRESENT,"['CONTINENT_DERIVED_FROM_COORDINATES', 'TAXON_CONCEPT_ID_NOT_FOUND']",
1345844918,4fa7b334-ce0d-4e88-aaae-2e0c138d049e,2026-07-18T18:00:02.339+00:00,"Erithacus rubecula (Linnaeus, 1758)",2492462,Erithacus rubecula,Animalia,Aves,Passeriformes,Muscicapidae,Erithacus,SPECIES,ACCEPTED,2015-01-03,2015,1,3,46.507374,6.535472,,CH,HUMAN_OBSERVATION,PRESENT,"['CONTINENT_DERIVED_FROM_COORDINATES', 'TAXON_CONCEPT_ID_NOT_FOUND']",
1345844931,4fa7b334-ce0d-4e88-aaae-2e0c138d049e,2026-07-18T18:05:31.256+00:00,"Passer domesticus (Linnaeus, 1758)",5231190,Passer domesticus,Animalia,Aves,Passeriformes,Passeridae,Passer,SPECIES,ACCEPTED,2015-01-03,2015,1,3,46.507374,6.535472,,CH,HUMAN_OBSERVATION,PRESENT,"['CONTINENT_DERIVED_FROM_COORDINATES', 'TAXON_CONCEPT_ID_NOT_FOUND']",
1345844943,4fa7b334-ce0d-4e88-aaae-2e0c138d049e,2026-07-18T18:05:03.467+00:00,"Anas platyrhynchos Linnaeus, 1758",9761484,Anas platyrhynchos,Animalia,Aves,Anseriformes,Anatidae,Anas,SPECIES,ACCEPTED,2015-01-03,2015,1,3,46.507374,6.535472,,CH,HUMAN_OBSERVATION,PRESENT,"['CONTINENT_DERIVED_FROM_COORDINATES', 'TAXON_CONCEPT_ID_NOT_FOUND']",
1345844950,4fa7b334-ce0d-4e88-aaae-2e0c138d049e,2026-07-18T18:04:05.497+00:00,"Phalacrocorax carbo (Linnaeus, 1758)",2481890,Phalacrocorax carbo,Animalia,Aves,Suliformes,Phalacrocoracidae,Phalacrocorax,SPECIES,ACCEPTED,2015-01-03,2015,1,3,46.507374,6.535472,,CH,HUMAN_OBSERVATION,PRESENT,"['CONTINENT_DERIVED_FROM_COORDINATES', 'TAXON_CONCEPT_ID_NOT_FOUND']",
1345844951,4fa7b334-ce0d-4e88-aaae-2e0c138d049e,2026-07-18T18:00:28.612+00:00,"Corvus corone Linnaeus, 1758",9409796,Corvus corone,Animalia,Aves,Passeriformes,Corvidae,Corvus,SPECIES,ACCEPTED,2015-01-03,2015,1,3,46.507374,6.535472,,CH,HUMAN_OBSERVATION,PRESENT,"['CONTINENT_DERIVED_FROM_COORDINATES', 'TAXON_CONCEPT_ID_NOT_FOUND']",
1345844952,4fa7b334-ce0d-4e88-aaae-2e0c138d049e,2026-07-18T18:04:49.059+00:00,"Gallinula chloropus (Linnaeus, 1758)",5228199,Gallinula chloropus,Animalia,Aves,Gruiformes,Rallidae,Gallinula,SPECIES,ACCEPTED,2015-01-03,2015,1,3,46.507374,6.535472,,CH,HUMAN_OBSERVATION,PRESENT,"['CONTINENT_DERIVED_FROM_COORDINATES', 'TAXON_CONCEPT_ID_NOT_FOUND']",
1345844976,4fa7b334-ce0d-4e88-aaae-2e0c138d049e,2026-07-18T18:04:56.756+00:00,"Larus michahellis J.F.Naumann, 1840",9413670,Larus michahellis,Animalia,Aves,Charadriiformes,Laridae,Larus,SPECIES,ACCEPTED,2015-01-03,2015,1,3,46.507374,6.535472,,CH,HUMAN_OBSERVATION,PRESENT,"['CONTINENT_DERIVED_FROM_COORDINATES', 'TAXON_CONCEPT_ID_NOT_FOUND']",
1345870154,4fa7b334-ce0d-4e88-aaae-2e0c138d049e,2026-07-18T18:01:41.360+00:00,"Passer domesticus (Linnaeus, 1758)",5231190,Passer domesticus,Animalia,Aves,Passeriformes,Passeridae,Passer,SPECIES,ACCEPTED,2015-01-13,2015,1,13,46.50867,6.561338,,CH,HUMAN_OBSERVATION,PRESENT,"['COORDINATE_ROUNDED', 'CONTINENT_DERIVED_FROM_COORDINATES', 'TAXON_CONCEPT_ID_NOT_FOUND']",
1345870236,4fa7b334-ce0d-4e88-aaae-2e0c138d049e,2026-07-18T18:04:07.018+00:00,"Larus canus Linnaeus, 1758",7982160,Larus canus,Animalia,Aves,Charadriiformes,Laridae,Larus,SPECIES,ACCEPTED,2015-01-13,2015,1,13,46.50867,6.561338,,CH,HUMAN_OBSERVATION,PRESENT,"['COORDINATE_ROUNDED', 'CONTINENT_DERIVED_FROM_COORDINATES', 'TAXON_CONCEPT_ID_NOT_FOUND']",
1345870265,4fa7b334-ce0d-4e88-aaae-2e0c138d049e,2026-07-18T18:03:02.082+00:00,"Mergus merganser Linnaeus, 1758",9537647,Mergus merganser,Animalia,Aves,Anseriformes,Anatidae,Mergus,SPECIES,ACCEPTED,2015-01-13,2015,1,13,46.50867,6.561338,,CH,HUMAN_OBSERVATION,PRESENT,"['COORDINATE_ROUNDED', 'CONTINENT_DERIVED_FROM_COORDINATES', 'TAXON_CONCEPT_ID_NOT_FOUND']",
1345870266,4fa7b334-ce0d-4e88-aaae-2e0c138d049e,2026-07-18T18:00:46.571+00:00,"Bucephala clangula (Linnaeus, 1758)",2498326,Bucephala clangula,Animalia,Aves,Anseriformes,Anatidae,Bucephala,SPECIES,ACCEPTED,2015-01-13,2015,1,13,46.50867,6.561338,,CH,HUMAN_OBSERVATION,PRESENT,"['COORDINATE_ROUNDED', 'CONTINENT_DERIVED_FROM_COORDINATES', 'TAXON_CONCEPT_ID_NOT_FOUND']",
1345870321,4fa7b334-ce0d-4e88-aaae-2e0c138d049e,2026-07-18T18:02:22.090+00:00,"Anas platyrhynchos Linnaeus, 1758",9761484,Anas platyrhynchos,Animalia,Aves,Anseriformes,Anatidae,Anas,SPECIES,ACCEPTED,2015-01-13,2015,1,13,46.50867,6.561338,,CH,HUMAN_OBSERVATION,PRESENT,"['COORDINATE_ROUNDED', 'CONTINENT_DERIVED_FROM_COORDINATES', 'TAXON_CONCEPT_ID_NOT_FOUND']",
1345870364,4fa7b334-ce0d-4e88-aaae-2e0c138d049e,2026-07-18T17:59:16.116+00:00,"Columba palumbus Linnaeus, 1758",2495455,Columba palumbus,Animalia,Aves,Columbiformes,Columbidae,Columba,SPECIES,ACCEPTED,2015-01-13,2015,1,13,46.50867,6.561338,,CH,HUMAN_OBSERVATION,PRESENT,"['COORDINATE_ROUNDED', 'CONTINENT_DERIVED_FROM_COORDINATES', 'TAXON_CONCEPT_ID_NOT_FOUND']",
1345870417,4fa7b334-ce0d-4e88-aaae-2e0c138d049e,2026-07-18T18:01:22.947+00:00,"Mareca strepera (Linnaeus, 1758)",9362027,Mareca strepera,Animalia,Aves,Anseriformes,Anatidae,Mareca,SPECIES,ACCEPTED,2015-01-13,2015,1,13,46.50867,6.561338,,CH,HUMAN_OBSERVATION,PRESENT,"['COORDINATE_ROUNDED', 'CONTINENT_DERIVED_FROM_COORDINATES', 'TAXON_CONCEPT_ID_NOT_FOUND']",
1345870443,4fa7b334-ce0d-4e88-aaae-2e0c138d049e,2026-07-18T18:04:19.354+00:00,"Podiceps cristatus (Linnaeus, 1758)",2482054,Podiceps cristatus,Animalia,Aves,Podicipediformes,Podicipedidae,Podiceps,SPECIES,ACCEPTED,2015-01-13,2015,1,13,46.50867,6.561338,,CH,HUMAN_OBSERVATION,PRESENT,"['COORDINATE_ROUNDED', 'CONTINENT_DERIVED_FROM_COORDINATES', 'TAXON_CONCEPT_ID_NOT_FOUND']",
1345870448,4fa7b334-ce0d-4e88-aaae-2e0c138d049e,2026-07-18T17:59:13.230+00:00,"Chroicocephalus ridibundus (Linnaeus, 1766)",6065824,Chroicocephalus ridibundus,Animalia,Aves,Charadriiformes,Laridae,Chroicocephalus,SPECIES,ACCEPTED,2015-01-13,2015,1,13,46.50867,6.561338,,CH,HUMAN_OBSERVATION,PRESENT,"['COORDINATE_ROUNDED', 'CONTINENT_DERIVED_FROM_COORDINATES', 'TAXON_CONCEPT_ID_NOT_FOUND']",
1345870458,4fa7b334-ce0d-4e88-aaae-2e0c138d049e,2026-07-18T18:04:22.463+00:00,"Phalacrocorax carbo (Linnaeus, 1758)",2481890,Phalacrocorax carbo,Animalia,Aves,Suliformes,Phalacrocoracidae,Phalacrocorax,SPECIES,ACCEPTED,2015-01-13,2015,1,13,46.50867,6.561338,,CH,HUMAN_OBSERVATION,PRESENT,"['COORDINATE_ROUNDED', 'CONTINENT_DERIVED_FROM_COORDINATES', 'TAXON_CONCEPT_ID_NOT_FOUND']",
1345879615,4fa7b334-ce0d-4e88-aaae-2e0c138d049e,2026-07-18T18:03:23.890+00:00,"Fulica atra Linnaeus, 1758",2474377,Fulica atra,Animalia,Aves,Gruiformes,Rallidae,Fulica,SPECIES,ACCEPTED,2015-01-13,2015,1,13,46.51713,6.577769,,CH,HUMAN_OBSERVATION,PRESENT,"['CONTINENT_DERIVED_FROM_COORDINATES', 'TAXON_CONCEPT_ID_NOT_FOUND']",
1345879641,4fa7b334-ce0d-4e88-aaae-2e0c138d049e,2026-07-18T18:04:48.188+00:00,"Sturnus vulgaris Linnaeus, 1758",9809229,Sturnus vulgaris,Animalia,Aves,Passeriformes,Sturnidae,Sturnus,SPECIES,ACCEPTED,2015-01-13,2015,1,13,46.51713,6.577769,,CH,HUMAN_OBSERVATION,PRESENT,"['CONTINENT_DERIVED_FROM_COORDINATES', 'TAXON_CONCEPT_ID_NOT_FOUND']",
1345880161,4fa7b334-ce0d-4e88-aaae-2e0c138d049e,2026-07-18T18:05:16.908+00:00,"Cygnus olor (J.F.Gmelin, 1789)",2498343,Cygnus olor,Animalia,Aves,Anseriformes,Anatidae,Cygnus,SPECIES,ACCEPTED,2015-01-13,2015,1,13,46.51713,6.577769,,CH,HUMAN_OBSERVATION,PRESENT,"['CONTINENT_DERIVED_FROM_COORDINATES', 'TAXON_CONCEPT_ID_NOT_FOUND']",
1345880191,4fa7b334-ce0d-4e88-aaae-2e0c138d049e,2026-07-18T17:59:11.596+00:00,"Aythya fuligula (Linnaeus, 1758)",2498261,Aythya fuligula,Animalia,Aves,Anseriformes,Anatidae,Aythya,SPECIES,ACCEPTED,2015-01-13,2015,1,13,46.51713,6.577769,,CH,HUMAN_OBSERVATION,PRESENT,"['CONTINENT_DERIVED_FROM_COORDINATES', 'TAXON_CONCEPT_ID_NOT_FOUND']",
1345880221,4fa7b334-ce0d-4e88-aaae-2e0c138d049e,2026-07-18T18:03:19.660+00:00,"Passer domesticus (Linnaeus, 1758)",5231190,Passer domesticus,Animalia,Aves,Passeriformes,Passeridae,Passer,SPECIES,ACCEPTED,2015-01-13,2015,1,13,46.51713,6.577769,,CH,HUMAN_OBSERVATION,PRESENT,"['CONTINENT_DERIVED_FROM_COORDINATES', 'TAXON_CONCEPT_ID_NOT_FOUND']",
1345880273,4fa7b334-ce0d-4e88-aaae-2e0c138d049e,2026-07-18T18:00:28.302+00:00,"Tachybaptus ruficollis (Pallas, 1764)",2482048,Tachybaptus ruficollis,Animalia,Aves,Podicipediformes,Podicipedidae,Tachybaptus,SPECIES,ACCEPTED,2015-01-13,2015,1,13,46.51713,6.577769,,CH,HUMAN_OBSERVATION,PRESENT,"['CONTINENT_DERIVED_FROM_COORDINATES', 'TAXON_CONCEPT_ID_NOT_FOUND']",
1345913747,4fa7b334-ce0d-4e88-aaae-2e0c138d049e,2026-07-18T18:01:08.018+00:00,"Cyanistes caeruleus (Linnaeus, 1758)",2487879,Cyanistes caeruleus,Animalia,Aves,Passeriformes,Paridae,Cyanistes,SPECIES,ACCEPTED,2015-01-14,2015,1,14,46.520515,6.574481,,CH,HUMAN_OBSERVATION,PRESENT,"['COORDINATE_ROUNDED', 'CONTINENT_DERIVED_FROM_COORDINATES', 'TAXON_CONCEPT_ID_NOT_FOUND']",
1345913771,4fa7b334-ce0d-4e88-aaae-2e0c138d049e,2026-07-18T18:01:52.933+00:00,"Fringilla coelebs Linnaeus, 1758",2494422,Fringilla coelebs,Animalia,Aves,Passeriformes,Fringillidae,Fringilla,SPECIES,ACCEPTED,2015-01-14,2015,1,14,46.520515,6.574481,,CH,HUMAN_OBSERVATION,PRESENT,"['COORDINATE_ROUNDED', 'CONTINENT_DERIVED_FROM_COORDINATES', 'TAXON_CONCEPT_ID_NOT_FOUND']",
1345913861,4fa7b334-ce0d-4e88-aaae-2e0c138d049e,2026-07-18T18:01:55.616+00:00,"Buteo buteo (Linnaeus, 1758)",2480537,Buteo buteo,Animalia,Aves,Accipitriformes,Accipitridae,Buteo,SPECIES,ACCEPTED,2015-01-14,2015,1,14,46.520515,6.574481,,CH,HUMAN_OBSERVATION,PRESENT,"['COORDINATE_ROUNDED', 'CONTINENT_DERIVED_FROM_COORDINATES', 'TAXON_CONCEPT_ID_NOT_FOUND']",
1345914856,4fa7b334-ce0d-4e88-aaae-2e0c138d049e,2026-07-18T18:01:00.101+00:00,"Sturnus vulgaris Linnaeus, 1758",9809229,Sturnus vulgaris,Animalia,Aves,Passeriformes,Sturnidae,Sturnus,SPECIES,ACCEPTED,2015-01-14,2015,1,14,46.520515,6.574481,,CH,HUMAN_OBSERVATION,PRESENT,"['COORDINATE_ROUNDED', 'CONTINENT_DERIVED_FROM_COORDINATES', 'TAXON_CONCEPT_ID_NOT_FOUND']",
1345914858,4fa7b334-ce0d-4e88-aaae-2e0c138d049e,2026-07-18T18:06:05.362+00:00,"Turdus merula Linnaeus, 1758",2490719,Turdus merula,Animalia,Aves,Passeriformes,Turdidae,Turdus,SPECIES,ACCEPTED,2015-01-14,2015,1,14,46.520515,6.574481,,CH,HUMAN_OBSERVATION,PRESENT,"['COORDINATE_ROUNDED', 'CONTINENT_DERIVED_FROM_COORDINATES', 'TAXON_CONCEPT_ID_NOT_FOUND']",
1345914879,4fa7b334-ce0d-4e88-aaae-2e0c138d049e,2026-07-18T18:04:29.123+00:00,"Anas platyrhynchos Linnaeus, 1758",9761484,Anas platyrhynchos,Animalia,Aves,Anseriformes,Anatidae,Anas,SPECIES,ACCEPTED,2015-01-14,2015,1,14,46.520515,6.574481,,CH,HUMAN_OBSERVATION,PRESENT,"['COORDINATE_ROUNDED', 'CONTINENT_DERIVED_FROM_COORDINATES', 'TAXON_CONCEPT_ID_NOT_FOUND']",
1345914916,4fa7b334-ce0d-4e88-aaae-2e0c138d049e,2026-07-18T18:02:03.704+00:00,"Erithacus rubecula (Linnaeus, 1758)",2492462,Erithacus rubecula,Animalia,Aves,Passeriformes,Muscicapidae,Erithacus,SPECIES,ACCEPTED,2015-01-14,2015,1,14,46.520515,6.574481,,CH,HUMAN_OBSERVATION,PRESENT,"['COORDINATE_ROUNDED', 'CONTINENT_DERIVED_FROM_COORDINATES', 'TAXON_CONCEPT_ID_NOT_FOUND']",
1345914938,4fa7b334-ce0d-4e88-aaae-2e0c138d049e,2026-07-18T18:00:24.985+00:00,"Parus major Linnaeus, 1758",9705453,Parus major,Animalia,Aves,Passeriformes,Paridae,Parus,SPECIES,ACCEPTED,2015-01-14,2015,1,14,46.520515,6.574481,,CH,HUMAN_OBSERVATION,PRESENT,"['COORDINATE_ROUNDED', 'CONTINENT_DERIVED_FROM_COORDINATES', 'TAXON_CONCEPT_ID_NOT_FOUND']",
1345914962,4fa7b334-ce0d-4e88-aaae-2e0c138d049e,2026-07-18T18:05:06.038+00:00,"Troglodytes troglodytes (Linnaeus, 1758)",5231438,Troglodytes troglodytes,Animalia,Aves,Passeriformes,Troglodytidae,Troglodytes,SPECIES,ACCEPTED,2015-01-14,2015,1,14,46.520515,6.574481,,CH,HUMAN_OBSERVATION,PRESENT,"['COORDINATE_ROUNDED', 'CONTINENT_DERIVED_FROM_COORDINATES', 'TAXON_CONCEPT_ID_NOT_FOUND']",
1346061034,4fa7b334-ce0d-4e88-aaae-2e0c138d049e,2026-07-18T18:00:46.201+00:00,"Larus michahellis J.F.Naumann, 1840",9413670,Larus michahellis,Animalia,Aves,Charadriiformes,Laridae,Larus,SPECIES,ACCEPTED,2015-01-15,2015,1,15,47.120045,8.184954,,CH,HUMAN_OBSERVATION,PRESENT,"['CONTINENT_DERIVED_FROM_COORDINATES', 'TAXON_CONCEPT_ID_NOT_FOUND']",
1346061052,4fa7b334-ce0d-4e88-aaae-2e0c138d049e,2026-07-18T18:03:28.964+00:00,"Troglodytes troglodytes (Linnaeus, 1758)",5231438,Troglodytes troglodytes,Animalia,Aves,Passeriformes,Troglodytidae,Troglodytes,SPECIES,ACCEPTED,2015-01-15,2015,1,15,47.120045,8.184954,,CH,HUMAN_OBSERVATION,PRESENT,"['CONTINENT_DERIVED_FROM_COORDINATES', 'TAXON_CONCEPT_ID_NOT_FOUND']",
1346061164,4fa7b334-ce0d-4e88-aaae-2e0c138d049e,2026-07-18T18:06:20.789+00:00,"Motacilla alba Linnaeus, 1758",9687165,Motacilla alba,Animalia,Aves,Passeriformes,Motacillidae,Motacilla,SPECIES,ACCEPTED,2015-01-15,2015,1,15,47.120045,8.184954,,CH,HUMAN_OBSERVATION,PRESENT,"['CONTINENT_DERIVED_FROM_COORDINATES', 'TAXON_CONCEPT_ID_NOT_FOUND']",
1346074927,4fa7b334-ce0d-4e88-aaae-2e0c138d049e,2026-07-18T18:05:46.252+00:00,"Chroicocephalus ridibundus (Linnaeus, 1766)",6065824,Chroicocephalus ridibundus,Animalia,Aves,Charadriiformes,Laridae,Chroicocephalus,SPECIES,ACCEPTED,2015-01-15,2015,1,15,47.120045,8.184954,,CH,HUMAN_OBSERVATION,PRESENT,"['CONTINENT_DERIVED_FROM_COORDINATES', 'TAXON_CONCEPT_ID_NOT_FOUND']",
1346075747,4fa7b334-ce0d-4e88-aaae-2e0c138d049e,2026-07-18T18:05:49.267+00:00,"Sturnus vulgaris Linnaeus, 1758",9809229,Sturnus vulgaris,Animalia,Aves,Passeriformes,Sturnidae,Sturnus,SPECIES,ACCEPTED,2015-01-15,2015,1,15,47.120045,8.184954,,CH,HUMAN_OBSERVATION,PRESENT,"['CONTINENT_DERIVED_FROM_COORDINATES', 'TAXON_CONCEPT_ID_NOT_FOUND']",
1346075751,4fa7b334-ce0d-4e88-aaae-2e0c138d049e,2026-07-18T18:01:36.932+00:00,"Parus major Linnaeus, 1758",9705453,Parus major,Animalia,Aves,Passeriformes,Paridae,Parus,SPECIES,ACCEPTED,2015-01-15,2015,1,15,47.120045,8.184954,,CH,HUMAN_OBSERVATION,PRESENT,"['CONTINENT_DERIVED_FROM_COORDINATES', 'TAXON_CONCEPT_ID_NOT_FOUND']",
1346075759,4fa7b334-ce0d-4e88-aaae-2e0c138d049e,2026-07-18T18:05:29.649+00:00,"Bucephala clangula (Linnaeus, 1758)",2498326,Bucephala clangula,Animalia,Aves,Anseriformes,Anatidae,Bucephala,SPECIES,ACCEPTED,2015-01-15,2015,1,15,47.120045,8.184954,,CH,HUMAN_OBSERVATION,PRESENT,"['CONTINENT_DERIVED_FROM_COORDINATES', 'TAXON_CONCEPT_ID_NOT_FOUND']",
1346075762,4fa7b334-ce0d-4e88-aaae-2e0c138d049e,2026-07-18T18:06:00.002+00:00,"Gallinula chloropus (Linnaeus, 1758)",5228199,Gallinula chloropus,Animalia,Aves,Gruiformes,Rallidae,Gallinula,SPECIES,ACCEPTED,2015-01-15,2015,1,15,47.120045,8.184954,,CH,HUMAN_OBSERVATION,PRESENT,"['CONTINENT_DERIVED_FROM_COORDINATES', 'TAXON_CONCEPT_ID_NOT_FOUND']",
1346075786,4fa7b334-ce0d-4e88-aaae-2e0c138d049e,2026-07-18T17:58:49.888+00:00,"Pica pica (Linnaeus, 1758)",5229490,Pica pica,Animalia,Aves,Passeriformes,Corvidae,Pica,SPECIES,ACCEPTED,2015-01-15,2015,1,15,47.120045,8.184954,,CH,HUMAN_OBSERVATION,PRESENT,"['CONTINENT_DERIVED_FROM_COORDINATES', 'TAXON_CONCEPT_ID_NOT_FOUND']",
1346075810,4fa7b334-ce0d-4e88-aaae-2e0c138d049e,2026-07-18T18:04:05.651+00:00,"Larus cachinnans Pallas, 1811",2481181,Larus cachinnans,Animalia,Aves,Charadriiformes,Laridae,Larus,SPECIES,ACCEPTED,2015-01-15,2015,1,15,47.120045,8.184954,,CH,HUMAN_OBSERVATION,PRESENT,"['CONTINENT_DERIVED_FROM_COORDINATES', 'TAXON_CONCEPT_ID_NOT_FOUND']",
1346075812,4fa7b334-ce0d-4e88-aaae-2e0c138d049e,2026-07-18T18:00:02.277+00:00,"Spinus spinus (Linnaeus, 1758)",6092830,Spinus spinus,Animalia,Aves,Passeriformes,Fringillidae,Spinus,SPECIES,ACCEPTED,2015-01-15,2015,1,15,47.120045,8.184954,,CH,HUMAN_OBSERVATION,PRESENT,"['CONTINENT_DERIVED_FROM_COORDINATES', 'TAXON_CONCEPT_ID_NOT_FOUND']",
1346075814,4fa7b334-ce0d-4e88-aaae-2e0c138d049e,2026-07-18T18:01:09.404+00:00,"Turdus pilaris Linnaeus, 1758",2490737,Turdus pilaris,Animalia,Aves,Passeriformes,Turdidae,Turdus,SPECIES,ACCEPTED,2015-01-15,2015,1,15,47.120045,8.184954,,CH,HUMAN_OBSERVATION,PRESENT,"['CONTINENT_DERIVED_FROM_COORDINATES', 'TAXON_CONCEPT_ID_NOT_FOUND']",
1346075817,4fa7b334-ce0d-4e88-aaae-2e0c138d049e,2026-07-18T17:58:55.865+00:00,"Regulus regulus (Linnaeus, 1758)",2484596,Regulus regulus,Animalia,Aves,Passeriformes,Regulidae,Regulus,SPECIES,ACCEPTED,2015-01-15,2015,1,15,47.120045,8.184954,,CH,HUMAN_OBSERVATION,PRESENT,"['CONTINENT_DERIVED_FROM_COORDINATES', 'TAXON_CONCEPT_ID_NOT_FOUND']",
1346075835,4fa7b334-ce0d-4e88-aaae-2e0c138d049e,2026-07-18T18:02:40.373+00:00,"Cyanistes caeruleus (Linnaeus, 1758)",2487879,Cyanistes caeruleus,Animalia,Aves,Passeriformes,Paridae,Cyanistes,SPECIES,ACCEPTED,2015-01-15,2015,1,15,47.120045,8.184954,,CH,HUMAN_OBSERVATION,PRESENT,"['CONTINENT_DERIVED_FROM_COORDINATES', 'TAXON_CONCEPT_ID_NOT_FOUND']",
1346075836,4fa7b334-ce0d-4e88-aaae-2e0c138d049e,2026-07-18T18:05:09.903+00:00,"Corvus corone Linnaeus, 1758",9409796,Corvus corone,Animalia,Aves,Passeriformes,Corvidae,Corvus,SPECIES,ACCEPTED,2015-01-15,2015,1,15,47.120045,8.184954,,CH,HUMAN_OBSERVATION,PRESENT,"['CONTINENT_DERIVED_FROM_COORDINATES', 'TAXON_CONCEPT_ID_NOT_FOUND']",
1346075837,4fa7b334-ce0d-4e88-aaae-2e0c138d049e,2026-07-18T18:02:00.448+00:00,"Fringilla coelebs Linnaeus, 1758",2494422,Fringilla coelebs,Animalia,Aves,Passeriformes,Fringillidae,Fringilla,SPECIES,ACCEPTED,2015-01-15,2015,1,15,47.120045,8.184954,,CH,HUMAN_OBSERVATION,PRESENT,"['CONTINENT_DERIVED_FROM_COORDINATES', 'TAXON_CONCEPT_ID_NOT_FOUND']",
1346075841,4fa7b334-ce0d-4e88-aaae-2e0c138d049e,2026-07-18T18:00:09.158+00:00,"Turdus merula Linnaeus, 1758",2490719,Turdus merula,Animalia,Aves,Passeriformes,Turdidae,Turdus,SPECIES,ACCEPTED,2015-01-15,2015,1,15,47.120045,8.184954,,CH,HUMAN_OBSERVATION,PRESENT,"['CONTINENT_DERIVED_FROM_COORDINATES', 'TAXON_CONCEPT_ID_NOT_FOUND']",
1346075843,4fa7b334-ce0d-4e88-aaae-2e0c138d049e,2026-07-18T18:00:13.153+00:00,"Anas platyrhynchos Linnaeus, 1758",9761484,Anas platyrhynchos,Animalia,Aves,Anseriformes,Anatidae,Anas,SPECIES,ACCEPTED,2015-01-15,2015,1,15,47.120045,8.184954,,CH,HUMAN_OBSERVATION,PRESENT,"['CONTINENT_DERIVED_FROM_COORDINATES', 'TAXON_CONCEPT_ID_NOT_FOUND']",
1346075844,4fa7b334-ce0d-4e88-aaae-2e0c138d049e,2026-07-18T18:05:06.617+00:00,"Erithacus rubecula (Linnaeus, 1758)",2492462,Erithacus rubecula,Animalia,Aves,Passeriformes,Muscicapidae,Erithacus,SPECIES,ACCEPTED,2015-01-15,2015,1,15,47.120045,8.184954,,CH,HUMAN_OBSERVATION,PRESENT,"['CONTINENT_DERIVED_FROM_COORDINATES', 'TAXON_CONCEPT_ID_NOT_FOUND']",
1346075845,4fa7b334-ce0d-4e88-aaae-2e0c138d049e,2026-07-18T18:01:21.685+00:00,"Phalacrocorax carbo (Linnaeus, 1758)",2481890,Phalacrocorax carbo,Animalia,Aves,Suliformes,Phalacrocoracidae,Phalacrocorax,SPECIES,ACCEPTED,2015-01-15,2015,1,15,47.120045,8.184954,,CH,HUMAN_OBSERVATION,PRESENT,"['CONTINENT_DERIVED_FROM_COORDINATES', 'TAXON_CONCEPT_ID_NOT_FOUND']",
1346075854,4fa7b334-ce0d-4e88-aaae-2e0c138d049e,2026-07-18T18:04:04.619+00:00,"Carduelis carduelis (Linnaeus, 1758)",2494686,Carduelis carduelis,Animalia,Aves,Passeriformes,Fringillidae,Carduelis,SPECIES,ACCEPTED,2015-01-15,2015,1,15,47.120045,8.184954,,CH,HUMAN_OBSERVATION,PRESENT,"['CONTINENT_DERIVED_FROM_COORDINATES', 'TAXON_CONCEPT_ID_NOT_FOUND']",
1346075859,4fa7b334-ce0d-4e88-aaae-2e0c138d049e,2026-07-18T17:59:25.829+00:00,"Mareca penelope (Linnaeus, 1758)",8000602,Mareca penelope,Animalia,Aves,Anseriformes,Anatidae,Mareca,SPECIES,ACCEPTED,2015-01-15,2015,1,15,47.120045,8.184954,,CH,HUMAN_OBSERVATION,PRESENT,"['CONTINENT_DERIVED_FROM_COORDINATES', 'TAXON_CONCEPT_ID_NOT_FOUND']",
1346075862,4fa7b334-ce0d-4e88-aaae-2e0c138d049e,2026-07-18T17:59:32.484+00:00,"Aythya ferina (Linnaeus, 1758)",2498255,Aythya ferina,Animalia,Aves,Anseriformes,Anatidae,Aythya,SPECIES,ACCEPTED,2015-01-15,2015,1,15,47.120045,8.184954,,CH,HUMAN_OBSERVATION,PRESENT,"['CONTINENT_DERIVED_FROM_COORDINATES', 'TAXON_CONCEPT_ID_NOT_FOUND']",
1346075865,4fa7b334-ce0d-4e88-aaae-2e0c138d049e,2026-07-18T18:00:41.745+00:00,"Passer domesticus (Linnaeus, 1758)",5231190,Passer domesticus,Animalia,Aves,Passeriformes,Passeridae,Passer,SPECIES,ACCEPTED,2015-01-15,2015,1,15,47.120045,8.184954,,CH,HUMAN_OBSERVATION,PRESENT,"['CONTINENT_DERIVED_FROM_COORDINATES', 'TAXON_CONCEPT_ID_NOT_FOUND']",
1346075867,4fa7b334-ce0d-4e88-aaae-2e0c138d049e,2026-07-18T18:04:29.126+00:00,"Chloris chloris (Linnaeus, 1758)",5845582,Chloris chloris,Animalia,Aves,Passeriformes,Fringillidae,Chloris,SPECIES,ACCEPTED,2015-01-15,2015,1,15,47.120045,8.184954,,CH,HUMAN_OBSERVATION,PRESENT,"['CONTINENT_DERIVED_FROM_COORDINATES', 'TAXON_CONCEPT_ID_NOT_FOUND']",
1346075868,4fa7b334-ce0d-4e88-aaae-2e0c138d049e,2026-07-18T17:59:13.164+00:00,"Aythya fuligula (Linnaeus, 1758)",2498261,Aythya fuligula,Animalia,Aves,Anseriformes,Anatidae,Aythya,SPECIES,ACCEPTED,2015-01-15,2015,1,15,47.120045,8.184954,,CH,HUMAN_OBSERVATION,PRESENT,"['CONTINENT_DERIVED_FROM_COORDINATES', 'TAXON_CONCEPT_ID_NOT_FOUND']",
1346075874,4fa7b334-ce0d-4e88-aaae-2e0c138d049e,2026-07-18T18:04:20.951+00:00,"Podiceps cristatus (Linnaeus, 1758)",2482054,Podiceps cristatus,Animalia,Aves,Podicipediformes,Podicipedidae,Podiceps,SPECIES,ACCEPTED,2015-01-15,2015,1,15,47.120045,8.184954,,CH,HUMAN_OBSERVATION,PRESENT,"['CONTINENT_DERIVED_FROM_COORDINATES', 'TAXON_CONCEPT_ID_NOT_FOUND']",
1346075898,4fa7b334-ce0d-4e88-aaae-2e0c138d049e,2026-07-18T18:04:16.389+00:00,"Fulica atra Linnaeus, 1758",2474377,Fulica atra,Animalia,Aves,Gruiformes,Rallidae,Fulica,SPECIES,ACCEPTED,2015-01-15,2015,1,15,47.120045,8.184954,,CH,HUMAN_OBSERVATION,PRESENT,"['CONTINENT_DERIVED_FROM_COORDINATES', 'TAXON_CONCEPT_ID_NOT_FOUND']",
1346189600,4fa7b334-ce0d-4e88-aaae-2e0c138d049e,2026-07-18T18:06:17.899+00:00,"Sitta europaea Linnaeus, 1758",2484916,Sitta europaea,Animalia,Aves,Passeriformes,Sittidae,Sitta,SPECIES,ACCEPTED,2015-01-17,2015,1,17,46.232445,6.236501,,CH,HUMAN_OBSERVATION,PRESENT,"['COORDINATE_ROUNDED', 'CONTINENT_DERIVED_FROM_COORDINATES', 'TAXON_CONCEPT_ID_NOT_FOUND']",
1346189601,4fa7b334-ce0d-4e88-aaae-2e0c138d049e,2026-07-18T18:01:23.036+00:00,"Falco tinnunculus Linnaeus, 1758",9616058,Falco tinnunculus,Animalia,Aves,Falconiformes,Falconidae,Falco,SPECIES,ACCEPTED,2015-01-17,2015,1,17,46.232445,6.236501,,CH,HUMAN_OBSERVATION,PRESENT,"['COORDINATE_ROUNDED', 'CONTINENT_DERIVED_FROM_COORDINATES', 'TAXON_CONCEPT_ID_NOT_FOUND']",
1346189614,4fa7b334-ce0d-4e88-aaae-2e0c138d049e,2026-07-18T18:02:19.831+00:00,"Corvus corone Linnaeus, 1758",9409796,Corvus corone,Animalia,Aves,Passeriformes,Corvidae,Corvus,SPECIES,ACCEPTED,2015-01-17,2015,1,17,46.232445,6.236501,,CH,HUMAN_OBSERVATION,PRESENT,"['COORDINATE_ROUNDED', 'CONTINENT_DERIVED_FROM_COORDINATES', 'TAXON_CONCEPT_ID_NOT_FOUND']",
1346189616,4fa7b334-ce0d-4e88-aaae-2e0c138d049e,2026-07-18T18:04:23.840+00:00,"Garrulus glandarius (Linnaeus, 1758)",5229493,Garrulus glandarius,Animalia,Aves,Passeriformes,Corvidae,Garrulus,SPECIES,ACCEPTED,2015-01-17,2015,1,17,46.232445,6.236501,,CH,HUMAN_OBSERVATION,PRESENT,"['COORDINATE_ROUNDED', 'CONTINENT_DERIVED_FROM_COORDINATES', 'TAXON_CONCEPT_ID_NOT_FOUND']",
1346189617,4fa7b334-ce0d-4e88-aaae-2e0c138d049e,2026-07-18T18:04:38.344+00:00,"Anthus spinoletta (Linnaeus, 1758)",2490255,Anthus spinoletta,Animalia,Aves,Passeriformes,Motacillidae,Anthus,SPECIES,ACCEPTED,2015-01-17,2015,1,17,46.232445,6.236501,,CH,HUMAN_OBSERVATION,PRESENT,"['COORDINATE_ROUNDED', 'CONTINENT_DERIVED_FROM_COORDINATES', 'TAXON_CONCEPT_ID_NOT_FOUND']",
1346189620,4fa7b334-ce0d-4e88-aaae-2e0c138d049e,2026-07-18T18:03:54.530+00:00,"Tachybaptus ruficollis (Pallas, 1764)",2482048,Tachybaptus ruficollis,Animalia,Aves,Podicipediformes,Podicipedidae,Tachybaptus,SPECIES,ACCEPTED,2015-01-17,2015,1,17,46.232445,6.236501,,CH,HUMAN_OBSERVATION,PRESENT,"['COORDINATE_ROUNDED', 'CONTINENT_DERIVED_FROM_COORDINATES', 'TAXON_CONCEPT_ID_NOT_FOUND']",
1346189644,4fa7b334-ce0d-4e88-aaae-2e0c138d049e,2026-07-18T18:05:12.153+00:00,"Alcedo atthis (Linnaeus, 1758)",2475532,Alcedo atthis,Animalia,Aves,Coraciiformes,Alcedinidae,Alcedo,SPECIES,ACCEPTED,2015-01-17,2015,1,17,46.232445,6.236501,,CH,HUMAN_OBSERVATION,PRESENT,"['COORDINATE_ROUNDED', 'CONTINENT_DERIVED_FROM_COORDINATES', 'TAXON_CONCEPT_ID_NOT_FOUND']",
1346189647,4fa7b334-ce0d-4e88-aaae-2e0c138d049e,2026-07-18T18:01:34.335+00:00,"Gallinula chloropus (Linnaeus, 1758)",5228199,Gallinula chloropus,Animalia,Aves,Gruiformes,Rallidae,Gallinula,SPECIES,ACCEPTED,2015-01-17,2015,1,17,46.232445,6.236501,,CH,HUMAN_OBSERVATION,PRESENT,"['COORDINATE_ROUNDED', 'CONTINENT_DERIVED_FROM_COORDINATES', 'TAXON_CONCEPT_ID_NOT_FOUND']",
1346189653,4fa7b334-ce0d-4e88-aaae-2e0c138d049e,2026-07-18T18:00:31.473+00:00,"Poecile palustris (Linnaeus, 1758)",2487843,Poecile palustris,Animalia,Aves,Passeriformes,Paridae,Poecile,SPECIES,ACCEPTED,2015-01-17,2015,1,17,46.232445,6.236501,,CH,HUMAN_OBSERVATION,PRESENT,"['COORDINATE_ROUNDED', 'CONTINENT_DERIVED_FROM_COORDINATES', 'TAXON_CONCEPT_ID_NOT_FOUND']",
1346189654,4fa7b334-ce0d-4e88-aaae-2e0c138d049e,2026-07-18T18:02:50.790+00:00,"Emberiza schoeniclus (Linnaeus, 1758)",2491557,Emberiza schoeniclus,Animalia,Aves,Passeriformes,Emberizidae,Emberiza,SPECIES,ACCEPTED,2015-01-17,2015,1,17,46.232445,6.236501,,CH,HUMAN_OBSERVATION,PRESENT,"['COORDINATE_ROUNDED', 'CONTINENT_DERIVED_FROM_COORDINATES', 'TAXON_CONCEPT_ID_NOT_FOUND']",
1346189656,4fa7b334-ce0d-4e88-aaae-2e0c138d049e,2026-07-18T18:03:52.260+00:00,"Cyanistes caeruleus (Linnaeus, 1758)",2487879,Cyanistes caeruleus,Animalia,Aves,Passeriformes,Paridae,Cyanistes,SPECIES,ACCEPTED,2015-01-17,2015,1,17,46.232445,6.236501,,CH,HUMAN_OBSERVATION,PRESENT,"['COORDINATE_ROUNDED', 'CONTINENT_DERIVED_FROM_COORDINATES', 'TAXON_CONCEPT_ID_NOT_FOUND']",
1346189657,4fa7b334-ce0d-4e88-aaae-2e0c138d049e,2026-07-18T17:59:14.017+00:00,"Columba palumbus Linnaeus, 1758",2495455,Columba palumbus,Animalia,Aves,Columbiformes,Columbidae,Columba,SPECIES,ACCEPTED,2015-01-17,2015,1,17,46.232445,6.236501,,CH,HUMAN_OBSERVATION,PRESENT,"['COORDINATE_ROUNDED', 'CONTINENT_DERIVED_FROM_COORDINATES', 'TAXON_CONCEPT_ID_NOT_FOUND']",
1346189661,4fa7b334-ce0d-4e88-aaae-2e0c138d049e,2026-07-18T18:00:46.684+00:00,"Anas platyrhynchos Linnaeus, 1758",9761484,Anas platyrhynchos,Animalia,Aves,Anseriformes,Anatidae,Anas,SPECIES,ACCEPTED,2015-01-17,2015,1,17,46.232445,6.236501,,CH,HUMAN_OBSERVATION,PRESENT,"['COORDINATE_ROUNDED', 'CONTINENT_DERIVED_FROM_COORDINATES', 'TAXON_CONCEPT_ID_NOT_FOUND']",
1346189662,4fa7b334-ce0d-4e88-aaae-2e0c138d049e,2026-07-18T18:04:15.109+00:00,"Saxicola rubicola (Linnaeus, 1766)",4408759,Saxicola rubicola,Animalia,Aves,Passeriformes,Muscicapidae,Saxicola,SPECIES,ACCEPTED,2015-01-17,2015,1,17,46.232445,6.236501,,CH,HUMAN_OBSERVATION,PRESENT,"['COORDINATE_ROUNDED', 'CONTINENT_DERIVED_FROM_COORDINATES', 'TAXON_CONCEPT_ID_NOT_FOUND']",
1346189669,4fa7b334-ce0d-4e88-aaae-2e0c138d049e,2026-07-18T18:02:40.375+00:00,"Rallus aquaticus Linnaeus, 1758",2474831,Rallus aquaticus,Animalia,Aves,Gruiformes,Rallidae,Rallus,SPECIES,ACCEPTED,2015-01-17,2015,1,17,46.232445,6.236501,,CH,HUMAN_OBSERVATION,PRESENT,"['COORDINATE_ROUNDED', 'CONTINENT_DERIVED_FROM_COORDINATES', 'TAXON_CONCEPT_ID_NOT_FOUND']",
1346189670,4fa7b334-ce0d-4e88-aaae-2e0c138d049e,2026-07-18T18:00:26.246+00:00,"Fulica atra Linnaeus, 1758",2474377,Fulica atra,Animalia,Aves,Gruiformes,Rallidae,Fulica,SPECIES,ACCEPTED,2015-01-17,2015,1,17,46.232445,6.236501,,CH,HUMAN_OBSERVATION,PRESENT,"['COORDINATE_ROUNDED', 'CONTINENT_DERIVED_FROM_COORDINATES', 'TAXON_CONCEPT_ID_NOT_FOUND']",
1346189671,4fa7b334-ce0d-4e88-aaae-2e0c138d049e,2026-07-18T18:02:36.706+00:00,"Pica pica (Linnaeus, 1758)",5229490,Pica pica,Animalia,Aves,Passeriformes,Corvidae,Pica,SPECIES,ACCEPTED,2015-01-17,2015,1,17,46.232445,6.236501,,CH,HUMAN_OBSERVATION,PRESENT,"['COORDINATE_ROUNDED', 'CONTINENT_DERIVED_FROM_COORDINATES', 'TAXON_CONCEPT_ID_NOT_FOUND']",
1346189672,4fa7b334-ce0d-4e88-aaae-2e0c138d049e,2026-07-18T18:04:45.238+00:00,"Parus major Linnaeus, 1758",9705453,Parus major,Animalia,Aves,Passeriformes,Paridae,Parus,SPECIES,ACCEPTED,2015-01-17,2015,1,17,46.232445,6.236501,,CH,HUMAN_OBSERVATION,PRESENT,"['COORDINATE_ROUNDED', 'CONTINENT_DERIVED_FROM_COORDINATES', 'TAXON_CONCEPT_ID_NOT_FOUND']",
1346189678,4fa7b334-ce0d-4e88-aaae-2e0c138d049e,2026-07-18T18:01:40.073+00:00,"Anas crecca Linnaeus, 1758",8214667,Anas crecca,Animalia,Aves,Anseriformes,Anatidae,Anas,SPECIES,ACCEPTED,2015-01-17,2015,1,17,46.232445,6.236501,,CH,HUMAN_OBSERVATION,PRESENT,"['COORDINATE_ROUNDED', 'CONTINENT_DERIVED_FROM_COORDINATES', 'TAXON_CONCEPT_ID_NOT_FOUND']",
1346189679,4fa7b334-ce0d-4e88-aaae-2e0c138d049e,2026-07-18T18:04:25.151+00:00,"Anas acuta Linnaeus, 1758",2498112,Anas acuta,Animalia,Aves,Anseriformes,Anatidae,Anas,SPECIES,ACCEPTED,2015-01-17,2015,1,17,46.232445,6.236501,,CH,HUMAN_OBSERVATION,PRESENT,"['COORDINATE_ROUNDED', 'CONTINENT_DERIVED_FROM_COORDINATES', 'TAXON_CONCEPT_ID_NOT_FOUND']",
1346189682,4fa7b334-ce0d-4e88-aaae-2e0c138d049e,2026-07-18T18:03:56.171+00:00,"Ardea cinerea Linnaeus, 1758",9797180,Ardea cinerea,Animalia,Aves,Pelecaniformes,Ardeidae,Ardea,SPECIES,ACCEPTED,2015-01-17,2015,1,17,46.232445,6.236501,,CH,HUMAN_OBSERVATION,PRESENT,"['COORDINATE_ROUNDED', 'CONTINENT_DERIVED_FROM_COORDINATES', 'TAXON_CONCEPT_ID_NOT_FOUND']",
1346189688,4fa7b334-ce0d-4e88-aaae-2e0c138d049e,2026-07-18T18:00:27.864+00:00,"Spatula clypeata (Linnaeus, 1758)",8332393,Spatula clypeata,Animalia,Aves,Anseriformes,Anatidae,Spatula,SPECIES,ACCEPTED,2015-01-17,2015,1,17,46.232445,6.236501,,CH,HUMAN_OBSERVATION,PRESENT,"['COORDINATE_ROUNDED', 'CONTINENT_DERIVED_FROM_COORDINATES', 'TAXON_CONCEPT_ID_NOT_FOUND']",
1346189694,4fa7b334-ce0d-4e88-aaae-2e0c138d049e,2026-07-18T17:59:46.990+00:00,"Sturnus vulgaris Linnaeus, 1758",9809229,Sturnus vulgaris,Animalia,Aves,Passeriformes,Sturnidae,Sturnus,SPECIES,ACCEPTED,2015-01-17,2015,1,17,46.232445,6.236501,,CH,HUMAN_OBSERVATION,PRESENT,"['COORDINATE_ROUNDED', 'CONTINENT_DERIVED_FROM_COORDINATES', 'TAXON_CONCEPT_ID_NOT_FOUND']",
1346189698,4fa7b334-ce0d-4e88-aaae-2e0c138d049e,2026-07-18T18:02:47.550+00:00,"Mareca penelope (Linnaeus, 1758)",8000602,Mareca penelope,Animalia,Aves,Anseriformes,Anatidae,Mareca,SPECIES,ACCEPTED,2015-01-17,2015,1,17,46.232445,6.236501,,CH,HUMAN_OBSERVATION,PRESENT,"['COORDINATE_ROUNDED', 'CONTINENT_DERIVED_FROM_COORDINATES', 'TAXON_CONCEPT_ID_NOT_FOUND']",
1346189711,4fa7b334-ce0d-4e88-aaae-2e0c138d049e,2026-07-18T18:02:20.181+00:00,"Turdus pilaris Linnaeus, 1758",2490737,Turdus pilaris,Animalia,Aves,Passeriformes,Turdidae,Turdus,SPECIES,ACCEPTED,2015-01-17,2015,1,17,46.232445,6.236501,,CH,HUMAN_OBSERVATION,PRESENT,"['COORDINATE_ROUNDED', 'CONTINENT_DERIVED_FROM_COORDINATES', 'TAXON_CONCEPT_ID_NOT_FOUND']",
1346189730,4fa7b334-ce0d-4e88-aaae-2e0c138d049e,2026-07-18T18:04:31.172+00:00,"Mareca strepera (Linnaeus, 1758)",9362027,Mareca strepera,Animalia,Aves,Anseriformes,Anatidae,Mareca,SPECIES,ACCEPTED,2015-01-17,2015,1,17,46.232445,6.236501,,CH,HUMAN_OBSERVATION,PRESENT,"['COORDINATE_ROUNDED', 'CONTINENT_DERIVED_FROM_COORDINATES', 'TAXON_CONCEPT_ID_NOT_FOUND']",
1346190821,4fa7b334-ce0d-4e88-aaae-2e0c138d049e,2026-07-18T18:05:38.383+00:00,"Turdus merula Linnaeus, 1758",2490719,Turdus merula,Animalia,Aves,Passeriformes,Turdidae,Turdus,SPECIES,ACCEPTED,2015-01-01,2015,1,1,46.290833,6.134582,,CH,HUMAN_OBSERVATION,PRESENT,"['CONTINENT_DERIVED_FROM_COORDINATES', 'TAXON_CONCEPT_ID_NOT_FOUND']",
1346190831,4fa7b334-ce0d-4e88-aaae-2e0c138d049e,2026-07-18T18:05:03.030+00:00,"Parus major Linnaeus, 1758",9705453,Parus major,Animalia,Aves,Passeriformes,Paridae,Parus,SPECIES,ACCEPTED,2015-01-01,2015,1,1,46.290833,6.134582,,CH,HUMAN_OBSERVATION,PRESENT,"['CONTINENT_DERIVED_FROM_COORDINATES', 'TAXON_CONCEPT_ID_NOT_FOUND']",
1346190849,4fa7b334-ce0d-4e88-aaae-2e0c138d049e,2026-07-18T18:02:55.402+00:00,"Buteo buteo (Linnaeus, 1758)",2480537,Buteo buteo,Animalia,Aves,Accipitriformes,Accipitridae,Buteo,SPECIES,ACCEPTED,2015-01-01,2015,1,1,46.290833,6.134582,,CH,HUMAN_OBSERVATION,PRESENT,"['CONTINENT_DERIVED_FROM_COORDINATES', 'TAXON_CONCEPT_ID_NOT_FOUND']",
1346190861,4fa7b334-ce0d-4e88-aaae-2e0c138d049e,2026-07-18T18:03:36.671+00:00,"Garrulus glandarius (Linnaeus, 1758)",5229493,Garrulus glandarius,Animalia,Aves,Passeriformes,Corvidae,Garrulus,SPECIES,ACCEPTED,2015-01-01,2015,1,1,46.290833,6.134582,,CH,HUMAN_OBSERVATION,PRESENT,"['CONTINENT_DERIVED_FROM_COORDINATES', 'TAXON_CONCEPT_ID_NOT_FOUND']",
1346190865,4fa7b334-ce0d-4e88-aaae-2e0c138d049e,2026-07-18T18:02:54.341+00:00,"Corvus corone Linnaeus, 1758",9409796,Corvus corone,Animalia,Aves,Passeriformes,Corvidae,Corvus,SPECIES,ACCEPTED,2015-01-01,2015,1,1,46.290833,6.134582,,CH,HUMAN_OBSERVATION,PRESENT,"['CONTINENT_DERIVED_FROM_COORDINATES', 'TAXON_CONCEPT_ID_NOT_FOUND']",
1346190867,4fa7b334-ce0d-4e88-aaae-2e0c138d049e,2026-07-18T18:01:15.691+00:00,"Aegithalos caudatus (Linnaeus, 1758)",2495000,Aegithalos caudatus,Animalia,Aves,Passeriformes,Aegithalidae,Aegithalos,SPECIES,PROVISIONALLY_ACCEPTED,2015-01-01,2015,1,1,46.290833,6.134582,,CH,HUMAN_OBSERVATION,PRESENT,"['CONTINENT_DERIVED_FROM_COORDINATES', 'TAXON_CONCEPT_ID_NOT_FOUND']",
1346190870,4fa7b334-ce0d-4e88-aaae-2e0c138d049e,2026-07-18T17:58:53.069+00:00,"Troglodytes troglodytes (Linnaeus, 1758)",5231438,Troglodytes troglodytes,Animalia,Aves,Passeriformes,Troglodytidae,Troglodytes,SPECIES,ACCEPTED,2015-01-01,2015,1,1,46.290833,6.134582,,CH,HUMAN_OBSERVATION,PRESENT,"['CONTINENT_DERIVED_FROM_COORDINATES', 'TAXON_CONCEPT_ID_NOT_FOUND']",
1346190885,4fa7b334-ce0d-4e88-aaae-2e0c138d049e,2026-07-18T18:02:10.339+00:00,"Columba palumbus Linnaeus, 1758",2495455,Columba palumbus,Animalia,Aves,Columbiformes,Columbidae,Columba,SPECIES,ACCEPTED,2015-01-01,2015,1,1,46.290833,6.134582,,CH,HUMAN_OBSERVATION,PRESENT,"['CONTINENT_DERIVED_FROM_COORDINATES', 'TAXON_CONCEPT_ID_NOT_FOUND']",
1346190886,4fa7b334-ce0d-4e88-aaae-2e0c138d049e,2026-07-18T18:05:20.589+00:00,"Certhia brachydactyla C.L.Brehm, 1820",7806848,Certhia brachydactyla,Animalia,Aves,Passeriformes,Certhiidae,Certhia,SPECIES,ACCEPTED,2015-01-01,2015,1,1,46.290833,6.134582,,CH,HUMAN_OBSERVATION,PRESENT,"['CONTINENT_DERIVED_FROM_COORDINATES', 'TAXON_CONCEPT_ID_NOT_FOUND']",
1346190887,4fa7b334-ce0d-4e88-aaae-2e0c138d049e,2026-07-18T18:03:09.247+00:00,"Spinus spinus (Linnaeus, 1758)",6092830,Spinus spinus,Animalia,Aves,Passeriformes,Fringillidae,Spinus,SPECIES,ACCEPTED,2015-01-01,2015,1,1,46.290833,6.134582,,CH,HUMAN_OBSERVATION,PRESENT,"['CONTINENT_DERIVED_FROM_COORDINATES', 'TAXON_CONCEPT_ID_NOT_FOUND']",
1346190890,4fa7b334-ce0d-4e88-aaae-2e0c138d049e,2026-07-18T17:59:46.140+00:00,"Erithacus rubecula (Linnaeus, 1758)",2492462,Erithacus rubecula,Animalia,Aves,Passeriformes,Muscicapidae,Erithacus,SPECIES,ACCEPTED,2015-01-01,2015,1,1,46.290833,6.134582,,CH,HUMAN_OBSERVATION,PRESENT,"['CONTINENT_DERIVED_FROM_COORDINATES', 'TAXON_CONCEPT_ID_NOT_FOUND']",
1346190895,4fa7b334-ce0d-4e88-aaae-2e0c138d049e,2026-07-18T18:06:19.147+00:00,"Falco tinnunculus Linnaeus, 1758",9616058,Falco tinnunculus,Animalia,Aves,Falconiformes,Falconidae,Falco,SPECIES,ACCEPTED,2015-01-01,2015,1,1,46.290833,6.134582,,CH,HUMAN_OBSERVATION,PRESENT,"['CONTINENT_DERIVED_FROM_COORDINATES', 'TAXON_CONCEPT_ID_NOT_FOUND']",
1346190896,4fa7b334-ce0d-4e88-aaae-2e0c138d049e,2026-07-18T17:59:17.387+00:00,"Cyanistes caeruleus (Linnaeus, 1758)",2487879,Cyanistes caeruleus,Animalia,Aves,Passeriformes,Paridae,Cyanistes,SPECIES,ACCEPTED,2015-01-01,2015,1,1,46.290833,6.134582,,CH,HUMAN_OBSERVATION,PRESENT,"['CONTINENT_DERIVED_FROM_COORDINATES', 'TAXON_CONCEPT_ID_NOT_FOUND']",
1346190910,4fa7b334-ce0d-4e88-aaae-2e0c138d049e,2026-07-18T18:01:10.250+00:00,"Poecile palustris (Linnaeus, 1758)",2487843,Poecile palustris,Animalia,Aves,Passeriformes,Paridae,Poecile,SPECIES,ACCEPTED,2015-01-01,2015,1,1,46.290833,6.134582,,CH,HUMAN_OBSERVATION,PRESENT,"['CONTINENT_DERIVED_FROM_COORDINATES', 'TAXON_CONCEPT_ID_NOT_FOUND']",
1346190921,4fa7b334-ce0d-4e88-aaae-2e0c138d049e,2026-07-18T18:06:07.545+00:00,"Sitta europaea Linnaeus, 1758",2484916,Sitta europaea,Animalia,Aves,Passeriformes,Sittidae,Sitta,SPECIES,ACCEPTED,2015-01-01,2015,1,1,46.290833,6.134582,,CH,HUMAN_OBSERVATION,PRESENT,"['CONTINENT_DERIVED_FROM_COORDINATES', 'TAXON_CONCEPT_ID_NOT_FOUND']",
1346190922,4fa7b334-ce0d-4e88-aaae-2e0c138d049e,2026-07-18T18:03:05.015+00:00,"Turdus philomelos C.L.Brehm, 1831",7901064,Turdus philomelos,Animalia,Aves,Passeriformes,Turdidae,Turdus,SPECIES,ACCEPTED,2015-01-01,2015,1,1,46.290833,6.134582,,CH,HUMAN_OBSERVATION,PRESENT,"['CONTINENT_DERIVED_FROM_COORDINATES', 'TAXON_CONCEPT_ID_NOT_FOUND']",
1346192020,4fa7b334-ce0d-4e88-aaae-2e0c138d049e,2026-07-18T18:01:09.714+00:00,"Fulica atra Linnaeus, 1758",2474377,Fulica atra,Animalia,Aves,Gruiformes,Rallidae,Fulica,SPECIES,ACCEPTED,2015-01-17,2015,1,17,46.193726,6.046183,,CH,HUMAN_OBSERVATION,PRESENT,"['CONTINENT_DERIVED_FROM_COORDINATES', 'TAXON_CONCEPT_ID_NOT_FOUND']",
1346192038,4fa7b334-ce0d-4e88-aaae-2e0c138d049e,2026-07-18T18:05:37.571+00:00,"Chroicocephalus ridibundus (Linnaeus, 1766)",6065824,Chroicocephalus ridibundus,Animalia,Aves,Charadriiformes,Laridae,Chroicocephalus,SPECIES,ACCEPTED,2015-01-17,2015,1,17,46.193726,6.046183,,CH,HUMAN_OBSERVATION,PRESENT,"['CONTINENT_DERIVED_FROM_COORDINATES', 'TAXON_CONCEPT_ID_NOT_FOUND']",
1346192057,4fa7b334-ce0d-4e88-aaae-2e0c138d049e,2026-07-18T18:02:38.426+00:00,"Alcedo atthis (Linnaeus, 1758)",2475532,Alcedo atthis,Animalia,Aves,Coraciiformes,Alcedinidae,Alcedo,SPECIES,ACCEPTED,2015-01-17,2015,1,17,46.193726,6.046183,,CH,HUMAN_OBSERVATION,PRESENT,"['CONTINENT_DERIVED_FROM_COORDINATES', 'TAXON_CONCEPT_ID_NOT_FOUND']",
1346192060,4fa7b334-ce0d-4e88-aaae-2e0c138d049e,2026-07-18T17:58:49.687+00:00,"Gallinula chloropus (Linnaeus, 1758)",5228199,Gallinula chloropus,Animalia,Aves,Gruiformes,Rallidae,Gallinula,SPECIES,ACCEPTED,2015-01-17,2015,1,17,46.193726,6.046183,,CH,HUMAN_OBSERVATION,PRESENT,"['CONTINENT_DERIVED_FROM_COORDINATES', 'TAXON_CONCEPT_ID_NOT_FOUND']",
1346192075,4fa7b334-ce0d-4e88-aaae-2e0c138d049e,2026-07-18T18:04:15.340+00:00,"Mareca penelope (Linnaeus, 1758)",8000602,Mareca penelope,Animalia,Aves,Anseriformes,Anatidae,Mareca,SPECIES,ACCEPTED,2015-01-17,2015,1,17,46.193726,6.046183,,CH,HUMAN_OBSERVATION,PRESENT,"['CONTINENT_DERIVED_FROM_COORDINATES', 'TAXON_CONCEPT_ID_NOT_FOUND']",
1346192077,4fa7b334-ce0d-4e88-aaae-2e0c138d049e,2026-07-18T18:00:30.726+00:00,"Turdus merula Linnaeus, 1758",2490719,Turdus merula,Animalia,Aves,Passeriformes,Turdidae,Turdus,SPECIES,ACCEPTED,2015-01-17,2015,1,17,46.193726,6.046183,,CH,HUMAN_OBSERVATION,PRESENT,"['CONTINENT_DERIVED_FROM_COORDINATES', 'TAXON_CONCEPT_ID_NOT_FOUND']",
1346192114,4fa7b334-ce0d-4e88-aaae-2e0c138d049e,2026-07-18T18:06:02.971+00:00,"Aythya ferina (Linnaeus, 1758)",2498255,Aythya ferina,Animalia,Aves,Anseriformes,Anatidae,Aythya,SPECIES,ACCEPTED,2015-01-17,2015,1,17,46.193726,6.046183,,CH,HUMAN_OBSERVATION,PRESENT,"['CONTINENT_DERIVED_FROM_COORDINATES', 'TAXON_CONCEPT_ID_NOT_FOUND']",
1346193142,4fa7b334-ce0d-4e88-aaae-2e0c138d049e,2026-07-18T18:02:25.284+00:00,"Phalacrocorax carbo (Linnaeus, 1758)",2481890,Phalacrocorax carbo,Animalia,Aves,Suliformes,Phalacrocoracidae,Phalacrocorax,SPECIES,ACCEPTED,2015-01-17,2015,1,17,46.193726,6.046183,,CH,HUMAN_OBSERVATION,PRESENT,"['CONTINENT_DERIVED_FROM_COORDINATES', 'TAXON_CONCEPT_ID_NOT_FOUND']",
1346193144,4fa7b334-ce0d-4e88-aaae-2e0c138d049e,2026-07-18T17:59:44.336+00:00,"Parus major Linnaeus, 1758",9705453,Parus major,Animalia,Aves,Passeriformes,Paridae,Parus,SPECIES,ACCEPTED,2015-01-17,2015,1,17,46.193726,6.046183,,CH,HUMAN_OBSERVATION,PRESENT,"['CONTINENT_DERIVED_FROM_COORDINATES', 'TAXON_CONCEPT_ID_NOT_FOUND']",
1346193156,4fa7b334-ce0d-4e88-aaae-2e0c138d049e,2026-07-18T18:00:10.230+00:00,"Aythya fuligula (Linnaeus, 1758)",2498261,Aythya fuligula,Animalia,Aves,Anseriformes,Anatidae,Aythya,SPECIES,ACCEPTED,2015-01-17,2015,1,17,46.193726,6.046183,,CH,HUMAN_OBSERVATION,PRESENT,"['CONTINENT_DERIVED_FROM_COORDINATES', 'TAXON_CONCEPT_ID_NOT_FOUND']",
1346193157,4fa7b334-ce0d-4e88-aaae-2e0c138d049e,2026-07-18T18:02:59.599+00:00,"Larus michahellis J.F.Naumann, 1840",9413670,Larus michahellis,Animalia,Aves,Charadriiformes,Laridae,Larus,SPECIES,ACCEPTED,2015-01-17,2015,1,17,46.193726,6.046183,,CH,HUMAN_OBSERVATION,PRESENT,"['CONTINENT_DERIVED_FROM_COORDINATES', 'TAXON_CONCEPT_ID_NOT_FOUND']",
1346193170,4fa7b334-ce0d-4e88-aaae-2e0c138d049e,2026-07-18T18:00:56.769+00:00,"Aegithalos caudatus (Linnaeus, 1758)",2495000,Aegithalos caudatus,Animalia,Aves,Passeriformes,Aegithalidae,Aegithalos,SPECIES,PROVISIONALLY_ACCEPTED,2015-01-17,2015,1,17,46.193726,6.046183,,CH,HUMAN_OBSERVATION,PRESENT,"['CONTINENT_DERIVED_FROM_COORDINATES', 'TAXON_CONCEPT_ID_NOT_FOUND']",
1346193175,4fa7b334-ce0d-4e88-aaae-2e0c138d049e,2026-07-18T18:01:15.676+00:00,"Larus canus Linnaeus, 1758",7982160,Larus canus,Animalia,Aves,Charadriiformes,Laridae,Larus,SPECIES,ACCEPTED,2015-01-17,2015,1,17,46.193726,6.046183,,CH,HUMAN_OBSERVATION,PRESENT,"['CONTINENT_DERIVED_FROM_COORDINATES', 'TAXON_CONCEPT_ID_NOT_FOUND']",
1346193178,4fa7b334-ce0d-4e88-aaae-2e0c138d049e,2026-07-18T18:03:56.449+00:00,"Anas platyrhynchos Linnaeus, 1758",9761484,Anas platyrhynchos,Animalia,Aves,Anseriformes,Anatidae,Anas,SPECIES,ACCEPTED,2015-01-17,2015,1,17,46.193726,6.046183,,CH,HUMAN_OBSERVATION,PRESENT,"['CONTINENT_DERIVED_FROM_COORDINATES', 'TAXON_CONCEPT_ID_NOT_FOUND']",
1346193189,4fa7b334-ce0d-4e88-aaae-2e0c138d049e,2026-07-18T18:04:33.679+00:00,"Cygnus olor (J.F.Gmelin, 1789)",2498343,Cygnus olor,Animalia,Aves,Anseriformes,Anatidae,Cygnus,SPECIES,ACCEPTED,2015-01-17,2015,1,17,46.193726,6.046183,,CH,HUMAN_OBSERVATION,PRESENT,"['CONTINENT_DERIVED_FROM_COORDINATES', 'TAXON_CONCEPT_ID_NOT_FOUND']",
1346193197,4fa7b334-ce0d-4e88-aaae-2e0c138d049e,2026-07-18T18:03:37.690+00:00,"Tachybaptus ruficollis (Pallas, 1764)",2482048,Tachybaptus ruficollis,Animalia,Aves,Podicipediformes,Podicipedidae,Tachybaptus,SPECIES,ACCEPTED,2015-01-17,2015,1,17,46.193726,6.046183,,CH,HUMAN_OBSERVATION,PRESENT,"['CONTINENT_DERIVED_FROM_COORDINATES', 'TAXON_CONCEPT_ID_NOT_FOUND']",
1346193204,4fa7b334-ce0d-4e88-aaae-2e0c138d049e,2026-07-18T18:03:06.961+00:00,"Mareca strepera (Linnaeus, 1758)",9362027,Mareca strepera,Animalia,Aves,Anseriformes,Anatidae,Mareca,SPECIES,ACCEPTED,2015-01-17,2015,1,17,46.193726,6.046183,,CH,HUMAN_OBSERVATION,PRESENT,"['CONTINENT_DERIVED_FROM_COORDINATES', 'TAXON_CONCEPT_ID_NOT_FOUND']",
1346193237,4fa7b334-ce0d-4e88-aaae-2e0c138d049e,2026-07-18T18:05:27.155+00:00,"Podiceps cristatus (Linnaeus, 1758)",2482054,Podiceps cristatus,Animalia,Aves,Podicipediformes,Podicipedidae,Podiceps,SPECIES,ACCEPTED,2015-01-17,2015,1,17,46.193726,6.046183,,CH,HUMAN_OBSERVATION,PRESENT,"['CONTINENT_DERIVED_FROM_COORDINATES', 'TAXON_CONCEPT_ID_NOT_FOUND']",
1346193242,4fa7b334-ce0d-4e88-aaae-2e0c138d049e,2026-07-18T18:04:27.659+00:00,"Aythya ferina (Linnaeus, 1758)",2498255,Aythya ferina,Animalia,Aves,Anseriformes,Anatidae,Aythya,SPECIES,ACCEPTED,2015-01-17,2015,1,17,46.19426,6.059316,,CH,HUMAN_OBSERVATION,PRESENT,"['CONTINENT_DERIVED_FROM_COORDINATES', 'TAXON_CONCEPT_ID_NOT_FOUND']",
1346193249,4fa7b334-ce0d-4e88-aaae-2e0c138d049e,2026-07-18T18:00:08.409+00:00,"Turdus merula Linnaeus, 1758",2490719,Turdus merula,Animalia,Aves,Passeriformes,Turdidae,Turdus,SPECIES,ACCEPTED,2015-01-17,2015,1,17,46.19426,6.059316,,CH,HUMAN_OBSERVATION,PRESENT,"['CONTINENT_DERIVED_FROM_COORDINATES', 'TAXON_CONCEPT_ID_NOT_FOUND']",
1346193265,4fa7b334-ce0d-4e88-aaae-2e0c138d049e,2026-07-18T18:01:48.567+00:00,"Cyanistes caeruleus (Linnaeus, 1758)",2487879,Cyanistes caeruleus,Animalia,Aves,Passeriformes,Paridae,Cyanistes,SPECIES,ACCEPTED,2015-01-17,2015,1,17,46.19426,6.059316,,CH,HUMAN_OBSERVATION,PRESENT,"['CONTINENT_DERIVED_FROM_COORDINATES', 'TAXON_CONCEPT_ID_NOT_FOUND']",
1346193277,4fa7b334-ce0d-4e88-aaae-2e0c138d049e,2026-07-18T18:00:58.327+00:00,"Mareca strepera (Linnaeus, 1758)",9362027,Mareca strepera,Animalia,Aves,Anseriformes,Anatidae,Mareca,SPECIES,ACCEPTED,2015-01-17,2015,1,17,46.19426,6.059316,,CH,HUMAN_OBSERVATION,PRESENT,"['CONTINENT_DERIVED_FROM_COORDINATES', 'TAXON_CONCEPT_ID_NOT_FOUND']",
1346193304,4fa7b334-ce0d-4e88-aaae-2e0c138d049e,2026-07-18T17:59:51.491+00:00,"Podiceps cristatus (Linnaeus, 1758)",2482054,Podiceps cristatus,Animalia,Aves,Podicipediformes,Podicipedidae,Podiceps,SPECIES,ACCEPTED,2015-01-17,2015,1,17,46.19426,6.059316,,CH,HUMAN_OBSERVATION,PRESENT,"['CONTINENT_DERIVED_FROM_COORDINATES', 'TAXON_CONCEPT_ID_NOT_FOUND']",
1346193315,4fa7b334-ce0d-4e88-aaae-2e0c138d049e,2026-07-18T18:03:24.731+00:00,"Anas crecca Linnaeus, 1758",8214667,Anas crecca,Animalia,Aves,Anseriformes,Anatidae,Anas,SPECIES,ACCEPTED,2015-01-17,2015,1,17,46.19426,6.059316,,CH,HUMAN_OBSERVATION,PRESENT,"['CONTINENT_DERIVED_FROM_COORDINATES', 'TAXON_CONCEPT_ID_NOT_FOUND']",
1346193326,4fa7b334-ce0d-4e88-aaae-2e0c138d049e,2026-07-18T18:04:46.432+00:00,"Phoenicurus ochruros (S.G.Gmelin, 1774)",5739315,Phoenicurus ochruros,Animalia,Aves,Passeriformes,Muscicapidae,Phoenicurus,SPECIES,ACCEPTED,2015-01-17,2015,1,17,46.19426,6.059316,,CH,HUMAN_OBSERVATION,PRESENT,"['CONTINENT_DERIVED_FROM_COORDINATES', 'TAXON_CONCEPT_ID_NOT_FOUND']",
1346193343,4fa7b334-ce0d-4e88-aaae-2e0c138d049e,2026-07-18T18:01:52.391+00:00,"Fulica atra Linnaeus, 1758",2474377,Fulica atra,Animalia,Aves,Gruiformes,Rallidae,Fulica,SPECIES,ACCEPTED,2015-01-17,2015,1,17,46.19426,6.059316,,CH,HUMAN_OBSERVATION,PRESENT,"['CONTINENT_DERIVED_FROM_COORDINATES', 'TAXON_CONCEPT_ID_NOT_FOUND']",
1346194286,4fa7b334-ce0d-4e88-aaae-2e0c138d049e,2026-07-18T18:04:03.552+00:00,"Aythya fuligula (Linnaeus, 1758)",2498261,Aythya fuligula,Animalia,Aves,Anseriformes,Anatidae,Aythya,SPECIES,ACCEPTED,2015-01-17,2015,1,17,46.19426,6.059316,,CH,HUMAN_OBSERVATION,PRESENT,"['CONTINENT_DERIVED_FROM_COORDINATES', 'TAXON_CONCEPT_ID_NOT_FOUND']",
1346194287,4fa7b334-ce0d-4e88-aaae-2e0c138d049e,2026-07-18T18:02:20.181+00:00,"Parus major Linnaeus, 1758",9705453,Parus major,Animalia,Aves,Passeriformes,Paridae,Parus,SPECIES,ACCEPTED,2015-01-17,2015,1,17,46.19426,6.059316,,CH,HUMAN_OBSERVATION,PRESENT,"['CONTINENT_DERIVED_FROM_COORDINATES', 'TAXON_CONCEPT_ID_NOT_FOUND']",
1346194305,4fa7b334-ce0d-4e88-aaae-2e0c138d049e,2026-07-18T18:03:27.989+00:00,"Anas platyrhynchos Linnaeus, 1758",9761484,Anas platyrhynchos,Animalia,Aves,Anseriformes,Anatidae,Anas,SPECIES,ACCEPTED,2015-01-17,2015,1,17,46.19426,6.059316,,CH,HUMAN_OBSERVATION,PRESENT,"['CONTINENT_DERIVED_FROM_COORDINATES', 'TAXON_CONCEPT_ID_NOT_FOUND']",
1346195407,4fa7b334-ce0d-4e88-aaae-2e0c138d049e,2026-07-18T18:04:57.254+00:00,"Phalacrocorax carbo (Linnaeus, 1758)",2481890,Phalacrocorax carbo,Animalia,Aves,Suliformes,Phalacrocoracidae,Phalacrocorax,SPECIES,ACCEPTED,2015-01-17,2015,1,17,46.20292,6.077321,,CH,HUMAN_OBSERVATION,PRESENT,"['CONTINENT_DERIVED_FROM_COORDINATES', 'TAXON_CONCEPT_ID_NOT_FOUND']",
1346195417,4fa7b334-ce0d-4e88-aaae-2e0c138d049e,2026-07-18T18:03:29.737+00:00,"Motacilla alba Linnaeus, 1758",9687165,Motacilla alba,Animalia,Aves,Passeriformes,Motacillidae,Motacilla,SPECIES,ACCEPTED,2015-01-17,2015,1,17,46.20292,6.077321,,CH,HUMAN_OBSERVATION,PRESENT,"['CONTINENT_DERIVED_FROM_COORDINATES', 'TAXON_CONCEPT_ID_NOT_FOUND']",
1346195440,4fa7b334-ce0d-4e88-aaae-2e0c138d049e,2026-07-18T18:02:58.470+00:00,"Parus major Linnaeus, 1758",9705453,Parus major,Animalia,Aves,Passeriformes,Paridae,Parus,SPECIES,ACCEPTED,2015-01-17,2015,1,17,46.20292,6.077321,,CH,HUMAN_OBSERVATION,PRESENT,"['CONTINENT_DERIVED_FROM_COORDINATES', 'TAXON_CONCEPT_ID_NOT_FOUND']",
1346195448,4fa7b334-ce0d-4e88-aaae-2e0c138d049e,2026-07-18T18:00:46.865+00:00,"Ardea cinerea Linnaeus, 1758",9797180,Ardea cinerea,Animalia,Aves,Pelecaniformes,Ardeidae,Ardea,SPECIES,ACCEPTED,2015-01-17,2015,1,17,46.20292,6.077321,,CH,HUMAN_OBSERVATION,PRESENT,"['CONTINENT_DERIVED_FROM_COORDINATES', 'TAXON_CONCEPT_ID_NOT_FOUND']",
1346195451,4fa7b334-ce0d-4e88-aaae-2e0c138d049e,2026-07-18T18:04:46.527+00:00,"Anas platyrhynchos Linnaeus, 1758",9761484,Anas platyrhynchos,Animalia,Aves,Anseriformes,Anatidae,Anas,SPECIES,ACCEPTED,2015-01-17,2015,1,17,46.20292,6.077321,,CH,HUMAN_OBSERVATION,PRESENT,"['CONTINENT_DERIVED_FROM_COORDINATES', 'TAXON_CONCEPT_ID_NOT_FOUND']",
1346195453,4fa7b334-ce0d-4e88-aaae-2e0c138d049e,2026-07-18T18:04:17.047+00:00,"Cygnus olor (J.F.Gmelin, 1789)",2498343,Cygnus olor,Animalia,Aves,Anseriformes,Anatidae,Cygnus,SPECIES,ACCEPTED,2015-01-17,2015,1,17,46.20292,6.077321,,CH,HUMAN_OBSERVATION,PRESENT,"['CONTINENT_DERIVED_FROM_COORDINATES', 'TAXON_CONCEPT_ID_NOT_FOUND']",
1346195466,4fa7b334-ce0d-4e88-aaae-2e0c138d049e,2026-07-18T18:02:25.292+00:00,"Cyanistes caeruleus (Linnaeus, 1758)",2487879,Cyanistes caeruleus,Animalia,Aves,Passeriformes,Paridae,Cyanistes,SPECIES,ACCEPTED,2015-01-17,2015,1,17,46.20292,6.077321,,CH,HUMAN_OBSERVATION,PRESENT,"['CONTINENT_DERIVED_FROM_COORDINATES', 'TAXON_CONCEPT_ID_NOT_FOUND']",
1346195482,4fa7b334-ce0d-4e88-aaae-2e0c138d049e,2026-07-18T18:00:46.913+00:00,"Troglodytes troglodytes (Linnaeus, 1758)",5231438,Troglodytes troglodytes,Animalia,Aves,Passeriformes,Troglodytidae,Troglodytes,SPECIES,ACCEPTED,2015-01-17,2015,1,17,46.20292,6.077321,,CH,HUMAN_OBSERVATION,PRESENT,"['CONTINENT_DERIVED_FROM_COORDINATES', 'TAXON_CONCEPT_ID_NOT_FOUND']",
1346195484,4fa7b334-ce0d-4e88-aaae-2e0c138d049e,2026-07-18T18:05:15.094+00:00,"Fulica atra Linnaeus, 1758",2474377,Fulica atra,Animalia,Aves,Gruiformes,Rallidae,Fulica,SPECIES,ACCEPTED,2015-01-17,2015,1,17,46.20292,6.077321,,CH,HUMAN_OBSERVATION,PRESENT,"['CONTINENT_DERIVED_FROM_COORDINATES', 'TAXON_CONCEPT_ID_NOT_FOUND']",
1346195495,4fa7b334-ce0d-4e88-aaae-2e0c138d049e,2026-07-18T18:00:50.984+00:00,"Turdus merula Linnaeus, 1758",2490719,Turdus merula,Animalia,Aves,Passeriformes,Turdidae,Turdus,SPECIES,ACCEPTED,2015-01-17,2015,1,17,46.20292,6.077321,,CH,HUMAN_OBSERVATION,PRESENT,"['CONTINENT_DERIVED_FROM_COORDINATES', 'TAXON_CONCEPT_ID_NOT_FOUND']",
1346195502,4fa7b334-ce0d-4e88-aaae-2e0c138d049e,2026-07-18T18:05:28.517+00:00,"Mareca strepera (Linnaeus, 1758)",9362027,Mareca strepera,Animalia,Aves,Anseriformes,Anatidae,Mareca,SPECIES,ACCEPTED,2015-01-17,2015,1,17,46.20292,6.077321,,CH,HUMAN_OBSERVATION,PRESENT,"['CONTINENT_DERIVED_FROM_COORDINATES', 'TAXON_CONCEPT_ID_NOT_FOUND']",
1346195539,4fa7b334-ce0d-4e88-aaae-2e0c138d049e,2026-07-18T18:00:23.182+00:00,"Erithacus rubecula (Linnaeus, 1758)",2492462,Erithacus rubecula,Animalia,Aves,Passeriformes,Muscicapidae,Erithacus,SPECIES,ACCEPTED,2015-01-17,2015,1,17,46.20292,6.077321,,CH,HUMAN_OBSERVATION,PRESENT,"['CONTINENT_DERIVED_FROM_COORDINATES', 'TAXON_CONCEPT_ID_NOT_FOUND']",
1346195548,4fa7b334-ce0d-4e88-aaae-2e0c138d049e,2026-07-18T18:01:21.789+00:00,"Podiceps cristatus (Linnaeus, 1758)",2482054,Podiceps cristatus,Animalia,Aves,Podicipediformes,Podicipedidae,Podiceps,SPECIES,ACCEPTED,2015-01-17,2015,1,17,46.20292,6.077321,,CH,HUMAN_OBSERVATION,PRESENT,"['CONTINENT_DERIVED_FROM_COORDINATES', 'TAXON_CONCEPT_ID_NOT_FOUND']",
1346324960,4fa7b334-ce0d-4e88-aaae-2e0c138d049e,2026-07-18T17:58:53.234+00:00,"Ciconia ciconia (Linnaeus, 1758)",2481912,Ciconia ciconia,Animalia,Aves,Ciconiiformes,Ciconiidae,Ciconia,SPECIES,ACCEPTED,2015-01-17,2015,1,17,47.524635,7.545505,,CH,HUMAN_OBSERVATION,PRESENT,"['COORDINATE_ROUNDED', 'CONTINENT_DERIVED_FROM_COORDINATES', 'TAXON_CONCEPT_ID_NOT_FOUND']",
1346325992,4fa7b334-ce0d-4e88-aaae-2e0c138d049e,2026-07-18T18:05:12.155+00:00,"Erithacus rubecula (Linnaeus, 1758)",2492462,Erithacus rubecula,Animalia,Aves,Passeriformes,Muscicapidae,Erithacus,SPECIES,ACCEPTED,2015-01-18,2015,1,18,46.75687,7.415589,,CH,HUMAN_OBSERVATION,PRESENT,"['COORDINATE_ROUNDED', 'CONTINENT_DERIVED_FROM_COORDINATES', 'TAXON_CONCEPT_ID_NOT_FOUND']",
1346326018,4fa7b334-ce0d-4e88-aaae-2e0c138d049e,2026-07-18T18:00:15.123+00:00,"Fringilla coelebs Linnaeus, 1758",2494422,Fringilla coelebs,Animalia,Aves,Passeriformes,Fringillidae,Fringilla,SPECIES,ACCEPTED,2015-01-18,2015,1,18,46.75687,7.415589,,CH,HUMAN_OBSERVATION,PRESENT,"['COORDINATE_ROUNDED', 'CONTINENT_DERIVED_FROM_COORDINATES', 'TAXON_CONCEPT_ID_NOT_FOUND']",
1346326020,4fa7b334-ce0d-4e88-aaae-2e0c138d049e,2026-07-18T18:04:38.266+00:00,"Spinus spinus (Linnaeus, 1758)",6092830,Spinus spinus,Animalia,Aves,Passeriformes,Fringillidae,Spinus,SPECIES,ACCEPTED,2015-01-18,2015,1,18,46.75687,7.415589,,CH,HUMAN_OBSERVATION,PRESENT,"['COORDINATE_ROUNDED', 'CONTINENT_DERIVED_FROM_COORDINATES', 'TAXON_CONCEPT_ID_NOT_FOUND']",
1346326035,4fa7b334-ce0d-4e88-aaae-2e0c138d049e,2026-07-18T18:00:17.567+00:00,"Dryocopus martius (Linnaeus, 1758)",2477872,Dryocopus martius,Animalia,Aves,Piciformes,Picidae,Dryocopus,SPECIES,ACCEPTED,2015-01-18,2015,1,18,46.75687,7.415589,,CH,HUMAN_OBSERVATION,PRESENT,"['COORDINATE_ROUNDED', 'CONTINENT_DERIVED_FROM_COORDINATES', 'TAXON_CONCEPT_ID_NOT_FOUND']",
1346326052,4fa7b334-ce0d-4e88-aaae-2e0c138d049e,2026-07-18T18:04:47.874+00:00,"Pyrrhula pyrrhula (Linnaeus, 1758)",2494543,Pyrrhula pyrrhula,Animalia,Aves,Passeriformes,Fringillidae,Pyrrhula,SPECIES,ACCEPTED,2015-01-18,2015,1,18,46.75687,7.415589,,CH,HUMAN_OBSERVATION,PRESENT,"['COORDINATE_ROUNDED', 'CONTINENT_DERIVED_FROM_COORDINATES', 'TAXON_CONCEPT_ID_NOT_FOUND']",
1346326076,4fa7b334-ce0d-4e88-aaae-2e0c138d049e,2026-07-18T17:59:10.333+00:00,"Periparus ater (Linnaeus, 1758)",2487871,Periparus ater,Animalia,Aves,Passeriformes,Paridae,Periparus,SPECIES,ACCEPTED,2015-01-18,2015,1,18,46.75687,7.415589,,CH,HUMAN_OBSERVATION,PRESENT,"['COORDINATE_ROUNDED', 'CONTINENT_DERIVED_FROM_COORDINATES', 'TAXON_CONCEPT_ID_NOT_FOUND']",
1346326083,4fa7b334-ce0d-4e88-aaae-2e0c138d049e,2026-07-18T17:59:45.710+00:00,"Cyanistes caeruleus (Linnaeus, 1758)",2487879,Cyanistes caeruleus,Animalia,Aves,Passeriformes,Paridae,Cyanistes,SPECIES,ACCEPTED,2015-01-18,2015,1,18,46.75687,7.415589,,CH,HUMAN_OBSERVATION,PRESENT,"['COORDINATE_ROUNDED', 'CONTINENT_DERIVED_FROM_COORDINATES', 'TAXON_CONCEPT_ID_NOT_FOUND']",
1346326181,4fa7b334-ce0d-4e88-aaae-2e0c138d049e,2026-07-18T18:02:14.655+00:00,"Chroicocephalus ridibundus (Linnaeus, 1766)",6065824,Chroicocephalus ridibundus,Animalia,Aves,Charadriiformes,Laridae,Chroicocephalus,SPECIES,ACCEPTED,2015-01-18,2015,1,18,46.210243,6.1546,,CH,HUMAN_OBSERVATION,PRESENT,"['CONTINENT_DERIVED_FROM_COORDINATES', 'TAXON_CONCEPT_ID_NOT_FOUND']",
1346327101,4fa7b334-ce0d-4e88-aaae-2e0c138d049e,2026-07-18T18:01:58.703+00:00,"Parus major Linnaeus, 1758",9705453,Parus major,Animalia,Aves,Passeriformes,Paridae,Parus,SPECIES,ACCEPTED,2015-01-18,2015,1,18,46.75687,7.415589,,CH,HUMAN_OBSERVATION,PRESENT,"['COORDINATE_ROUNDED', 'CONTINENT_DERIVED_FROM_COORDINATES', 'TAXON_CONCEPT_ID_NOT_FOUND']",
1346327119,4fa7b334-ce0d-4e88-aaae-2e0c138d049e,2026-07-18T18:05:50.498+00:00,"Loxia curvirostra Linnaeus, 1758",9629160,Loxia curvirostra,Animalia,Aves,Passeriformes,Fringillidae,Loxia,SPECIES,ACCEPTED,2015-01-18,2015,1,18,46.75687,7.415589,,CH,HUMAN_OBSERVATION,PRESENT,"['COORDINATE_ROUNDED', 'CONTINENT_DERIVED_FROM_COORDINATES', 'TAXON_CONCEPT_ID_NOT_FOUND']",
1346327126,4fa7b334-ce0d-4e88-aaae-2e0c138d049e,2026-07-18T18:03:00.472+00:00,"Aythya fuligula (Linnaeus, 1758)",2498261,Aythya fuligula,Animalia,Aves,Anseriformes,Anatidae,Aythya,SPECIES,ACCEPTED,2015-01-18,2015,1,18,46.210243,6.1546,,CH,HUMAN_OBSERVATION,PRESENT,"['CONTINENT_DERIVED_FROM_COORDINATES', 'TAXON_CONCEPT_ID_NOT_FOUND']",
1346327174,4fa7b334-ce0d-4e88-aaae-2e0c138d049e,2026-07-18T18:02:42.831+00:00,"Mergus serrator Linnaeus, 1758",2498375,Mergus serrator,Animalia,Aves,Anseriformes,Anatidae,Mergus,SPECIES,ACCEPTED,2015-01-18,2015,1,18,46.210243,6.1546,,CH,HUMAN_OBSERVATION,PRESENT,"['CONTINENT_DERIVED_FROM_COORDINATES', 'TAXON_CONCEPT_ID_NOT_FOUND']",
1346327177,4fa7b334-ce0d-4e88-aaae-2e0c138d049e,2026-07-18T18:04:36.649+00:00,"Cygnus olor (J.F.Gmelin, 1789)",2498343,Cygnus olor,Animalia,Aves,Anseriformes,Anatidae,Cygnus,SPECIES,ACCEPTED,2015-01-18,2015,1,18,46.210243,6.1546,,CH,HUMAN_OBSERVATION,PRESENT,"['CONTINENT_DERIVED_FROM_COORDINATES', 'TAXON_CONCEPT_ID_NOT_FOUND']",
1346327179,4fa7b334-ce0d-4e88-aaae-2e0c138d049e,2026-07-18T17:58:54.479+00:00,"Fulica atra Linnaeus, 1758",2474377,Fulica atra,Animalia,Aves,Gruiformes,Rallidae,Fulica,SPECIES,ACCEPTED,2015-01-18,2015,1,18,46.210243,6.1546,,CH,HUMAN_OBSERVATION,PRESENT,"['CONTINENT_DERIVED_FROM_COORDINATES', 'TAXON_CONCEPT_ID_NOT_FOUND']",
1346327184,4fa7b334-ce0d-4e88-aaae-2e0c138d049e,2026-07-18T18:05:31.263+00:00,"Gallinula chloropus (Linnaeus, 1758)",5228199,Gallinula chloropus,Animalia,Aves,Gruiformes,Rallidae,Gallinula,SPECIES,ACCEPTED,2015-01-18,2015,1,18,46.210243,6.1546,,CH,HUMAN_OBSERVATION,PRESENT,"['CONTINENT_DERIVED_FROM_COORDINATES', 'TAXON_CONCEPT_ID_NOT_FOUND']",
1346327185,4fa7b334-ce0d-4e88-aaae-2e0c138d049e,2026-07-18T18:01:42.359+00:00,"Mergus merganser Linnaeus, 1758",9537647,Mergus merganser,Animalia,Aves,Anseriformes,Anatidae,Mergus,SPECIES,ACCEPTED,2015-01-18,2015,1,18,46.210243,6.1546,,CH,HUMAN_OBSERVATION,PRESENT,"['CONTINENT_DERIVED_FROM_COORDINATES', 'TAXON_CONCEPT_ID_NOT_FOUND']",
1346327194,4fa7b334-ce0d-4e88-aaae-2e0c138d049e,2026-07-18T18:04:54.112+00:00,"Anas platyrhynchos Linnaeus, 1758",9761484,Anas platyrhynchos,Animalia,Aves,Anseriformes,Anatidae,Anas,SPECIES,ACCEPTED,2015-01-18,2015,1,18,46.210243,6.1546,,CH,HUMAN_OBSERVATION,PRESENT,"['CONTINENT_DERIVED_FROM_COORDINATES', 'TAXON_CONCEPT_ID_NOT_FOUND']",
1346327229,4fa7b334-ce0d-4e88-aaae-2e0c138d049e,2026-07-18T18:01:18.002+00:00,"Netta rufina (Pallas, 1773)",2498180,Netta rufina,Animalia,Aves,Anseriformes,Anatidae,Netta,SPECIES,ACCEPTED,2015-01-18,2015,1,18,46.210243,6.1546,,CH,HUMAN_OBSERVATION,PRESENT,"['CONTINENT_DERIVED_FROM_COORDINATES', 'TAXON_CONCEPT_ID_NOT_FOUND']",
1346327238,4fa7b334-ce0d-4e88-aaae-2e0c138d049e,2026-07-18T18:01:54.316+00:00,"Tachybaptus ruficollis (Pallas, 1764)",2482048,Tachybaptus ruficollis,Animalia,Aves,Podicipediformes,Podicipedidae,Tachybaptus,SPECIES,ACCEPTED,2015-01-18,2015,1,18,46.210243,6.1546,,CH,HUMAN_OBSERVATION,PRESENT,"['CONTINENT_DERIVED_FROM_COORDINATES', 'TAXON_CONCEPT_ID_NOT_FOUND']",
1346327239,4fa7b334-ce0d-4e88-aaae-2e0c138d049e,2026-07-18T18:04:40.291+00:00,"Passer domesticus (Linnaeus, 1758)",5231190,Passer domesticus,Animalia,Aves,Passeriformes,Passeridae,Passer,SPECIES,ACCEPTED,2015-01-18,2015,1,18,46.210243,6.1546,,CH,HUMAN_OBSERVATION,PRESENT,"['CONTINENT_DERIVED_FROM_COORDINATES', 'TAXON_CONCEPT_ID_NOT_FOUND']",
1346327261,4fa7b334-ce0d-4e88-aaae-2e0c138d049e,2026-07-18T18:01:15.698+00:00,"Larus canus Linnaeus, 1758",7982160,Larus canus,Animalia,Aves,Charadriiformes,Laridae,Larus,SPECIES,ACCEPTED,2015-01-18,2015,1,18,46.210243,6.1546,,CH,HUMAN_OBSERVATION,PRESENT,"['CONTINENT_DERIVED_FROM_COORDINATES', 'TAXON_CONCEPT_ID_NOT_FOUND']",
1346327265,4fa7b334-ce0d-4e88-aaae-2e0c138d049e,2026-07-18T18:01:03.895+00:00,"Podiceps cristatus (Linnaeus, 1758)",2482054,Podiceps cristatus,Animalia,Aves,Podicipediformes,Podicipedidae,Podiceps,SPECIES,ACCEPTED,2015-01-18,2015,1,18,46.210243,6.1546,,CH,HUMAN_OBSERVATION,PRESENT,"['CONTINENT_DERIVED_FROM_COORDINATES', 'TAXON_CONCEPT_ID_NOT_FOUND']",
1346327266,4fa7b334-ce0d-4e88-aaae-2e0c138d049e,2026-07-18T18:00:05.295+00:00,"Corvus corone Linnaeus, 1758",9409796,Corvus corone,Animalia,Aves,Passeriformes,Corvidae,Corvus,SPECIES,ACCEPTED,2015-01-18,2015,1,18,46.210243,6.1546,,CH,HUMAN_OBSERVATION,PRESENT,"['CONTINENT_DERIVED_FROM_COORDINATES', 'TAXON_CONCEPT_ID_NOT_FOUND']",
1346327274,4fa7b334-ce0d-4e88-aaae-2e0c138d049e,2026-07-18T18:06:05.136+00:00,"Aythya ferina (Linnaeus, 1758)",2498255,Aythya ferina,Animalia,Aves,Anseriformes,Anatidae,Aythya,SPECIES,ACCEPTED,2015-01-18,2015,1,18,46.210243,6.1546,,CH,HUMAN_OBSERVATION,PRESENT,"['CONTINENT_DERIVED_FROM_COORDINATES', 'TAXON_CONCEPT_ID_NOT_FOUND']",
1346327337,4fa7b334-ce0d-4e88-aaae-2e0c138d049e,2026-07-18T18:02:02.570+00:00,"Columba palumbus Linnaeus, 1758",2495455,Columba palumbus,Animalia,Aves,Columbiformes,Columbidae,Columba,SPECIES,ACCEPTED,2015-01-18,2015,1,18,46.210243,6.1546,,CH,HUMAN_OBSERVATION,PRESENT,"['CONTINENT_DERIVED_FROM_COORDINATES', 'TAXON_CONCEPT_ID_NOT_FOUND']",
1346330433,4fa7b334-ce0d-4e88-aaae-2e0c138d049e,2026-07-18T18:01:38.638+00:00,"Aquila chrysaetos (Linnaeus, 1758)",2480506,Aquila chrysaetos,Animalia,Aves,Accipitriformes,Accipitridae,Aquila,SPECIES,ACCEPTED,2015-01-15,2015,1,15,46.76175,7.416018,,CH,HUMAN_OBSERVATION,PRESENT,"['CONTINENT_DERIVED_FROM_COORDINATES', 'TAXON_CONCEPT_ID_NOT_FOUND']",
1346332743,4fa7b334-ce0d-4e88-aaae-2e0c138d049e,2026-07-18T17:59:17.364+00:00,"Ciconia ciconia (Linnaeus, 1758)",2481912,Ciconia ciconia,Animalia,Aves,Ciconiiformes,Ciconiidae,Ciconia,SPECIES,ACCEPTED,2015-01-17,2015,1,17,47.485645,7.550676,,CH,HUMAN_OBSERVATION,PRESENT,"['CONTINENT_DERIVED_FROM_COORDINATES', 'TAXON_CONCEPT_ID_NOT_FOUND']",
1346332754,4fa7b334-ce0d-4e88-aaae-2e0c138d049e,2026-07-18T18:02:02.753+00:00,"Ciconia ciconia (Linnaeus, 1758)",2481912,Ciconia ciconia,Animalia,Aves,Ciconiiformes,Ciconiidae,Ciconia,SPECIES,ACCEPTED,2015-01-17,2015,1,17,47.524635,7.545505,,CH,HUMAN_OBSERVATION,PRESENT,"['COORDINATE_ROUNDED', 'CONTINENT_DERIVED_FROM_COORDINATES', 'TAXON_CONCEPT_ID_NOT_FOUND']",
1346333815,4fa7b334-ce0d-4e88-aaae-2e0c138d049e,2026-07-18T17:59:44.214+00:00,"Aquila chrysaetos (Linnaeus, 1758)",2480506,Aquila chrysaetos,Animalia,Aves,Accipitriformes,Accipitridae,Aquila,SPECIES,ACCEPTED,2015-01-15,2015,1,15,46.76175,7.416018,,CH,HUMAN_OBSERVATION,PRESENT,"['CONTINENT_DERIVED_FROM_COORDINATES', 'TAXON_CONCEPT_ID_NOT_FOUND']",
1346333836,4fa7b334-ce0d-4e88-aaae-2e0c138d049e,2026-07-18T18:00:28.063+00:00,"Ciconia ciconia (Linnaeus, 1758)",2481912,Ciconia ciconia,Animalia,Aves,Ciconiiformes,Ciconiidae,Ciconia,SPECIES,ACCEPTED,2015-01-17,2015,1,17,47.485645,7.550676,,CH,HUMAN_OBSERVATION,PRESENT,"['CONTINENT_DERIVED_FROM_COORDINATES', 'TAXON_CONCEPT_ID_NOT_FOUND']",
1346333860,4fa7b334-ce0d-4e88-aaae-2e0c138d049e,2026-07-18T18:02:46.008+00:00,"Garrulus glandarius (Linnaeus, 1758)",5229493,Garrulus glandarius,Animalia,Aves,Passeriformes,Corvidae,Garrulus,SPECIES,ACCEPTED,2015-01-14,2015,1,14,46.76175,7.416018,,CH,HUMAN_OBSERVATION,PRESENT,"['CONTINENT_DERIVED_FROM_COORDINATES', 'TAXON_CONCEPT_ID_NOT_FOUND']",
1346334825,4fa7b334-ce0d-4e88-aaae-2e0c138d049e,2026-07-18T18:01:39.614+00:00,"Cyanistes caeruleus (Linnaeus, 1758)",2487879,Cyanistes caeruleus,Animalia,Aves,Passeriformes,Paridae,Cyanistes,SPECIES,ACCEPTED,2015-01-18,2015,1,18,46.75687,7.415589,,CH,HUMAN_OBSERVATION,PRESENT,"['COORDINATE_ROUNDED', 'CONTINENT_DERIVED_FROM_COORDINATES', 'TAXON_CONCEPT_ID_NOT_FOUND']",
1346334847,4fa7b334-ce0d-4e88-aaae-2e0c138d049e,2026-07-18T18:02:24.069+00:00,"Pyrrhula pyrrhula (Linnaeus, 1758)",2494543,Pyrrhula pyrrhula,Animalia,Aves,Passeriformes,Fringillidae,Pyrrhula,SPECIES,ACCEPTED,2015-01-18,2015,1,18,46.75687,7.415589,,CH,HUMAN_OBSERVATION,PRESENT,"['COORDINATE_ROUNDED', 'CONTINENT_DERIVED_FROM_COORDINATES', 'TAXON_CONCEPT_ID_NOT_FOUND']",
1346334855,4fa7b334-ce0d-4e88-aaae-2e0c138d049e,2026-07-18T18:04:29.218+00:00,"Periparus ater (Linnaeus, 1758)",2487871,Periparus ater,Animalia,Aves,Passeriformes,Paridae,Periparus,SPECIES,ACCEPTED,2015-01-18,2015,1,18,46.75687,7.415589,,CH,HUMAN_OBSERVATION,PRESENT,"['COORDINATE_ROUNDED', 'CONTINENT_DERIVED_FROM_COORDINATES', 'TAXON_CONCEPT_ID_NOT_FOUND']",
1346334859,4fa7b334-ce0d-4e88-aaae-2e0c138d049e,2026-07-18T18:03:21.524+00:00,"Dryocopus martius (Linnaeus, 1758)",2477872,Dryocopus martius,Animalia,Aves,Piciformes,Picidae,Dryocopus,SPECIES,ACCEPTED,2015-01-18,2015,1,18,46.75687,7.415589,,CH,HUMAN_OBSERVATION,PRESENT,"['COORDINATE_ROUNDED', 'CONTINENT_DERIVED_FROM_COORDINATES', 'TAXON_CONCEPT_ID_NOT_FOUND']",
1346334863,4fa7b334-ce0d-4e88-aaae-2e0c138d049e,2026-07-18T18:01:01.246+00:00,"Loxia curvirostra Linnaeus, 1758",9629160,Loxia curvirostra,Animalia,Aves,Passeriformes,Fringillidae,Loxia,SPECIES,ACCEPTED,2015-01-18,2015,1,18,46.75687,7.415589,,CH,HUMAN_OBSERVATION,PRESENT,"['COORDINATE_ROUNDED', 'CONTINENT_DERIVED_FROM_COORDINATES', 'TAXON_CONCEPT_ID_NOT_FOUND']",
1346334901,4fa7b334-ce0d-4e88-aaae-2e0c138d049e,2026-07-18T17:59:55.616+00:00,"Spinus spinus (Linnaeus, 1758)",6092830,Spinus spinus,Animalia,Aves,Passeriformes,Fringillidae,Spinus,SPECIES,ACCEPTED,2015-01-18,2015,1,18,46.75687,7.415589,,CH,HUMAN_OBSERVATION,PRESENT,"['COORDINATE_ROUNDED', 'CONTINENT_DERIVED_FROM_COORDINATES', 'TAXON_CONCEPT_ID_NOT_FOUND']",
1346334909,4fa7b334-ce0d-4e88-aaae-2e0c138d049e,2026-07-18T18:04:34.055+00:00,"Parus major Linnaeus, 1758",9705453,Parus major,Animalia,Aves,Passeriformes,Paridae,Parus,SPECIES,ACCEPTED,2015-01-18,2015,1,18,46.75687,7.415589,,CH,HUMAN_OBSERVATION,PRESENT,"['COORDINATE_ROUNDED', 'CONTINENT_DERIVED_FROM_COORDINATES', 'TAXON_CONCEPT_ID_NOT_FOUND']",
1346334925,4fa7b334-ce0d-4e88-aaae-2e0c138d049e,2026-07-18T18:02:35.193+00:00,"Erithacus rubecula (Linnaeus, 1758)",2492462,Erithacus rubecula,Animalia,Aves,Passeriformes,Muscicapidae,Erithacus,SPECIES,ACCEPTED,2015-01-18,2015,1,18,46.75687,7.415589,,CH,HUMAN_OBSERVATION,PRESENT,"['COORDINATE_ROUNDED', 'CONTINENT_DERIVED_FROM_COORDINATES', 'TAXON_CONCEPT_ID_NOT_FOUND']",
1346334955,4fa7b334-ce0d-4e88-aaae-2e0c138d049e,2026-07-18T18:04:04.198+00:00,"Fringilla coelebs Linnaeus, 1758",2494422,Fringilla coelebs,Animalia,Aves,Passeriformes,Fringillidae,Fringilla,SPECIES,ACCEPTED,2015-01-18,2015,1,18,46.75687,7.415589,,CH,HUMAN_OBSERVATION,PRESENT,"['COORDINATE_ROUNDED', 'CONTINENT_DERIVED_FROM_COORDINATES', 'TAXON_CONCEPT_ID_NOT_FOUND']",
1346335871,4fa7b334-ce0d-4e88-aaae-2e0c138d049e,2026-07-18T18:01:24.146+00:00,"Garrulus glandarius (Linnaeus, 1758)",5229493,Garrulus glandarius,Animalia,Aves,Passeriformes,Corvidae,Garrulus,SPECIES,ACCEPTED,2015-01-14,2015,1,14,46.76175,7.416018,,CH,HUMAN_OBSERVATION,PRESENT,"['CONTINENT_DERIVED_FROM_COORDINATES', 'TAXON_CONCEPT_ID_NOT_FOUND']",
1346363215,4fa7b334-ce0d-4e88-aaae-2e0c138d049e,2026-07-18T18:04:22.477+00:00,"Gallinago gallinago (Linnaeus, 1758)",2481819,Gallinago gallinago,Animalia,Aves,Charadriiformes,Scolopacidae,Gallinago,SPECIES,ACCEPTED,2015-01-18,2015,1,18,46.232445,6.236501,,CH,HUMAN_OBSERVATION,PRESENT,"['COORDINATE_ROUNDED', 'CONTINENT_DERIVED_FROM_COORDINATES', 'TAXON_CONCEPT_ID_NOT_FOUND']",
1346363268,4fa7b334-ce0d-4e88-aaae-2e0c138d049e,2026-07-18T17:58:52.866+00:00,"Carduelis carduelis (Linnaeus, 1758)",2494686,Carduelis carduelis,Animalia,Aves,Passeriformes,Fringillidae,Carduelis,SPECIES,ACCEPTED,2015-01-18,2015,1,18,46.232445,6.236501,,CH,HUMAN_OBSERVATION,PRESENT,"['COORDINATE_ROUNDED', 'CONTINENT_DERIVED_FROM_COORDINATES', 'TAXON_CONCEPT_ID_NOT_FOUND']",
1346363270,4fa7b334-ce0d-4e88-aaae-2e0c138d049e,2026-07-18T18:04:28.504+00:00,"Alcedo atthis (Linnaeus, 1758)",2475532,Alcedo atthis,Animalia,Aves,Coraciiformes,Alcedinidae,Alcedo,SPECIES,ACCEPTED,2015-01-18,2015,1,18,46.232445,6.236501,,CH,HUMAN_OBSERVATION,PRESENT,"['COORDINATE_ROUNDED', 'CONTINENT_DERIVED_FROM_COORDINATES', 'TAXON_CONCEPT_ID_NOT_FOUND']",
1346363291,4fa7b334-ce0d-4e88-aaae-2e0c138d049e,2026-07-18T18:04:09.045+00:00,"Fulica atra Linnaeus, 1758",2474377,Fulica atra,Animalia,Aves,Gruiformes,Rallidae,Fulica,SPECIES,ACCEPTED,2015-01-18,2015,1,18,46.232445,6.236501,,CH,HUMAN_OBSERVATION,PRESENT,"['COORDINATE_ROUNDED', 'CONTINENT_DERIVED_FROM_COORDINATES', 'TAXON_CONCEPT_ID_NOT_FOUND']",
1346363306,4fa7b334-ce0d-4e88-aaae-2e0c138d049e,2026-07-18T18:06:23.279+00:00,"Falco tinnunculus Linnaeus, 1758",9616058,Falco tinnunculus,Animalia,Aves,Falconiformes,Falconidae,Falco,SPECIES,ACCEPTED,2015-01-18,2015,1,18,46.232445,6.236501,,CH,HUMAN_OBSERVATION,PRESENT,"['COORDINATE_ROUNDED', 'CONTINENT_DERIVED_FROM_COORDINATES', 'TAXON_CONCEPT_ID_NOT_FOUND']",
1346363307,4fa7b334-ce0d-4e88-aaae-2e0c138d049e,2026-07-18T17:59:33.461+00:00,"Turdus merula Linnaeus, 1758",2490719,Turdus merula,Animalia,Aves,Passeriformes,Turdidae,Turdus,SPECIES,ACCEPTED,2015-01-18,2015,1,18,46.232445,6.236501,,CH,HUMAN_OBSERVATION,PRESENT,"['COORDINATE_ROUNDED', 'CONTINENT_DERIVED_FROM_COORDINATES', 'TAXON_CONCEPT_ID_NOT_FOUND']",
